variance,skewness,curtosis,entropy,class,var_entropy_ratio,magnitude,bucket_curtosis,abs_skewness,curtosis_minus_skewness,prediction
3.6216,8.6661,-2.8073,-0.44699,0,-8.102194679970468,9.813154901462628,low,8.6661,-11.4734,No
4.5459,8.1674,-2.4586,-1.4621,0,-3.109158060324191,9.775176721676187,low,8.1674,-10.626000000000001,No
3.866,-2.6383,1.9242,0.10645,0,36.317519962423674,5.061665746816951,medium,2.6383,4.5625,No
3.4566,9.5228,-4.0112,-3.5944,0,-0.9616625862452705,11.473501653810837,low,9.5228,-13.533999999999999,No
0.32924,-4.4552,4.5718,-0.9888,0,-0.3329692556634304,6.468097610395192,high,4.4552,9.027,No
4.3684,9.6718,-3.9606,-3.1625,0,-1.3813122529644268,11.760713941338764,low,9.6718,-13.632399999999999,No
3.5912,3.0129,0.72888,0.56421,0,6.365005937505539,4.777434753976238,medium,3.0129,-2.28402,No
2.0922,-6.81,8.4636,-0.60216,0,-3.474491829414109,11.079193222685486,high,6.81,15.273599999999998,No
3.2032,5.7588,-0.75345,-0.61251,0,-5.229628904017893,6.660865040113033,low,5.7588,-6.51225,No
1.5356,9.1772,-2.2718,-0.73535,0,-2.0882572924457743,9.606293877583592,low,9.1772,-11.448999999999998,No
1.2247,8.7779,-2.2135,-0.80647,0,-1.5185933760710255,9.170681251188485,low,8.7779,-10.9914,No
3.9899,-2.7066,2.3946,0.86291,0,4.623773047015332,5.451945377395118,high,2.7066,5.1012,No
1.8993,7.6625,0.15394,-3.1108,0,-0.6105503407483606,8.486578869226397,medium,7.6625,-7.508559999999999,No
-1.5768,10.843,2.5462,-2.9362,0,0.5370206389210544,11.625891454851967,high,10.843,-8.296800000000001,No
3.404,8.7261,-2.9915,-0.57242,0,-5.946682505852346,9.849303229995511,low,8.7261,-11.717600000000001,No
4.6765,-3.3895,3.4896,1.4771,0,3.1660009478031275,6.907785105951111,high,3.3895,6.879099999999999,No
2.6719,3.0646,0.37158,0.58619,0,4.558078438731469,4.124622792753296,medium,3.0646,-2.6930199999999997,No
0.80355,2.8473,4.3439,0.6017,0,1.3354661791590494,5.2900207932011005,high,2.8473,1.4965999999999995,No
1.4479,-4.8794,8.3428,-2.1086,0,-0.6866641373423124,9.997672957743719,high,4.8794,13.2222,No
5.2423,11.0272,-4.353,-4.1013,0,-1.278204471752859,13.595959687348298,low,11.0272,-15.3802,No
5.7867,7.8902,-2.6196,-0.48708,0,-11.880389258438038,10.141040578579696,low,7.8902,-10.5098,No
0.3292,-4.4552,4.5718,-0.9888,0,-0.33292880258899676,6.468095574433018,high,4.4552,9.027,No
3.9362,10.1622,-3.8235,-4.0172,0,-0.9798367021806234,12.22787910350769,low,10.1622,-13.985700000000001,No
0.93584,8.8855,-1.6831,-1.6599,0,-0.5637929995782879,9.242077708805526,low,8.8855,-10.5686,No
4.4338,9.887,-4.6795,-3.7483,0,-1.1828829069178026,12.383813006501674,low,9.887,-14.566500000000001,No
0.7057,-5.4981,8.3368,-2.8715,0,-0.24576005572000695,10.415126623810199,high,5.4981,13.834900000000001,No
1.1432,-3.7413,5.5777,-0.63578,0,-1.7981062631727955,6.842454634734526,high,3.7413,9.318999999999999,No
-0.38214,8.3909,2.1624,-3.7405,0,0.1021628124582275,9.445662909483909,high,8.3909,-6.2285,No
6.5633,9.8187,-4.4113,-3.2258,0,-2.0346270692541384,13.01342114549437,low,9.8187,-14.23,No
4.8906,-3.3584,3.4202,1.0905,0,4.484731774415406,6.934246693765661,high,3.3584,6.7786,No
-0.24811,-0.17797,4.9068,0.15429,0,-1.6080757016008813,4.918711572871497,high,0.17797,5.08477,No
1.4884,3.6274,3.308,0.48921,0,3.0424562049017805,5.153208296207325,high,3.6274,-0.31940000000000035,No
4.2969,7.617,-2.3874,-0.96164,0,-4.468304147082068,9.116274944274114,low,7.617,-10.0044,No
-0.96511,9.4111,1.7305,-4.8629,0,0.19846387957802958,10.776950736739034,medium,9.4111,-7.680599999999999,No
-1.6162,0.80908,8.1628,0.60817,0,-2.657480638637223,8.382594316516816,high,0.80908,7.353720000000001,No
2.4391,6.4417,-0.80743,-0.69139,0,-3.527820766860961,6.969553144714516,low,6.4417,-7.24913,No
2.6881,6.0195,-0.46641,-0.69268,0,-3.8807241439048337,6.6451189402824085,medium,6.0195,-6.48591,No
3.6289,0.81322,1.6277,0.77627,0,4.674790987671815,4.133067188094092,medium,0.81322,0.8144799999999999,No
4.5679,3.1929,-2.1055,0.29653,0,15.40451219100934,5.965013085559829,low,3.1929,-5.2984,No
3.4805,9.7008,-3.7541,-3.4379,0,-1.0123912853777015,11.494860769491728,low,9.7008,-13.454899999999999,No
4.1711,8.722,-3.0224,-0.59699,0,-6.9868842024154505,10.147051691506256,low,8.722,-11.744399999999999,No
-0.2062,9.2207,-3.7044,-6.8103,0,0.03027766765047061,12.048509965136768,low,9.2207,-12.9251,No
-0.0068919,9.2931,-0.41243,-1.9638,0,0.0035094714329361445,9.507279529559737,medium,9.2931,-9.705530000000001,No
0.96441,5.8395,2.3235,0.066365,0,14.531906878625783,6.358687243553106,high,5.8395,-3.516,No
2.8561,6.9176,-0.79372,0.48403,0,5.900667314009462,7.541536544319068,low,6.9176,-7.711320000000001,No
-0.7869,9.5663,-3.7867,-7.5034,0,0.10487245781912201,12.758268524764636,low,9.5663,-13.353,No
2.0843,6.6258,0.48382,-2.2134,0,-0.9416734435709767,7.3060764766323105,medium,6.6258,-6.14198,No
-0.7869,9.5663,-3.7867,-7.5034,0,0.10487245781912201,12.758268524764636,low,9.5663,-13.353,No
3.9102,6.065,-2.4534,-0.68234,0,-5.730574200545183,7.65236228073397,low,6.065,-8.5184,No
1.6349,3.286,2.8753,0.087054,0,18.78029728674156,4.663220185549466,high,3.286,-0.41069999999999984,No
4.3239,-4.8835,3.4356,-0.5776,0,-7.485976454293629,7.394704360554248,high,4.8835,8.319099999999999,No
5.262,3.9834,-1.5572,1.0103,0,5.208353954271009,6.855778401465438,low,3.9834,-5.5405999999999995,No
3.1452,5.825,-0.51439,-1.4944,0,-2.1046573875803,6.805933916230748,medium,5.825,-6.33939,No
2.549,6.1499,-1.1605,-1.2371,0,-2.060463988359874,6.8699234107812295,low,6.1499,-7.3104,No
4.9264,5.496,-2.4774,-0.50648,0,-9.726741431053545,7.801888598948334,low,5.496,-7.9734,No
4.8265,0.80287,1.6371,1.1875,0,4.064421052631579,5.294332360827001,medium,0.80287,0.83423,No
2.5635,6.7769,-0.61979,0.38576,0,6.645323517212774,7.2822287990490935,medium,6.7769,-7.39669,No
5.807,5.0097,-2.2384,0.43878,0,13.234422717534985,8.001331485346673,low,5.0097,-7.248099999999999,No
3.1377,-4.1096,4.5701,0.98963,0,3.1705789032264584,6.9713094176704,high,4.1096,8.6797,No
-0.78289,11.3603,-0.37644,-7.0495,0,0.11105610326973543,13.398003215617617,medium,11.3603,-11.736740000000001,No
2.888,0.44696,4.5907,-0.24398,0,-11.83703582260841,5.447418652169117,high,0.44696,4.14374,No
0.49665,5.527,1.7785,-0.47156,0,-1.0532063788277208,5.846351110402112,medium,5.527,-3.7485,No
4.2586,11.2962,-4.0943,-4.3457,0,-0.9799571990703455,13.46804400720461,low,11.2962,-15.3905,No
1.7939,-1.1174,1.5454,-0.26079,0,-6.878714674642432,2.6311466234514564,medium,1.1174,2.6628,No
5.4021,3.1039,-1.1536,1.5651,0,3.45160053670692,6.526653858601665,low,3.1039,-4.2575,No
2.5367,2.599,2.0938,0.20085,0,12.629823251182476,4.19690207802136,medium,2.599,-0.5052000000000003,No
4.6054,-4.0765,2.7587,0.31981,0,14.40042525249367,6.748352801691684,high,4.0765,6.8352,No
2.4235,9.5332,-3.0789,-2.7746,0,-0.8734592373675486,10.67395357213062,low,9.5332,-12.612100000000002,No
1.0009,7.7846,-0.28219,-2.6608,0,-0.3761650631389055,8.292242507675473,medium,7.7846,-8.066790000000001,No
0.12326,8.9848,-0.9351,-2.4332,0,-0.050657570277823444,9.356104868886412,low,8.9848,-9.9199,No
3.9529,-2.3548,2.3792,0.48274,0,8.18846584082529,5.202319866905532,high,2.3548,4.734,No
4.1373,0.49248,1.093,1.8276,0,2.263788575180565,4.679162168636603,medium,0.49248,0.6005199999999999,No
4.7181,10.0153,-3.9486,-3.8582,0,-1.2228759525167177,12.371089317436844,low,10.0153,-13.963899999999999,No
4.1654,-3.4495,3.643,1.0879,0,3.8288445629193855,6.610944170086448,high,3.4495,7.092499999999999,No
4.4069,10.9072,-4.5775,-4.4271,0,-0.9954371936482121,13.376864360155558,low,10.9072,-15.4847,No
2.3066,3.5364,0.57551,0.41938,0,5.500023844723163,4.28177765238925,medium,3.5364,-2.96089,No
3.7935,7.9853,-2.5477,-1.872,0,-2.0264423076923075,9.388866685069077,low,7.9853,-10.533,No
0.049175,6.1437,1.7828,-0.72113,0,-0.06819158820184988,6.437846859589393,medium,6.1437,-4.3609,No
0.24835,7.6439,0.9885,-0.87371,0,-0.2842476336541873,7.760888244692099,medium,7.6439,-6.6554,No
1.1317,3.9647,3.3979,0.84351,0,1.3416557005844625,5.408957802580826,high,3.9647,-0.5668000000000002,No
2.8033,9.0862,-3.3668,-1.0224,0,-2.741881846635368,10.138943008519183,low,9.0862,-12.453,No
4.4682,2.2907,0.95766,0.83058,0,5.379614245467024,5.17871543358003,medium,2.2907,-1.3330400000000002,No
5.0185,8.5978,-2.9375,-1.281,0,-3.9176424668227954,10.45836384622375,low,8.5978,-11.5353,No
1.8664,7.7763,-0.23849,-2.9634,0,-0.6298171019774583,8.531875977186964,medium,7.7763,-8.01479,No
3.245,6.63,-0.63435,0.86937,0,3.7325879659983667,7.4595662822579705,medium,6.63,-7.26435,No
4.0296,2.6756,0.80685,0.71679,0,5.621730213870172,4.95593647523856,medium,2.6756,-1.8687500000000004,No
-1.1313,1.9037,7.5339,1.022,0,-1.1069471624266145,7.918841240358339,high,1.9037,5.6302,No
0.87603,6.8141,0.84198,-0.17156,0,-5.10626020051294,6.923709303899175,medium,6.8141,-5.97212,No
4.1197,-2.7956,2.0707,0.67412,0,6.111226487865661,5.434109284362986,medium,2.7956,4.8663,No
3.8027,0.81529,2.1041,1.0245,0,3.711761835041484,4.538949452692771,medium,0.81529,1.2888099999999998,No
1.4806,7.6377,-2.7876,-1.0341,0,-1.4317764239435256,8.328668214066399,low,7.6377,-10.4253,No
4.0632,3.584,0.72545,0.39481,0,10.291532635951471,5.480584173115125,medium,3.584,-2.85855,No
4.3064,8.2068,-2.7824,-1.4336,0,-3.00390625,9.782310868092466,low,8.2068,-10.9892,No
2.4486,-6.3175,7.9632,0.20602,0,11.885253858848655,10.457602339465772,high,6.3175,14.2807,No
3.2718,1.7837,2.1161,0.61334,0,5.334398539146314,4.329009828540471,medium,1.7837,0.3323999999999998,No
-0.64472,-4.6062,8.347,-2.7099,0,0.23791283811210742,9.932205662812263,high,4.6062,12.953199999999999,No
2.9543,1.076,0.64577,0.89394,0,3.3048079289437773,3.3319381906782124,medium,1.076,-0.4302300000000001,No
2.1616,-6.8804,8.1517,-0.081048,0,-26.670614944230582,10.884355763585827,high,6.8804,15.0321,No
3.82,10.9279,-4.0112,-5.0284,0,-0.7596849892609975,13.243335320454587,low,10.9279,-14.9391,No
-2.7419,11.4038,2.5394,-5.5793,0,0.4914415786926675,13.23411541811541,high,11.4038,-8.8644,No
3.3669,-5.1856,3.6935,-1.1427,0,-2.946442635862431,7.292062020443875,high,5.1856,8.8791,No
4.5597,-2.4211,2.6413,1.6168,0,2.820200395843642,6.020224018257128,high,2.4211,5.0624,No
5.1129,-0.49871,0.62863,1.1189,0,4.56957726338368,5.295051554139959,medium,0.49871,1.12734,No
3.3397,-4.6145,3.9823,-0.23751,0,-14.061302681992338,6.954303029786665,high,4.6145,8.5968,No
4.2027,0.22761,0.96108,0.97282,0,4.320120885672581,4.425443155312245,medium,0.22761,0.7334700000000001,No
3.5438,1.2395,1.997,2.1547,0,1.6446837146702558,4.767139580503176,medium,1.2395,0.7575000000000001,No
2.3136,10.6651,-3.5288,-4.7672,0,-0.4853163282429938,12.420778085530713,low,10.6651,-14.193900000000001,No
-1.8584,7.886,-1.6643,-1.8384,0,1.0108790252393385,8.473031075713106,low,7.886,-9.5503,No
3.106,9.5414,-4.2536,-4.003,0,-0.7759180614539095,11.610455284785345,low,9.5414,-13.794999999999998,No
2.9163,10.8306,-3.3437,-4.122,0,-0.7074963609898108,12.408783813895704,low,10.8306,-14.1743,No
3.9922,-4.4676,3.7304,-0.1095,0,-36.458447488584476,7.0586815348193745,high,4.4676,8.198,No
1.518,5.6946,0.094818,-0.026738,0,-56.77313187224175,5.894276760873042,medium,5.6946,-5.599782,No
3.2351,9.647,-3.2074,-2.5948,0,-1.2467627562817942,10.979566603923855,low,9.647,-12.8544,No
4.2188,6.8162,-1.2804,0.76076,0,5.545507124454493,8.153345069209324,low,6.8162,-8.0966,No
1.7819,6.9176,-1.2744,-1.5759,0,-1.130718954248366,7.425356122099465,low,6.9176,-8.192,No
2.5331,2.9135,-0.822,-0.12243,0,-20.690190312831824,3.949145599354372,low,2.9135,-3.7355,No
3.8969,7.4163,-1.8245,0.14007,0,27.821089455272364,8.57529912917911,low,7.4163,-9.2408,No
2.108,6.7955,-0.1708,0.4905,0,4.297655453618757,7.133880230281413,medium,6.7955,-6.9662999999999995,No
2.8969,0.70768,2.29,1.8663,0,1.5522156137812784,4.197620311843366,high,0.70768,1.5823200000000002,No
0.9297,-3.7971,4.6429,-0.2957,0,-3.144064930672979,6.076698890022444,high,3.7971,8.44,No
3.4642,10.6878,-3.4071,-4.109,0,-0.8430761742516427,12.43872830678442,low,10.6878,-14.094899999999999,No
4.0713,10.4023,-4.1722,-4.7582,0,-0.8556386868984068,12.838654487912665,low,10.4023,-14.5745,No
-1.4572,9.1214,1.7425,-5.1241,0,0.2843816475088308,10.705889821028421,medium,9.1214,-7.3789,No
-1.5075,1.9224,7.1466,0.89136,0,-1.6912358642972536,7.605037292452944,high,1.9224,5.2242,No
-0.91718,9.9884,1.1804,-5.2263,0,0.17549317873065073,11.371759299352059,medium,9.9884,-8.808,No
2.994,7.2011,-1.2153,0.3211,0,9.32419806913734,7.899363044575177,low,7.2011,-8.4164,No
-2.343,12.9516,3.3285,-5.9426,0,0.3942718675327298,14.81981776439913,high,12.9516,-9.623099999999999,No
3.7818,-2.8846,2.2558,-0.15734,0,-24.03584593873141,5.266528070332484,high,2.8846,5.1404,No
4.6689,1.3098,0.055404,1.909,0,2.4457307490832894,5.211674764719687,medium,1.3098,-1.254396,No
3.4663,1.1112,1.7425,1.3388,0,2.589109650433224,4.251904610877342,medium,1.1112,0.6313,No
3.2697,-4.3414,3.6884,-0.29829,0,-10.961480438499446,6.575101788877492,high,4.3414,8.0298,No
5.1302,8.6703,-2.8913,-1.5086,0,-3.4006363515842506,10.589076625466452,low,8.6703,-11.561599999999999,No
2.0139,6.1416,0.37929,0.56938,0,3.537005163511188,6.499469075124522,medium,6.1416,-5.76231,No
0.4339,5.5395,2.033,-0.40432,0,-1.0731598733676295,5.930505300764851,medium,5.5395,-3.5065000000000004,No
-1.0401,9.3987,0.85998,-5.3336,0,0.19500899955002252,10.890556655212809,medium,9.3987,-8.53872,No
4.1605,11.2196,-3.6136,-4.0819,0,-1.019255738749112,13.149494172020457,low,11.2196,-14.8332,No
5.438,9.4669,-4.9417,-3.9202,0,-1.3871741237691955,12.608822567551659,low,9.4669,-14.4086,No
5.032,8.2026,-2.6256,-1.0341,0,-4.866067111497921,10.028300400865543,low,8.2026,-10.8282,No
5.2418,10.5388,-4.1174,-4.2797,0,-1.2248054770194172,13.183762267653343,low,10.5388,-14.6562,No
-0.2062,9.2207,-3.7044,-6.8103,0,0.03027766765047061,12.048509965136768,low,9.2207,-12.9251,No
2.0911,0.94358,4.5512,1.234,0,1.6945705024311184,5.2439698575029965,high,0.94358,3.60762,No
1.7317,-0.34765,4.1905,-0.99138,0,-1.746757045734229,4.654328089735403,high,0.34765,4.53815,No
4.1736,3.3336,-1.4244,0.60429,0,6.906617683562529,5.5611066959823745,low,3.3336,-4.758,No
3.9232,-3.2467,3.4579,0.83705,0,4.686936264261394,6.212107874345069,high,3.2467,6.7046,No
3.8481,10.1539,-3.8561,-4.2228,0,-0.9112674055129297,12.272371648137128,low,10.1539,-14.01,No
0.5195,-3.2633,3.0895,-0.9849,0,-0.5274647172301756,4.629691717598484,high,3.2633,6.3528,No
3.8584,0.78425,1.1033,1.7008,0,2.268579492003763,4.428576537952122,medium,0.78425,0.31904999999999994,No
1.7496,-0.1759,5.1827,1.2922,0,1.3539699736882835,5.623362081530941,high,0.1759,5.3586,No
3.6277,0.9829,0.68861,0.63403,0,5.721653549516584,3.8733031733908976,medium,0.9829,-0.29428999999999994,No
2.7391,7.4018,0.071684,-2.5302,0,-1.082562643269307,8.288326893037944,medium,7.4018,-7.330115999999999,No
4.5447,8.2274,-2.4166,-1.5875,0,-2.8628031496062993,9.833845669929948,low,8.2274,-10.643999999999998,No
-1.7599,11.9211,2.6756,-3.3241,0,0.5294365392136218,12.783518662324546,high,11.9211,-9.2455,No
5.0691,0.21313,0.20278,1.2095,0,4.19107069036792,5.219694357460022,medium,0.21313,-0.010349999999999998,No
3.4591,11.112,-4.2039,-5.0931,0,-0.6791737841393257,13.381119520802436,low,11.112,-15.3159,No
1.9358,8.1654,-0.023425,-2.2586,0,-0.8570796068360932,8.690391331270703,medium,8.1654,-8.188825,No
2.486,-0.99533,5.3404,-0.15475,0,-16.064620355411957,5.976177501664421,high,0.99533,6.33573,No
2.4226,-4.5752,5.947,0.21507,0,11.264239549913981,7.887617504982097,high,4.5752,10.5222,No
3.9479,-3.7723,2.883,0.019813,0,199.25806288800283,6.174807143139695,high,3.7723,6.6553,No
2.2634,-4.4862,3.6558,-0.61251,0,-3.6952866075655906,6.244118203565656,high,4.4862,8.142,No
1.3566,4.2358,2.1341,0.3211,0,4.224852071005917,4.943667992493023,high,4.2358,-2.1017,No
5.0452,3.8964,-1.4304,0.86291,0,5.846727932229318,6.589888756883534,low,3.8964,-5.3267999999999995,No
3.5499,8.6165,-3.2794,-1.2009,0,-2.9560329752685486,9.952009215731264,low,8.6165,-11.895900000000001,No
0.17346,7.8695,0.26876,-3.7883,0,-0.04578834833566507,8.739712091894104,medium,7.8695,-7.60074,No
2.4008,9.3593,-3.3565,-3.3526,0,-0.7161009365865298,10.764123565808783,low,9.3593,-12.7158,No
4.8851,1.5995,-0.00029081,1.6401,0,2.9785378940308522,5.395602872207188,medium,1.5995,-1.59979081,No
4.1927,-3.2674,2.5839,0.21766,0,19.262611412294405,5.9142667453878,high,3.2674,5.8513,No
1.1166,8.6496,-0.96252,-1.8112,0,-0.6164973498233216,8.959311687311697,low,8.6496,-9.612119999999999,No
1.0235,6.901,-2.0062,-2.7125,0,-0.3773271889400922,7.749441782476981,low,6.901,-8.9072,No
-1.803,11.8818,2.0458,-5.2728,0,0.3419435593991807,13.282157118480416,medium,11.8818,-9.836,No
0.11739,6.2761,-1.5495,-2.4746,0,-0.04743796977289259,6.922991191103741,low,6.2761,-7.8256,No
0.5706,-0.0248,1.2421,-0.5621,0,-1.0151218644369329,1.4781638001250064,medium,0.0248,1.2669,No
4.0552,-2.4583,2.2806,1.0323,0,3.92831541218638,5.362337697310754,high,2.4583,4.7389,No
-1.6952,1.0657,8.8294,0.94955,0,-1.785266705281449,9.10326145359453,high,1.0657,7.7637,No
-1.1193,10.7271,2.0938,-5.6504,0,0.1980921704658077,12.354534612845601,medium,10.7271,-8.6333,No
1.8799,2.4707,2.4931,0.37671,0,4.990310849194341,3.9994800329667854,high,2.4707,0.022400000000000198,No
3.583,-3.7971,3.4391,-0.12501,0,-28.661707063434925,6.252910819778258,high,3.7971,7.2362,No
0.19081,9.1297,-3.725,-5.8224,0,-0.03277170926078593,11.452676425451825,low,9.1297,-12.8547,No
3.6582,5.6864,-1.7157,-0.23751,0,-15.402298850574713,6.979800118205391,low,5.6864,-7.4021,No
-0.13144,-1.7775,8.3316,0.35214,0,-0.37326063497472595,8.527387868696955,high,1.7775,10.1091,No
2.3925,9.798,-3.0361,-2.8224,0,-0.8476828231292517,10.904526822379777,low,9.798,-12.8341,No
1.6426,3.0149,0.22849,-0.147,0,-11.174149659863946,3.444063508430122,medium,3.0149,-2.78641,No
-0.11783,-1.5789,8.03,-0.028031,0,4.203560343904963,8.184649953166048,high,1.5789,9.608899999999998,No
-0.69572,8.6165,1.8419,-4.3289,0,0.160715193236157,9.841751337460218,medium,8.6165,-6.7746,No
2.9421,7.4101,-0.97709,-0.88406,0,-3.327941542429247,8.080952998978523,low,7.4101,-8.38719,No
-1.7559,11.9459,3.0946,-4.8978,0,0.35850790150679895,13.392262901391982,high,11.9459,-8.8513,No
-1.2537,10.8803,1.931,-4.3237,0,0.28995998797326367,11.932134531172535,medium,10.8803,-8.949300000000001,No
3.2585,-4.4614,3.8024,-0.15087,0,-21.59806455889176,6.708421552563614,high,4.4614,8.2638,No
1.8314,6.3672,-0.036278,0.049554,0,36.957662348145455,6.625634572793764,medium,6.3672,-6.403478000000001,No
4.5645,-3.6275,2.8684,0.27714,0,16.47001515479541,6.503686772869678,high,3.6275,6.4959,No
2.7365,-5.0325,6.6608,-0.57889,0,-4.727150235796092,8.804309102484988,high,5.0325,11.6933,No
0.9297,-3.7971,4.6429,-0.2957,0,-3.144064930672979,6.076698890022444,high,3.7971,8.44,No
3.9663,10.1684,-4.1131,-4.6056,0,-0.8611907243355914,12.540216793181846,low,10.1684,-14.281500000000001,No
1.4578,-0.08485,4.1785,0.59136,0,2.4651650432900434,4.465640968786004,high,0.08485,4.26335,No
4.8272,3.0687,0.68604,0.80731,0,5.979363565420966,5.817317238014445,medium,3.0687,-2.3826600000000004,No
-2.341,12.3784,0.70403,-7.5836,0,0.3086924415844718,14.721131572025977,medium,12.3784,-11.67437,No
-1.8584,7.886,-1.6643,-1.8384,0,1.0108790252393385,8.473031075713106,low,7.886,-9.5503,No
4.1454,7.257,-1.9153,-0.86078,0,-4.815864680870838,8.61729113227585,low,7.257,-9.1723,No
1.9157,6.0816,0.23705,-2.0116,0,-0.9523265062636707,6.6901787952565215,medium,6.0816,-5.84455,No
4.0215,-2.1914,2.4648,1.1409,0,3.524848803576124,5.324620931108617,high,2.1914,4.6562,No
5.8862,5.8747,-2.8167,-0.30087,0,-19.563931265995276,8.785429538554162,low,5.8747,-8.6914,No
-2.0897,10.8265,2.3603,-3.4198,0,0.6110591262646938,11.783293108040722,high,10.8265,-8.466199999999999,No
4.0026,-3.5943,3.5573,0.26809,0,14.930060800477452,6.454924847595052,high,3.5943,7.1516,No
-0.78689,9.5663,-3.7867,-7.5034,0,0.10487112508995922,12.758267907992057,low,9.5663,-13.353,No
4.1757,10.2615,-3.8552,-4.3056,0,-0.969829988851728,12.495423607865401,low,10.2615,-14.1167,No
0.83292,7.5404,0.65005,-0.92544,0,-0.9000259336099584,7.670097266821328,medium,7.5404,-6.89035,No
4.8077,2.2327,-0.26334,1.5534,0,3.0949530063087423,5.53003870651915,medium,2.2327,-2.49604,No
5.3063,5.2684,-2.8904,-0.52716,0,-10.065824417634117,8.034000751530957,low,5.2684,-8.1588,No
2.5605,9.2683,-3.5913,-1.356,0,-1.888274336283186,10.35343985494676,low,9.2683,-12.8596,No
2.1059,7.6046,-0.47755,-1.8461,0,-1.140729104598884,8.11793663331391,medium,7.6046,-8.08215,No
2.1721,-0.73874,5.4672,-0.72371,0,-3.0013403158723797,5.97308858143758,high,0.73874,6.20594,No
4.2899,9.1814,-4.6067,-4.3263,0,-0.9915863439890901,11.943194905468134,low,9.1814,-13.7881,No
3.5156,10.1891,-4.2759,-4.978,0,-0.7062274005624749,12.619073142667808,low,10.1891,-14.465,No
2.614,8.0081,-3.7258,-1.3069,0,-2.0001530338970084,9.30334535852561,low,8.0081,-11.7339,No
0.68087,2.3259,4.9085,0.54998,0,1.2379904723808137,5.501749268850772,high,2.3259,2.5826000000000002,No
4.1962,0.74493,0.83256,0.753,0,5.572642762284197,4.407173731372522,medium,0.74493,0.08762999999999999,No
6.0919,2.9673,-1.3267,1.4551,0,4.186585114425125,7.056455469993416,low,2.9673,-4.294,No
1.3234,3.2964,0.2362,-0.11984,0,-11.04305740987984,3.5619927829236264,medium,3.2964,-3.0602,No
1.3264,1.0326,5.6566,-0.41337,0,-3.208747611099015,5.915538693720125,high,1.0326,4.6240000000000006,No
-0.16735,7.6274,1.2061,-3.6241,0,0.04617698187136117,8.53194085788808,medium,7.6274,-6.4213,No
-1.3,10.2678,-2.953,-5.8638,0,0.22169923940107097,12.256511586907589,low,10.2678,-13.220799999999999,No
-2.2261,12.5398,2.9438,-3.5258,0,0.6313744398434399,13.538808268455536,high,12.5398,-9.596,No
2.4196,6.4665,-0.75688,0.228,0,10.612280701754386,6.949455931538814,low,6.4665,-7.22338,No
1.0987,0.6394,5.989,-0.58277,0,-1.8853063815913653,6.150098854725832,high,0.6394,5.3496,No
4.6464,10.5326,-4.5852,-4.206,0,-1.1047075606276746,13.085839321954095,low,10.5326,-15.1178,No
-0.36038,4.1158,3.1143,-0.37199,0,0.9687894835882684,5.187188490357758,high,4.1158,-1.0015,No
1.3562,3.2136,4.3465,0.78662,0,1.7240853270956753,5.628262313929584,high,3.2136,1.1328999999999998,No
0.5706,-0.0248,1.2421,-0.5621,0,-1.0151218644369329,1.4781638001250064,medium,0.0248,1.2669,No
-2.6479,10.1374,-1.331,-5.4707,0,0.48401484270751455,11.894468153725915,low,10.1374,-11.468399999999999,No
3.1219,-3.137,1.9259,-0.37458,0,-8.334401196006194,4.841118630688572,medium,3.137,5.0629,No
5.4944,1.5478,0.041694,1.9284,0,2.849201410495748,6.025328302228519,medium,1.5478,-1.5061060000000002,No
-1.3389,1.552,7.0806,1.031,0,-1.2986420950533464,7.443064864019391,high,1.552,5.528599999999999,No
-2.3361,11.9604,3.0835,-5.4435,0,0.42915403692477266,13.698474216860797,high,11.9604,-8.8769,No
2.2596,-0.033118,4.7355,-0.2776,0,-8.139769452449567,5.254418233441643,high,0.033118,4.768618,No
0.46901,-0.63321,7.3848,0.36507,0,1.2847125208864052,7.435689102504219,high,0.63321,8.01801,No
2.7296,2.8701,0.51124,0.5099,0,5.353206511080604,4.026109104035806,medium,2.8701,-2.35886,No
2.0466,2.03,2.1761,-0.083634,0,-24.470908960470624,3.6127382158075054,high,2.03,0.14610000000000012,No
-1.3274,9.498,2.4408,-5.2689,0,0.2519311431228529,11.211280328758175,high,9.498,-7.0572,No
3.8905,-2.1521,2.6302,1.1047,0,3.5217706164569567,5.282597731230346,high,2.1521,4.782299999999999,No
3.9994,0.90427,1.1693,1.6892,0,2.3676296471702583,4.586236335264462,medium,0.90427,0.26503,No
2.3952,9.5083,-3.1783,-3.0086,0,-0.796117795652463,10.737691408305604,low,9.5083,-12.6866,No
3.2704,6.9321,-1.0456,0.23447,0,13.948053055828037,7.739365743450816,low,6.9321,-7.9777000000000005,No
-1.3931,1.5664,7.5382,0.78403,0,-1.7768452737777891,7.8634279325813115,high,1.5664,5.9718,No
1.6406,3.5488,1.3964,-0.36424,0,-4.504173072699319,4.167511672161219,medium,3.5488,-2.1524,No
2.7744,6.8576,-1.0671,0.075416,0,36.78794950673597,7.474514238601462,low,6.8576,-7.9247,No
2.4287,9.3821,-3.2477,-1.4543,0,-1.6700130647046691,10.32399766950768,low,9.3821,-12.6298,No
4.2134,-2.806,2.0116,0.67412,0,6.250222512312347,5.488838483176564,medium,2.806,4.8176000000000005,No
1.6472,0.48213,4.7449,1.225,0,1.3446530612244898,5.19234226403653,high,0.48213,4.262770000000001,No
2.0597,-0.99326,5.2119,-0.29312,0,-7.026814956331878,5.6990131129871955,high,0.99326,6.20516,No
0.3798,0.7098,0.7572,-0.4444,0,-0.8546354635463547,1.1911789454150035,medium,0.7098,0.0474,No
1.0135,8.4551,-1.672,-2.0815,0,-0.4869084794619265,8.924355691589168,low,8.4551,-10.1271,No
4.5691,-4.4552,3.1769,0.0042961,0,1063.546006843416,7.128688092242163,high,4.4552,7.632099999999999,No
0.57461,10.1105,-1.6917,-4.3922,0,-0.13082509903920586,11.167168693634927,low,10.1105,-11.8022,No
0.5734,9.1938,-0.9094,-1.872,0,-0.30630341880341877,9.443841292609697,low,9.1938,-10.1032,No
5.2868,3.257,-1.3721,1.1668,0,4.531025025711347,6.465476308053414,low,3.257,-4.6291,No
4.0102,10.6568,-4.1388,-5.0646,0,-0.7918098171622635,13.131219626523654,low,10.6568,-14.7956,No
4.1425,-3.6792,3.8281,1.6297,0,2.541878873412285,6.928714930634684,high,3.6792,7.5073,No
3.0934,-2.9177,2.2232,0.22283,0,13.882331822465556,4.803578697065345,high,2.9177,5.1409,No
2.2034,5.9947,0.53009,0.84998,0,2.5922962893244548,6.4648945125578035,medium,5.9947,-5.46461,No
3.744,0.79459,0.95851,1.0077,0,3.715391485561179,4.07223648358,medium,0.79459,0.16391999999999995,No
3.0329,2.2948,2.1135,0.35084,0,8.644681336221641,4.365152964742473,medium,2.2948,-0.1812999999999998,No
3.7731,7.2073,-1.6814,-0.94742,0,-3.982499841675286,8.360990821451725,low,7.2073,-8.8887,No
3.1557,2.8908,0.59693,0.79825,0,3.9532727842154713,4.394166088963866,medium,2.8908,-2.29387,No
1.8114,7.6067,-0.9788,-2.4668,0,-0.7343116588292524,8.257493961850654,low,7.6067,-8.5855,No
4.988,7.2052,-3.2846,-1.1608,0,-4.297036526533425,9.430328988958975,low,7.2052,-10.489799999999999,No
2.483,6.6155,-0.79287,-0.90863,0,-2.732685471534068,7.168289933017498,low,6.6155,-7.40837,No
1.594,4.7055,1.3758,0.081882,0,19.46703793263477,5.155782826295537,medium,4.7055,-3.3297,No
-0.016103,9.7484,0.15394,-1.6134,0,0.009980785917937276,9.88222236899216,medium,9.7484,-9.59446,No
3.8496,9.7939,-4.1508,-4.4582,0,-0.8634875061684089,12.159135875957634,low,9.7939,-13.944700000000001,No
0.9297,-3.7971,4.6429,-0.2957,0,-3.144064930672979,6.076698890022444,high,3.7971,8.44,No
4.9342,2.4107,-0.17594,1.6245,0,3.0373653431825174,5.729551401602048,medium,2.4107,-2.58664,No
3.8417,10.0215,-4.2699,-4.9159,0,-0.7814845704753962,12.553375640042004,low,10.0215,-14.2914,No
5.3915,9.9946,-3.8081,-3.3642,0,-1.6026098329469116,12.441051750555497,low,9.9946,-13.8027,No
4.4072,-0.070365,2.0416,1.1319,0,3.893630179344465,4.987754128184848,medium,0.070365,2.1119649999999996,No
2.6946,6.7976,-0.40301,0.44912,0,5.999732810830067,7.337053956084826,medium,6.7976,-7.20061,No
5.2756,0.13863,0.12138,1.1435,0,4.613554875382597,5.401249761981018,medium,0.13863,-0.01725,No
3.4312,6.2637,-1.9513,-0.36165,0,-9.48762615788746,7.412518704360887,low,6.2637,-8.215,No
4.052,-0.16555,0.45383,0.51248,0,7.906650015610364,4.112749472287365,medium,0.16555,0.61938,No
1.3638,-4.7759,8.4182,-1.8836,0,-0.7240390741133998,9.954055025465752,high,4.7759,13.1941,No
0.89566,7.7763,-2.7473,-1.9353,0,-0.4628016328217847,8.518573349194101,low,7.7763,-10.5236,No
1.9265,7.7557,-0.16823,-3.0771,0,-0.6260765006012154,8.564994482362495,medium,7.7557,-7.92393,No
0.20977,-0.46146,7.7267,0.90946,0,0.23065335473797638,7.796535074384005,high,0.46146,8.18816,No
4.068,-2.9363,2.1992,0.50084,0,8.122354444533185,5.500709321133048,high,2.9363,5.1355,No
2.877,-4.0599,3.6259,-0.32544,0,-8.840339233038348,6.16546665010849,high,4.0599,7.6858,No
0.3223,-0.89808,8.0883,0.69222,0,0.46560342087775564,8.1737500814987,high,0.89808,8.98638,No
-1.3,10.2678,-2.953,-5.8638,0,0.22169923940107097,12.256511586907589,low,10.2678,-13.220799999999999,No
1.7747,-6.4334,8.15,-0.89828,0,-1.9756646034643985,10.572019797957248,high,6.4334,14.583400000000001,No
1.3419,-4.4221,8.09,-1.7349,0,-0.7734739754452706,9.477005963383162,high,4.4221,12.5121,No
0.89606,10.5471,-1.4175,-4.0327,0,-0.22219852704143625,11.415612882083906,low,10.5471,-11.9646,No
0.44125,2.9487,4.3225,0.7155,0,0.616701607267645,5.299573544399586,high,2.9487,1.3737999999999997,No
3.2422,6.2265,0.12224,-1.4466,0,-2.241255357389741,7.168595208797885,medium,6.2265,-6.10426,No
2.5678,3.5136,0.61406,-0.40691,0,-6.310486348332556,4.413799636560318,medium,3.5136,-2.89954,No
-2.2153,11.9625,0.078538,-7.7853,0,0.2845490860981593,14.443892295619072,medium,11.9625,-11.883962,No
4.1349,6.1189,-2.4294,-0.19613,0,-21.08244531688166,7.77681082172506,low,6.1189,-8.5483,No
1.934,-9.2828e-06,4.816,-0.33967,0,-5.693761592133541,5.200921813389062,high,9.2828e-06,4.8160092828,No
2.5068,1.1588,3.9249,0.12585,0,19.91895113230036,4.80078555160507,high,1.1588,2.7661,No
2.1464,6.0795,-0.5778,-2.2302,0,-0.9624248946282844,6.846531829327897,medium,6.0795,-6.6573,No
0.051979,7.0521,-2.0541,-3.1508,0,-0.016497080106639583,7.992601808950637,low,7.0521,-9.106200000000001,No
1.2706,8.035,-0.19651,-2.1888,0,-0.580500730994152,8.426453048590492,medium,8.035,-8.23151,No
1.143,0.83391,5.4552,-0.56984,0,-2.0058261968271793,5.664431088264734,high,0.83391,4.621289999999999,No
2.2928,9.0386,-3.2417,-1.2991,0,-1.7649141713493959,9.957384269977734,low,9.0386,-12.2803,No
0.3292,-4.4552,4.5718,-0.9888,0,-0.33292880258899676,6.468095574433018,high,4.4552,9.027,No
2.9719,6.8369,-0.2702,0.71291,0,4.168688894811407,7.493773410512223,medium,6.8369,-7.1071,No
1.6849,8.7489,-1.2641,-1.3858,0,-1.21583201039111,9.104972798970902,low,8.7489,-10.013000000000002,No
-1.9177,11.6894,2.5454,-3.2763,0,0.5853249091963495,12.551209045346985,high,11.6894,-9.143999999999998,No
2.3729,10.4726,-3.0087,-3.2013,0,-0.7412301252616125,11.602008556711205,low,10.4726,-13.481300000000001,No
1.0284,9.767,-1.3687,-1.7853,0,-0.57603764073265,10.075342740572152,low,9.767,-11.1357,No
0.27451,9.2186,-3.2863,-4.8448,0,-0.056660749669749,10.923817850463271,low,9.2186,-12.504900000000001,No
1.6032,-4.7863,8.5193,-2.1203,0,-0.7561194170636231,10.126848597169802,high,4.7863,13.305599999999998,No
4.616,10.1788,-4.2185,-4.4245,0,-1.043281726748785,12.739205938362094,low,10.1788,-14.397300000000001,No
4.2478,7.6956,-2.7696,-1.0767,0,-3.9452029348936564,9.278794708904815,low,7.6956,-10.4652,No
4.0215,-2.7004,2.4957,0.36636,0,10.97690795938421,5.4614430830687954,high,2.7004,5.1960999999999995,No
5.0297,-4.9704,3.5025,-0.23751,0,-21.1767925561029,7.894724536049374,high,4.9704,8.4729,No
1.5902,2.2948,3.2403,0.18404,0,8.64051293197131,4.281151467958124,high,2.2948,0.9455,No
2.1274,5.1939,-1.7971,-1.1763,0,-1.808552240074811,6.009632107708425,low,5.1939,-6.991,No
1.1811,8.3847,-2.0567,-0.90345,0,-1.3073219325917318,8.760389722637916,low,8.3847,-10.441400000000002,No
0.3292,-4.4552,4.5718,-0.9888,0,-0.33292880258899676,6.468095574433018,high,4.4552,9.027,No
5.7353,5.2808,-2.2598,0.075416,0,76.04884905059934,8.11744407698975,low,5.2808,-7.5405999999999995,No
2.6718,5.6574,0.72974,-1.4892,0,-1.7941176470588236,6.472629072301301,medium,5.6574,-4.9276599999999995,No
1.5799,-4.7076,7.9186,-1.5487,0,-1.0201459288435464,9.47419017225219,high,4.7076,12.6262,No
2.9499,2.2493,1.3458,-0.037083,0,-79.54858021195696,3.946367100117398,medium,2.2493,-0.9034999999999997,No
0.5195,-3.2633,3.0895,-0.9849,0,-0.5274647172301756,4.629691717598484,high,3.2633,6.3528,No
3.7352,9.5911,-3.9032,-3.3487,0,-1.1154179233732493,11.50607144858748,low,9.5911,-13.4943,No
-1.7344,2.0175,7.7618,0.93532,0,-1.8543386220758669,8.258257222465284,high,2.0175,5.7443,No
3.884,10.0277,-3.9298,-4.0819,0,-0.9515176755922486,12.15505898545951,low,10.0277,-13.9575,No
3.5257,1.2829,1.9276,1.7991,0,1.9597020732588517,4.585716462015505,medium,1.2829,0.6447,No
4.4549,2.4976,1.0313,0.96894,0,4.597704708237869,5.2996758564651865,medium,2.4976,-1.4662999999999997,No
-0.16108,-6.4624,8.3573,-1.5216,0,0.10586225026288118,10.674656452382905,high,6.4624,14.819700000000001,No
4.2164,9.4607,-4.9288,-5.2366,0,-0.8051789328953901,12.609437832433292,low,9.4607,-14.389499999999998,No
3.5152,6.8224,-0.67377,-0.46898,0,-7.495415582754062,7.718528425373583,low,6.8224,-7.49617,No
1.6988,2.9094,2.9044,0.11033,0,15.39744403154174,4.449521532580779,high,2.9094,-0.0050000000000003375,No
1.0607,2.4542,2.5188,-0.17027,0,-6.2295178246314675,3.677162961156332,high,2.4542,0.06459999999999999,No
2.0421,1.2436,4.2171,0.90429,0,2.258235742958564,4.931367577467736,high,1.2436,2.9735000000000005,No
3.5594,1.3078,1.291,1.6556,0,2.149915438511718,4.33443901329803,medium,1.3078,-0.016800000000000148,No
3.0009,5.8126,-2.2306,-0.66553,0,-4.509037909635929,6.943358417286262,low,5.8126,-8.043199999999999,No
3.9294,1.4112,1.8076,0.89782,0,4.376601100443296,4.637366527718076,medium,1.4112,0.3964000000000001,No
3.4667,-4.0724,4.2882,1.5418,0,2.2484758074977296,7.026254843798366,high,4.0724,8.3606,No
3.966,3.9213,0.70574,0.33662,0,11.781831144911177,5.63179648620225,medium,3.9213,-3.21556,No
1.0191,2.33,4.9334,0.82929,0,1.2288825380747386,5.611917878417324,high,2.33,2.6033999999999997,No
0.96414,5.616,2.2138,-0.12501,0,-7.7125029997600185,6.114373220510831,high,5.616,-3.4021999999999997,No
1.8205,6.7562,0.0099913,0.39481,0,4.611078746738937,7.008311740510384,medium,6.7562,-6.7462086999999995,No
4.9923,7.8653,-2.3515,-0.71984,0,-6.9352911758168485,9.635025960297149,low,7.8653,-10.216800000000001,No
-1.1804,11.5093,0.15565,-6.8194,0,0.1730944071325923,13.430777115733102,medium,11.5093,-11.35365,No
4.0329,0.23175,0.89082,1.1823,0,3.4110631819335193,4.302253367120537,medium,0.23175,0.6590699999999999,No
0.66018,10.3878,-1.4029,-3.9151,0,-0.168624045362826,11.208851988156503,low,10.3878,-11.790700000000001,No
3.5982,7.1307,-1.3035,0.21248,0,16.93429969879518,8.095565806687016,low,7.1307,-8.4342,No
-1.8584,7.886,-1.6643,-1.8384,0,1.0108790252393385,8.473031075713106,low,7.886,-9.5503,No
4.0972,0.46972,1.6671,0.91593,0,4.473267607786621,4.541567448943151,medium,0.46972,1.1973799999999999,No
3.3299,0.91254,1.5806,0.39352,0,8.461831673104289,3.817606267283204,medium,0.91254,0.66806,No
3.1088,3.1122,0.80857,0.4336,0,7.169741697416974,4.493575490063564,medium,3.1122,-2.30363,No
-4.2859,8.5234,3.1392,-0.91639,0,4.676938857909842,10.085218571855545,high,8.5234,-5.3842,No
-1.2528,10.2036,2.1787,-5.6038,0,0.22356258253328098,11.909335368944818,high,10.2036,-8.024899999999999,No
0.5195,-3.2633,3.0895,-0.9849,0,-0.5274647172301756,4.629691717598484,high,3.2633,6.3528,No
0.3292,-4.4552,4.5718,-0.9888,0,-0.33292880258899676,6.468095574433018,high,4.4552,9.027,No
0.88872,5.3449,2.045,-0.19355,0,-4.591681735985533,5.794589359989197,medium,5.3449,-3.2999,No
3.5458,9.3718,-4.0351,-3.9564,0,-0.8962187847538166,11.50384569828716,low,9.3718,-13.4069,No
-0.21661,8.0329,1.8848,-3.8853,0,0.055751164646230665,9.122632812521832,medium,8.0329,-6.1480999999999995,No
2.7206,9.0821,-3.3111,-0.96811,0,-2.810217847145469,10.088945680897485,low,9.0821,-12.3932,No
3.2051,8.6889,-2.9033,-0.7819,0,-4.099117534211536,9.73705128465492,low,8.6889,-11.5922,No
2.6917,10.8161,-3.3,-4.2888,0,-0.6276114530871106,12.390200706203268,low,10.8161,-14.1161,No
-2.3242,11.5176,1.8231,-5.375,0,0.43240930232558134,13.048805846130135,medium,11.5176,-9.6945,No
2.7161,-4.2006,4.1914,0.16981,0,15.994935516165127,6.528315936449461,high,4.2006,8.392,No
3.3848,3.2674,0.90967,0.25128,0,13.47023241006049,4.7982720793323095,medium,3.2674,-2.35773,No
1.7452,4.8028,2.0878,0.62627,0,2.7866575119357466,5.55551382258203,medium,4.8028,-2.7150000000000003,No
2.805,0.57732,1.3424,1.2133,0,2.3118766999093383,3.3875445432348195,medium,0.57732,0.76508,No
5.7823,5.5788,-2.4089,-0.056479,0,-102.37964553196764,8.388324732474358,low,5.5788,-7.9877,No
3.8999,1.734,1.6011,0.96765,0,4.030279543223273,4.6600261525553694,medium,1.734,-0.13290000000000002,No
3.5189,6.332,-1.7791,-0.020273,0,-173.5756918068367,7.459389319141949,low,6.332,-8.1111,No
3.2294,7.7391,-0.37816,-2.5405,0,-1.271167093091911,8.770395567225004,medium,7.7391,-8.11726,No
3.4985,3.1639,0.22677,-0.1651,0,-21.190187764990913,4.725298731604172,medium,3.1639,-2.93713,No
2.1948,1.3781,1.1582,0.85774,0,2.558817357241122,2.9653754901529754,medium,1.3781,-0.2199000000000002,No
2.2526,9.9636,-3.1749,-2.9944,0,-0.7522709056906225,11.108283084707555,low,9.9636,-13.1385,No
4.1529,-3.9358,2.8633,-0.017686,0,-234.81284631912246,6.398116889725913,high,3.9358,6.7991,No
0.74307,11.17,-1.3824,-4.0728,0,-0.1824469652327637,11.992488591818631,low,11.17,-12.5524,No
1.9105,8.871,-2.3386,-0.75604,0,-2.526982699328078,9.401345525593664,low,8.871,-11.2096,No
-1.5055,0.070346,6.8681,-0.50648,0,2.972476701942821,7.049737471006704,high,0.070346,6.797754,No
0.58836,10.7727,-1.3884,-4.3276,0,-0.13595526388760512,11.706964128227268,low,10.7727,-12.161100000000001,No
3.2303,7.8384,-3.5348,-1.2151,0,-2.658464323923957,9.265345740985602,low,7.8384,-11.3732,No
-1.9922,11.6542,2.6542,-5.2107,0,0.38232866985241903,13.190352937279577,high,11.6542,-9.0,No
2.8523,9.0096,-3.761,-3.3371,0,-0.854724161697282,10.704665565070215,low,9.0096,-12.770600000000002,No
4.2772,2.4955,0.48554,0.36119,0,11.841966831861345,4.988804205187852,medium,2.4955,-2.00996,No
1.5099,0.039307,6.2332,-0.30346,0,-4.975614578527647,6.420764227243437,high,0.039307,6.193893,No
5.4188,10.1457,-4.084,-3.6991,0,-1.4648968668054392,12.753862894825238,low,10.1457,-14.2297,No
0.86202,2.6963,4.2908,0.54739,0,1.5747821480114725,5.169498295047596,high,2.6963,1.5945,No
3.8117,10.1457,-4.0463,-4.5629,0,-0.8353678581603805,12.436112152919819,low,10.1457,-14.192,No
0.54777,10.3754,-1.5435,-4.1633,0,-0.13157110945644082,11.298868805013182,low,10.3754,-11.9189,No
2.3718,7.4908,0.015989,-1.7414,0,-1.362007580107959,8.047996613326884,medium,7.4908,-7.474811,No
-2.4953,11.1472,1.9353,-3.4638,0,0.7203937871701599,12.092555001322093,medium,11.1472,-9.2119,No
4.6361,-2.6611,2.8358,1.1991,0,3.866316403969644,6.168831240194531,high,2.6611,5.4969,No
-2.2527,11.5321,2.5899,-3.2737,0,0.6881204753031738,12.46951007056813,high,11.5321,-8.9422,No
3.7982,10.423,-4.1602,-4.9728,0,-0.763795045045045,12.849173363294621,low,10.423,-14.5832,No
-0.36279,8.2895,-1.9213,-3.3332,0,0.10884135365414616,9.14598506253427,low,8.2895,-10.2108,No
2.1265,6.8783,0.44784,-2.2224,0,-0.9568484521238302,7.548021963773026,medium,6.8783,-6.43046,No
0.86736,5.5643,1.6765,-0.16769,0,-5.172401455065895,5.8781391652205714,medium,5.5643,-3.8878000000000004,No
3.7831,10.0526,-3.8869,-3.7366,0,-1.012444468233153,12.018185534430728,low,10.0526,-13.939499999999999,No
-2.2623,12.1177,0.28846,-7.7581,0,0.29160490326239674,14.568046518377129,medium,12.1177,-11.829239999999999,No
1.2616,4.4303,-1.3335,-1.7517,0,-0.720214648627048,5.105474296282374,low,4.4303,-5.7638,No
2.6799,3.1349,0.34073,0.58489,0,4.58188719246354,4.179432409430735,medium,3.1349,-2.7941700000000003,No
-0.39816,5.9781,1.3912,-1.1621,0,0.3426211169434645,6.259562672072228,medium,5.9781,-4.5869,No
4.3937,0.35798,2.0416,1.2004,0,3.660196601132956,5.004182259910204,medium,0.35798,1.68362,No
2.9695,5.6222,0.27561,-1.1556,0,-2.5696607822776047,6.468263702269722,medium,5.6222,-5.34659,No
1.3049,-0.15521,6.4911,-0.75346,0,-1.7318769410453108,6.665503382018496,high,0.15521,6.646310000000001,No
2.2123,-5.8395,7.7687,-0.85302,0,-2.5934913601087897,10.00371802633401,high,5.8395,13.6082,No
1.9647,6.9383,0.57722,0.66377,0,2.9599108124802265,7.264559623356394,medium,6.9383,-6.36108,No
3.0864,-2.5845,2.2309,0.30947,0,9.973179952822566,4.612829034432123,high,2.5845,4.8154,No
0.3798,0.7098,0.7572,-0.4444,0,-0.8546354635463547,1.1911789454150035,medium,0.7098,0.0474,No
0.58982,7.4266,1.2353,-2.9595,0,-0.19929717857746243,8.110911263994941,medium,7.4266,-6.1913,No
0.14783,7.946,1.0742,-3.3409,0,-0.04424855577838307,8.687709028213364,medium,7.946,-6.8717999999999995,No
-0.062025,6.1975,1.099,-1.131,0,0.05484084880636605,6.395296345801733,medium,6.1975,-5.0985,No
4.223,1.1319,0.72202,0.96118,0,4.393557918391976,4.5343253613740595,medium,1.1319,-0.4098799999999999,No
0.64295,7.1018,0.3493,-0.41337,0,-1.5553862157389264,7.151351843490851,medium,7.1018,-6.7524999999999995,No
1.941,0.46351,4.6472,1.0879,0,1.784171339277507,5.1732307864718345,high,0.46351,4.1836899999999995,No
4.0047,0.45937,1.3621,1.6181,0,2.4749397441443666,4.552165079047552,medium,0.45937,0.90273,No
3.7767,9.7794,-3.9075,-3.5323,0,-1.0691900461455708,11.732255826992523,low,9.7794,-13.686900000000001,No
3.4769,-0.15314,2.53,2.4495,0,1.4194325372525005,4.9510842973635585,high,0.15314,2.68314,No
1.9818,9.2621,-3.521,-1.872,0,-1.0586538461538462,10.276957363441769,low,9.2621,-12.783100000000001,No
3.8023,-3.8696,4.044,0.95343,0,3.9880221935538,6.8333194140841975,high,3.8696,7.9136,No
4.3483,11.1079,-4.0857,-4.2539,0,-1.0221914008321775,13.307207257723162,low,11.1079,-15.1936,No
1.1518,1.3864,5.2727,-0.43536,0,-2.6456266078647555,5.5892442977204,high,1.3864,3.8863000000000003,No
-1.2576,1.5892,7.0078,0.42455,0,-2.9621952655753154,7.307298949851443,high,1.5892,5.4186,No
1.9572,-5.1153,8.6127,-1.4297,0,-1.368958522767014,10.306287853053592,high,5.1153,13.728000000000002,No
-2.484,12.1611,2.8204,-3.7418,0,0.6638516222139077,13.267190079666454,high,12.1611,-9.3407,No
-1.1497,1.2954,7.701,0.62627,0,-1.8357896753796286,7.918174433725238,high,1.2954,6.4056,No
4.8368,10.0132,-4.3239,-4.3276,0,-1.1176633699972272,12.691849410152958,low,10.0132,-14.3371,No
-0.12196,8.8068,0.94566,-4.2267,0,0.028854662029479262,9.814981722204072,medium,8.8068,-7.861140000000001,No
1.9429,6.3961,0.092248,0.58102,0,3.3439468520877083,6.7105178305332,medium,6.3961,-6.303852,No
1.742,-4.809,8.2142,-2.0659,0,-0.8432160317537151,9.89454746059667,high,4.809,13.0232,No
-1.5222,10.8409,2.7827,-4.0974,0,0.37150388050959143,12.015586198767,high,10.8409,-8.0582,No
-1.3,10.2678,-2.953,-5.8638,0,0.22169923940107097,12.256511586907589,low,10.2678,-13.220799999999999,No
3.4246,-0.14693,0.80342,0.29136,0,11.75384404173531,3.5326828234218817,medium,0.14693,0.95035,No
2.5503,-4.9518,6.3729,-0.41596,0,-6.131118376766997,8.474150722143193,high,4.9518,11.3247,No
1.5691,6.3465,-0.1828,-2.4099,0,-0.651105855014731,6.970019433975776,medium,6.3465,-6.5293,No
1.3087,4.9228,2.0013,0.22024,0,5.942154013803124,5.477258700992678,medium,4.9228,-2.9214999999999995,No
5.1776,8.2316,-3.2511,-1.5694,0,-3.299095195616159,10.373015371144497,low,8.2316,-11.482700000000001,No
2.229,9.6325,-3.1123,-2.7164,0,-0.8205713444264467,10.715350554228266,low,9.6325,-12.7448,No
5.6272,10.0857,-4.2931,-3.8142,0,-1.4753290336112423,12.89827715549639,low,10.0857,-14.378799999999998,No
1.2138,8.7986,-2.1672,-0.74182,0,-1.6362459895931627,9.172552815459827,low,8.7986,-10.9658,No
0.3798,0.7098,0.7572,-0.4444,0,-0.8546354635463547,1.1911789454150035,medium,0.7098,0.0474,No
0.5415,6.0319,1.6825,-0.46122,0,-1.1740601014700143,6.302425723354461,medium,6.0319,-4.3494,No
4.0524,5.6802,-1.9693,0.026279,0,154.20678107994976,7.250203505822508,low,5.6802,-7.6495,No
4.7285,2.1065,-0.28305,1.5625,0,3.02624,5.414570901973674,medium,2.1065,-2.38955,No
3.4359,0.66216,2.1041,1.8922,0,1.8158228517070076,4.50016914411003,medium,0.66216,1.4419399999999998,No
0.86816,10.2429,-1.4912,-4.0082,0,-0.21659597824459856,11.133734632889363,low,10.2429,-11.734100000000002,No
3.359,9.8022,-3.8209,-3.7133,0,-0.9045862171114643,11.651346683538344,low,9.8022,-13.623099999999999,No
3.6702,2.9942,0.85141,0.30688,0,11.959723670490094,4.822310234991108,medium,2.9942,-2.14279,No
1.3349,6.1189,0.46497,0.49826,0,2.6791233492554087,6.2997901035272585,medium,6.1189,-5.65393,No
3.1887,-3.4143,2.7742,-0.2026,0,-15.738894373149062,5.437139374707991,high,3.4143,6.1884999999999994,No
2.4527,2.9653,0.20021,-0.056479,0,-43.42676038881708,3.8538312497488785,medium,2.9653,-2.76509,No
3.9121,2.9735,0.92852,0.60558,0,6.460087849664784,5.037370860558115,medium,2.9735,-2.04498,No
3.9364,10.5885,-3.725,-4.3133,0,-0.9126191083393226,12.652737217693252,low,10.5885,-14.3135,No
3.9414,-3.2902,3.1674,1.0866,0,3.627277747101049,6.1296959402567435,high,3.2902,6.4576,No
3.6922,-3.9585,4.3439,1.3517,0,2.7315232669971152,7.070970456026528,high,3.9585,8.302399999999999,No
5.681,7.795,-2.6848,-0.92544,0,-6.138701590594744,10.054868285243721,low,7.795,-10.479800000000001,No
0.77124,9.0862,-1.2281,-1.4996,0,-0.5142971459055748,9.322600031514813,low,9.0862,-10.3143,No
3.5761,9.7753,-3.9795,-3.4638,0,-1.032421040475778,11.66958919542586,low,9.7753,-13.7548,No
1.602,6.1251,0.52924,0.47886,0,3.345445432903145,6.371236605808954,medium,6.1251,-5.59586,No
2.6682,10.216,-3.4414,-4.0069,0,-0.665901320222616,11.806118278672292,low,10.216,-13.657399999999999,No
2.0007,1.8644,2.6491,0.47369,0,4.223648377630941,3.836782620386513,high,1.8644,0.7846999999999997,No
0.64215,3.1287,4.2933,0.64696,0,0.9925652281439348,5.390000226725412,high,3.1287,1.1646000000000005,No
4.3848,-3.0729,3.0423,1.2741,0,3.4414881092535907,6.288728452557003,high,3.0729,6.1152,No
0.77445,9.0552,-2.4089,-1.3884,0,-0.557800345721694,9.50404511839564,low,9.0552,-11.464099999999998,No
0.96574,8.393,-1.361,-1.4659,0,-0.6588034654478477,8.681951771209054,low,8.393,-9.754000000000001,No
3.0948,8.7324,-2.9007,-0.96682,0,-3.201009495045614,9.756095438360575,low,8.7324,-11.6331,No
4.9362,7.6046,-2.3429,-0.85302,0,-5.786734191460927,9.402809959283449,low,7.6046,-9.9475,No
-1.9458,11.2217,1.9079,-3.4405,0,0.565557331783171,12.049473481858035,medium,11.2217,-9.3138,No
5.7403,-0.44284,0.38015,1.3763,0,4.170820315338226,5.9317676175066065,medium,0.44284,0.82299,No
-2.6989,12.1984,0.67661,-8.5482,0,0.31572728761610636,15.153037586639188,medium,12.1984,-11.52179,No
1.1472,3.5985,1.9387,-0.43406,0,-2.642952587199926,4.267579625923809,medium,3.5985,-1.6598,No
2.9742,8.96,-2.9024,-1.0379,0,-2.865593987860102,9.931194681910128,low,8.96,-11.862400000000001,No
4.5707,7.2094,-3.2794,-1.4944,0,-3.0585519271948614,9.265767241302795,low,7.2094,-10.4888,No
0.1848,6.5079,2.0133,-0.87242,0,-0.21182457990417458,6.870328012285876,medium,6.5079,-4.4946,No
0.87256,9.2931,-0.7843,-2.1978,0,-0.397015197015197,9.621253551050405,low,9.2931,-10.0774,No
0.39559,6.8866,1.0588,-0.67587,0,-0.5853048663204463,7.011391353005479,medium,6.8866,-5.8278,No
3.8384,6.1851,-2.0439,-0.033204,0,-115.60053005661969,7.5609130589906925,low,6.1851,-8.229,No
2.8209,7.3108,-0.81857,-1.8784,0,-1.501756814310051,8.099612142251011,low,7.3108,-8.12937,No
2.5817,9.7546,-3.1749,-2.9957,0,-0.8618019160797143,10.994162294145015,low,9.7546,-12.9295,No
3.8213,0.23175,2.0133,2.0564,0,1.8582474226804124,4.789384052516565,medium,0.23175,1.7815500000000002,No
0.3798,0.7098,0.7572,-0.4444,0,-0.8546354635463547,1.1911789454150035,medium,0.7098,0.0474,No
3.4893,6.69,-1.2042,-0.38751,0,-9.004412789347372,7.650593188119468,low,6.69,-7.8942000000000005,No
-1.7781,0.8546,7.1303,0.027572,0,-64.48933700855942,7.398237565473551,high,0.8546,6.2757000000000005,No
2.0962,2.4769,1.9379,-0.040962,0,-51.17425906938138,3.779711939479516,medium,2.4769,-0.5390000000000001,No
0.94732,-0.57113,7.1903,-0.67587,0,-1.4016304910707682,7.306217831833376,high,0.57113,7.76143,No
2.8261,9.4007,-3.3034,-1.0509,0,-2.689218764868208,10.410419975678215,low,9.4007,-12.7041,No
0.0071249,8.3661,0.50781,-3.8155,0,-0.0018673568339667146,9.209103714276432,medium,8.3661,-7.858289999999999,No
0.96788,7.1907,1.2798,-2.4565,0,-0.39400773458172195,7.766288590723371,medium,7.1907,-5.9109,No
4.7432,2.1086,0.1368,1.6543,0,2.8671945838118837,5.44973053737522,medium,2.1086,-1.9718,No
3.6575,7.2797,-2.2692,-1.144,0,-3.197115384615385,8.534010954996484,low,7.2797,-9.5489,No
3.8832,6.4023,-2.432,-0.98363,0,-3.9478259101491413,7.934156508848311,low,6.4023,-8.8343,No
3.4776,8.811,-3.1886,-0.92285,0,-3.768326380235141,10.037242890480433,low,8.811,-11.999600000000001,No
1.1315,7.9212,1.093,-2.8444,0,-0.39779918436225564,8.56218208460904,medium,7.9212,-6.8282,No
2.8237,2.8597,0.19678,0.57196,0,4.9368836981607105,4.064114465661615,medium,2.8597,-2.66292,No
1.9321,6.0423,0.26019,-2.053,0,-0.9411105698977107,6.672698669661324,medium,6.0423,-5.78211,No
3.0632,-3.3315,5.1305,0.8267,0,3.705334462320068,6.891121072075283,high,3.3315,8.462,No
-1.8411,10.8306,2.769,-3.0901,0,0.5958059609721368,11.743407707305405,high,10.8306,-8.0616,No
2.8084,11.3045,-3.3394,-4.4194,0,-0.6354708783997827,12.8981207751362,low,11.3045,-14.6439,No
2.5698,-4.4076,5.9856,0.078002,0,32.945309094638596,7.865386288797518,high,4.4076,10.3932,No
-0.12624,10.3216,-3.7121,-6.1185,0,0.020632507967639126,12.560537080778035,low,10.3216,-14.0337,No
3.3756,-4.0951,4.367,1.0698,0,3.1553561413348286,6.955550331210321,high,4.0951,8.4621,No
-0.048008,-1.6037,8.4756,0.75558,0,-0.06353794436062363,8.659148627576732,high,1.6037,10.0793,No
0.5706,-0.0248,1.2421,-0.5621,0,-1.0151218644369329,1.4781638001250064,medium,0.0248,1.2669,No
0.88444,6.5906,0.55837,-0.44182,0,-2.0018106921370693,6.687692011665908,medium,6.5906,-6.03223,No
3.8644,3.7061,0.70403,0.35214,0,10.974044414153461,5.4118781758738805,medium,3.7061,-3.0020700000000002,No
1.2999,2.5762,2.0107,-0.18967,0,-6.853482364106079,3.5221350980477735,medium,2.5762,-0.5655000000000001,No
2.0051,-6.8638,8.132,-0.2401,0,-8.351103706788837,10.831401038646847,high,6.8638,14.9958,No
4.9294,0.27727,0.20792,0.33662,0,14.643812013546434,4.953019963991665,medium,0.27727,-0.06935000000000002,No
2.8297,6.3485,-0.73546,-0.58665,0,-4.8234893036734,7.013965638217797,low,6.3485,-7.083959999999999,No
2.565,8.633,-2.9941,-1.3082,0,-1.96070937165571,9.580393313951154,low,8.633,-11.627099999999999,No
2.093,8.3061,0.022844,-3.2724,0,-0.6395917369514729,9.169573044495367,medium,8.3061,-8.283256000000002,No
4.6014,5.6264,-2.1235,0.19309,0,23.830338184266402,7.574681176003383,low,5.6264,-7.7499,No
5.0617,-0.35799,0.44698,0.99868,0,5.068390275163216,5.190964899987285,medium,0.35799,0.80497,No
-0.2951,9.0489,-0.52725,-2.0789,0,0.14195006974842464,9.304272835235434,medium,9.0489,-9.57615,No
3.577,2.4004,1.8908,0.73231,0,4.884543431060616,4.761118748372067,medium,2.4004,-0.5095999999999998,No
3.9433,2.5017,1.5215,0.903,0,4.36688815060908,4.993845114738742,medium,2.5017,-0.9802,No
2.6648,10.754,-3.3994,-4.1685,0,-0.6392707208828116,12.31592414924678,low,10.754,-14.1534,No
5.9374,6.1664,-2.5905,-0.36553,0,-16.243263206850326,8.951061956600457,low,6.1664,-8.7569,No
2.0153,1.8479,3.1375,0.42843,0,4.703918959923441,4.183733621408036,high,1.8479,1.2896,No
5.8782,5.9409,-2.8544,-0.60863,0,-9.658084550547951,8.852432314731358,low,5.9409,-8.795300000000001,No
-2.3983,12.606,2.9464,-5.7888,0,0.41430002763957985,14.382439198202785,high,12.606,-9.6596,No
1.762,4.3682,2.1384,0.75429,0,2.3359715759190762,5.227573357122787,high,4.3682,-2.2298,No
4.2406,-2.4852,1.608,0.7155,0,5.926764500349406,5.220776920152785,medium,2.4852,4.0931999999999995,No
3.4669,6.87,-1.0568,-0.73147,0,-4.739633887924317,7.801805573769446,low,6.87,-7.9268,No
3.1896,5.7526,-0.18537,-0.30087,0,-10.601256356565958,6.587172361021078,medium,5.7526,-5.93797,No
0.81356,9.1566,-2.1492,-4.1814,0,-0.19456641316305542,10.325132930553485,low,9.1566,-11.3058,No
0.52855,0.96427,4.0243,-1.0483,0,-0.5041972717733473,4.301523580709515,high,0.96427,3.0600300000000002,No
2.1319,-2.0403,2.5574,-0.061652,0,-34.57957568286511,3.905370331876863,high,2.0403,4.5977,No
0.33111,4.5731,2.057,-0.18967,0,-1.7457162440027416,5.028926441199951,medium,4.5731,-2.5161000000000002,No
1.2746,8.8172,-1.5323,-1.7957,0,-0.7098067605947541,9.21629550198994,low,8.8172,-10.349499999999999,No
2.2091,7.4556,-1.3284,-3.3021,0,-0.6689985160958178,8.5518772874732,low,7.4556,-8.783999999999999,No
2.5328,7.528,-0.41929,-2.6478,0,-0.9565677165949089,8.382869961063454,medium,7.528,-7.94729,No
3.6244,1.4609,1.3501,1.9284,0,1.8794855839037545,4.562017178836573,medium,1.4609,-0.11080000000000001,No
-1.3885,12.5026,0.69118,-7.5487,0,0.18393895637659466,14.686849236388314,medium,12.5026,-11.81142,No
5.7227,5.8312,-2.4097,-0.24527,0,-23.33224609613895,8.52167824978742,low,5.8312,-8.2409,No
3.3583,10.3567,-3.7301,-3.6991,0,-0.9078694817658349,12.088688952901386,low,10.3567,-14.0868,No
2.5227,2.2369,2.7236,0.79438,0,3.1756841813741534,4.406446804898477,high,2.2369,0.4866999999999999,No
0.045304,6.7334,1.0708,-0.9332,0,-0.04854693527646806,6.881729643949695,medium,6.7334,-5.662599999999999,No
4.8278,7.7598,-2.4491,-1.2216,0,-3.952030124426981,9.540049593686607,low,7.7598,-10.2089,No
1.9476,-4.7738,8.527,-1.8668,0,-1.0432826226698093,10.137898373923461,high,4.7738,13.300799999999999,No
2.7659,0.66216,4.1494,-0.28406,0,-9.737027388579877,5.0385383911606745,high,0.66216,3.48724,No
-0.10648,-0.76771,7.7575,0.64179,0,-0.16591096776204056,7.822494313746735,high,0.76771,8.52521,No
0.72252,-0.053811,5.6703,-1.3509,0,-0.5348434377081945,5.873854243520263,high,0.053811,5.724111,No
4.2475,1.4816,-0.48355,0.95343,0,4.454967852910019,4.623769477104151,medium,1.4816,-1.96515,No
3.9772,0.33521,2.2566,2.1625,0,1.8391676300578033,5.0694314665552,high,0.33521,1.9213900000000002,No
3.6667,4.302,0.55923,0.33791,0,10.851114202006451,5.690238505634012,medium,4.302,-3.7427699999999997,No
2.8232,10.8513,-3.1466,-3.9784,0,-0.7096320128694952,12.306499423069097,low,10.8513,-13.9979,No
-1.4217,11.6542,-0.057699,-7.1025,0,0.200168954593453,13.721896514498313,medium,11.6542,-11.711898999999999,No
4.2458,1.1981,0.66633,0.94696,0,4.483610712173693,4.5610295066464985,medium,1.1981,-0.53177,No
4.1038,-4.8069,3.3491,-0.49225,0,-8.336820721178261,7.1698147062877435,high,4.8069,8.155999999999999,No
1.4507,8.7903,-2.2324,-0.65259,0,-2.2229884000674236,9.207789531049242,low,8.7903,-11.0227,No
3.4647,-3.9172,3.9746,0.36119,0,9.59245826296409,6.578488071441645,high,3.9172,7.8918,No
1.8533,6.1458,1.0176,-2.0401,0,-0.9084358609872065,6.811981818824828,medium,6.1458,-5.1282000000000005,No
3.5288,0.71596,1.9507,1.9375,0,1.821316129032258,4.530360350082541,medium,0.71596,1.23474,No
3.9719,1.0367,0.75973,1.0013,0,3.966743233796065,4.2930790655309385,medium,1.0367,-0.27696999999999994,No
3.534,9.3614,-3.6316,-1.2461,0,-2.8360484712302383,10.717567341985774,low,9.3614,-12.993,No
3.6894,9.887,-4.0788,-4.3664,0,-0.8449523635031148,12.127097746781793,low,9.887,-13.965800000000002,No
3.0672,-4.4117,3.8238,-0.81682,0,-3.7550500722313362,6.645258014735019,high,4.4117,8.2355,No
2.6463,-4.8152,6.3549,0.003003,0,881.2187812187813,8.400822445332896,high,4.8152,11.1701,No
2.2893,3.733,0.6312,-0.39786,0,-5.754034082340522,4.4421717109540015,medium,3.733,-3.1018,No
1.5673,7.9274,-0.056842,-2.1694,0,-0.7224578224393842,8.367175594127566,medium,7.9274,-7.984241999999999,No
4.0405,0.51524,1.0279,1.106,0,3.6532549728752257,4.344068014845071,medium,0.51524,0.51266,No
4.3846,-4.8794,3.3662,-0.029324,0,-149.52257536488884,7.373291249976227,high,4.8794,8.2456,No
2.0165,-0.25246,5.1707,1.0763,0,1.873548267211744,5.659025400331757,high,0.25246,5.42316,No
4.0446,11.1741,-4.3582,-4.7401,0,-0.8532731376975169,13.515981474535987,low,11.1741,-15.5323,No
-0.33729,-0.64976,7.6659,0.72326,0,-0.46634681857146804,7.734667442062393,high,0.64976,8.31566,No
-2.4604,12.7302,0.91738,-7.6418,0,0.3219660289460598,15.078138263870642,medium,12.7302,-11.81282,No
4.1195,10.9258,-3.8929,-4.1802,0,-0.9854791636763792,12.998927968874973,low,10.9258,-14.8187,No
2.0193,0.82356,4.6369,1.4202,0,1.4218419940853402,5.317295667310592,high,0.82356,3.8133399999999997,No
1.5701,7.9129,0.29018,-2.1953,0,-0.7152097663189542,8.365569134398449,medium,7.9129,-7.622719999999999,No
2.6415,7.586,-0.28562,-1.6677,0,-1.5839179708580682,8.209002395200041,medium,7.586,-7.87162,No
5.0214,8.0764,-3.0515,-1.7155,0,-2.927076654036724,10.13396701297177,low,8.0764,-11.1279,No
4.3435,3.3295,0.83598,0.64955,0,6.686937110307135,5.574256924729967,medium,3.3295,-2.49352,No
1.8238,-6.7748,8.3873,-0.54139,0,-3.36873603132677,10.948244877700718,high,6.7748,15.162099999999999,No
3.9382,0.9291,0.78543,0.6767,0,5.819713314615044,4.177016785326581,medium,0.9291,-0.14367000000000008,No
2.2517,-5.1422,4.2916,-1.2487,0,-1.8032353647793706,7.175615372914018,high,5.1422,9.4338,No
5.504,10.3671,-4.413,-4.0211,0,-1.3687796871502822,13.168697453430996,low,10.3671,-14.780100000000001,No
2.8521,9.171,-3.6461,-1.2047,0,-2.3674773802606457,10.343455066369264,low,9.171,-12.8171,No
1.1676,9.1566,-2.0867,-0.80647,0,-1.4477909903654196,9.497964206655023,low,9.1566,-11.2433,No
2.6104,8.0081,-0.23592,-1.7608,0,-1.4825079509313948,8.60813154269845,medium,8.0081,-8.24402,No
0.32444,10.067,-1.1982,-4.1284,0,-0.07858734618738494,10.95121546284247,low,10.067,-11.2652,No
3.8962,-4.7904,3.3954,-0.53751,0,-7.248609328198544,7.067245910543937,high,4.7904,8.1858,No
2.1752,-0.8091,5.1022,-0.67975,0,-3.1999999999999997,5.64629460376449,high,0.8091,5.9113,No
1.1588,8.9331,-2.0807,-1.1272,0,-1.0280340667139816,9.313591432954315,low,8.9331,-11.0138,No
4.7072,8.2957,-2.5605,-1.4905,0,-3.1581348540758136,9.987698475124288,low,8.2957,-10.856200000000001,No
-1.9667,11.8052,-0.40472,-7.8719,0,0.2498380314790584,14.33043138982215,medium,11.8052,-12.209919999999999,No
4.0552,0.40143,1.4563,0.65343,0,6.206020537777574,4.37647958292964,medium,0.40143,1.05487,No
2.3678,-6.839,8.4207,-0.44829,0,-5.2818488032300515,11.11249523077963,high,6.839,15.2597,No
0.33565,6.8369,0.69718,-0.55691,0,-0.6027006158984396,6.9030479668766604,medium,6.8369,-6.13972,No
4.3398,-5.3036,3.8803,-0.70432,0,-6.161687869150387,7.9066321371618145,high,5.3036,9.183900000000001,No
1.5456,8.5482,0.4187,-2.1784,0,-0.7095115681233934,8.965564056432813,medium,8.5482,-8.1295,No
1.4276,8.3847,-2.0995,-1.9677,0,-0.7255171011841236,8.978918609164468,low,8.3847,-10.484200000000001,No
-0.27802,8.1881,-3.1338,-2.5276,0,0.10999366988447538,9.128622071835377,low,8.1881,-11.3219,No
0.93611,8.6413,-1.6351,-1.3043,0,-0.7177106493904777,8.939973049293828,low,8.6413,-10.276399999999999,No
4.6352,-3.0087,2.6773,1.212,0,3.8244224422442246,6.258932338666077,high,3.0087,5.686,No
1.5268,-5.5871,8.6564,-1.722,0,-0.8866434378629501,10.556767952834807,high,5.5871,14.243500000000001,No
0.95626,2.4728,4.4578,0.21636,0,4.4197633573673505,5.191142987551007,high,2.4728,1.9849999999999999,No
-2.7914,1.7734,6.7756,-0.39915,0,6.993360891895277,7.550161428903358,high,1.7734,5.0022,No
5.2032,3.5116,-1.2538,1.0129,0,5.136933557113239,6.4809417255519275,low,3.5116,-4.7654,No
3.1836,7.2321,-1.0713,-2.5909,0,-1.2287622061831798,8.384451435246076,low,7.2321,-8.3034,No
0.65497,5.1815,1.0673,-0.42113,0,-1.5552679695106026,5.347280403887568,medium,5.1815,-4.1142,No
5.6084,10.3009,-4.8003,-4.3534,0,-1.2882804244957964,13.39991279897,low,10.3009,-15.1012,No
1.105,7.4432,0.41099,-3.0332,0,-0.3643017275484637,8.123513172273434,medium,7.4432,-7.03221,No
3.9292,-2.9156,2.2129,0.30817,0,12.750105461271376,5.378775990771506,high,2.9156,5.1285,No
1.1558,6.4003,1.5506,0.6961,0,1.6603936216060908,6.7222488275873875,medium,6.4003,-4.8496999999999995,No
2.5581,2.6218,1.8513,0.40257,0,6.3544228332960735,4.123964736136816,medium,2.6218,-0.7705,No
2.7831,10.9796,-3.557,-4.4039,0,-0.6319625786234928,12.662695052002162,low,10.9796,-14.5366,No
3.7635,2.7811,0.66119,0.34179,0,11.01114719564645,4.738400793537837,medium,2.7811,-2.11991,No
-2.6479,10.1374,-1.331,-5.4707,0,0.48401484270751455,11.894468153725915,low,10.1374,-11.468399999999999,No
1.0652,8.3682,-1.4004,-1.6509,0,-0.6452238173117693,8.709076486631634,low,8.3682,-9.7686,No
-1.4275,11.8797,0.41613,-6.9978,0,0.20399268341478752,13.867494271024595,medium,11.8797,-11.463569999999999,No
5.7456,10.1808,-4.7857,-4.3366,0,-1.3249089148180602,13.355509426824572,low,10.1808,-14.9665,No
5.086,3.2798,-1.2701,1.1189,0,4.5455357940834755,6.28407314247694,low,3.2798,-4.5499,No
3.4092,5.4049,-2.5228,-0.89958,0,-3.789768558660708,6.928878167957638,low,5.4049,-7.9277,No
-0.2361,9.3221,2.1307,-4.3793,0,0.05391272577809239,10.520239664570385,medium,9.3221,-7.191400000000001,No
3.8197,8.9951,-4.383,-4.0327,0,-0.9471817888759392,11.44444364702802,low,8.9951,-13.3781,No
-1.1391,1.8127,6.9144,0.70127,0,-1.6243386997875284,7.272148037058926,high,1.8127,5.101699999999999,No
4.9249,0.68906,0.77344,1.2095,0,4.071847871021083,5.175958208602538,medium,0.68906,0.08438000000000001,No
2.5089,6.841,-0.029423,0.44912,0,5.586257570359815,7.300440719390097,medium,6.841,-6.870423000000001,No
-0.2062,9.2207,-3.7044,-6.8103,0,0.03027766765047061,12.048509965136768,low,9.2207,-12.9251,No
3.946,6.8514,-1.5443,-0.5582,0,-7.069150841992117,8.075211928488317,low,6.8514,-8.3957,No
-0.278,8.1881,-3.1338,-2.5276,0,0.10998575724006963,9.128621462740144,low,8.1881,-11.3219,No
1.8592,3.2074,-0.15966,-0.26208,0,-7.094017094017095,3.7199753550258903,medium,3.2074,-3.36706,No
0.56953,7.6294,1.5754,-3.2233,0,-0.17669158936493654,8.450068451255293,medium,7.6294,-6.054,No
3.4626,-4.449,3.5427,0.15429,0,22.44215438460043,6.660159791934425,high,4.449,7.9917,No
3.3951,1.1484,2.1401,2.0862,0,1.6274086856485477,4.666667442618983,high,1.1484,0.9916999999999998,No
5.0429,-0.52974,0.50439,1.106,0,4.559584086799276,5.214317802905765,medium,0.52974,1.03413,No
3.7758,7.1783,-1.5195,0.40128,0,9.40938995215311,8.261631946437703,low,7.1783,-8.6978,No
4.6562,7.6398,-2.4243,-1.2384,0,-3.759851421188631,9.351877219574689,low,7.6398,-10.0641,No
4.0948,-2.9674,2.3689,0.75429,0,5.428681276432141,5.635023550447682,high,2.9674,5.3363,No
1.8384,6.063,0.54723,0.51248,0,3.587261941929441,6.379794666233389,medium,6.063,-5.51577,No
2.0153,0.43661,4.5864,-0.3151,0,-6.39574738178356,5.038493361323403,high,0.43661,4.14979,No
3.5251,0.7201,1.6928,0.64438,0,5.470529811601851,4.028110157927661,medium,0.7201,0.9727000000000001,No
3.757,-5.4236,3.8255,-1.2526,0,-2.9993613284368514,7.728773704152555,high,5.4236,9.2491,No
2.5989,3.5178,0.7623,0.81119,0,3.203811684069084,4.513128466607172,medium,3.5178,-2.7554999999999996,No
1.8994,0.97462,4.2265,0.81377,0,2.334074738562493,4.804490437840417,high,0.97462,3.25188,No
3.6941,-3.9482,4.2625,1.1577,0,3.1908957415565347,6.981678422127447,high,3.9482,8.2107,No
4.4295,-2.3507,1.7048,0.90946,0,4.8704725881292195,5.373985603962853,medium,2.3507,4.0555,No
6.8248,5.2187,-2.5425,0.5461,0,12.497344808643104,8.976372106257628,low,5.2187,-7.7612000000000005,No
1.8967,-2.5163,2.8093,-0.79742,0,-2.3785458102380175,4.2961938650857,high,2.5163,5.3256,No
2.1526,-6.1665,8.0831,-0.34355,0,-6.265754620870324,10.397785399906079,high,6.1665,14.249600000000001,No
3.3004,7.0811,-1.3258,0.22283,0,14.811291118790107,7.927295643465053,low,7.0811,-8.4069,No
2.7213,7.05,-0.58808,0.41809,0,6.508885646631107,7.591351067135546,medium,7.05,-7.6380799999999995,No
3.8846,-3.0336,2.5334,0.20214,0,19.217374097160384,5.545432558385324,high,3.0336,5.567,No
4.1665,-0.4449,0.23448,0.27843,0,14.96426390834321,4.2059674743511755,medium,0.4449,0.67938,No
0.94225,5.8561,1.8762,-0.32544,0,-2.8953109636184857,6.229589063983274,medium,5.8561,-3.9798999999999998,No
5.1321,-0.031048,0.32616,1.1151,0,4.602367500672586,5.262056892879818,medium,0.031048,0.357208,No
0.38251,6.8121,1.8128,-0.61251,0,-0.6244959265971168,7.086073147392708,medium,6.8121,-4.9993,No
3.0333,-2.5928,2.3183,0.303,0,10.010891089108911,4.624915633825119,high,2.5928,4.911099999999999,No
2.9233,6.0464,-0.11168,-0.58665,0,-4.983039290888946,6.742497051901468,medium,6.0464,-6.15808,No
1.162,10.2926,-1.2821,-4.0392,0,-0.2876807288571994,11.191370595686662,low,10.2926,-11.5747,No
3.7791,2.5762,1.3098,0.5655,0,6.682758620689655,4.79100924023321,medium,2.5762,-1.2664,No
0.77765,5.9781,1.1941,-0.3526,0,-2.2054736245036866,6.155698230298494,medium,5.9781,-4.784000000000001,No
-0.38388,-1.0471,8.0514,0.49567,0,-0.7744668832085864,8.143372334193002,high,1.0471,9.0985,No
0.21084,9.4359,-0.094543,-1.859,0,-0.1134158149542765,9.620056220960926,medium,9.4359,-9.530443,No
2.9571,-4.5938,5.9068,0.57196,0,5.170116791384013,8.066279398309979,high,4.5938,10.500599999999999,No
4.6439,-3.3729,2.5976,0.55257,0,8.404184085274265,6.324169588562597,high,3.3729,5.9704999999999995,No
3.3577,-4.3062,6.0241,0.18274,0,18.374192842289588,8.132692201700491,high,4.3062,10.3303,No
3.5127,2.9073,1.0579,0.40774,0,8.61504880561142,4.698601802408883,medium,2.9073,-1.8494000000000002,No
2.6562,10.7044,-3.3085,-4.0767,0,-0.6515564059165502,12.214959391663978,low,10.7044,-14.0129,No
-1.3612,10.694,1.7022,-2.9026,0,0.4689588644663405,11.293231293124215,medium,10.694,-8.991800000000001,No
-0.278,8.1881,-3.1338,-2.5276,0,0.10998575724006963,9.128621462740144,low,8.1881,-11.3219,No
1.04,-6.9321,8.2888,-1.2991,0,-0.8005542298514357,10.932862235480698,high,6.9321,15.2209,No
2.1881,2.7356,1.3278,-0.1832,0,-11.943777292576419,3.7507204707895787,medium,2.7356,-1.4077999999999997,No
4.2756,-2.6528,2.1375,0.94437,0,4.527462752946408,5.54786843273162,high,2.6528,4.7903,No
-0.11996,6.8741,0.91995,-0.6694,0,0.1792052584403944,6.968647327430196,medium,6.8741,-5.95415,No
2.9736,8.7944,-3.6359,-1.3754,0,-2.1619892394939653,10.064554748720878,low,8.7944,-12.430299999999999,No
3.7798,-3.3109,2.6491,0.066365,0,56.954720108490925,5.680764206796916,high,3.3109,5.96,No
5.3586,3.7557,-1.7345,1.0789,0,4.96672536843081,6.855099700952569,low,3.7557,-5.4902,No
1.8373,6.1292,0.84027,0.55257,0,3.325008596195957,6.4772024214007695,medium,6.1292,-5.28893,No
1.2262,0.89599,5.7568,-0.11596,0,-10.574335977923422,5.954876781403625,high,0.89599,4.86081,No
-0.048008,-0.56078,7.7215,0.453,0,-0.10597792494481237,7.755227283997807,high,0.56078,8.28228,No
0.5706,-0.024841,1.2421,-0.56208,0,-1.0151579846285226,1.4781568833114433,medium,0.024841,1.2669409999999999,No
4.3634,0.46351,1.4281,2.0202,0,2.1598851598851603,5.037338456973087,medium,0.46351,0.96459,No
3.482,-4.1634,3.5008,-0.078462,0,-44.37817032448829,6.459100594157364,high,4.1634,7.6642,No
0.51947,-3.2633,3.0895,-0.98492,0,-0.527423547090119,4.629692606134882,high,3.2633,6.3528,No
2.3164,-2.628,3.1529,-0.08622,0,-26.866156344235673,4.713841878807561,high,2.628,5.7809,No
-1.8348,11.0334,3.1863,-4.8888,0,0.375306823760432,12.615675952163642,high,11.0334,-7.8471,No
1.3754,8.8793,-1.9136,-0.53751,0,-2.558836114676936,9.202416835272135,low,8.8793,-10.792900000000001,No
-0.16682,5.8974,0.49839,-0.70044,0,0.2381645822625778,5.962060420534162,medium,5.8974,-5.3990100000000005,No
0.29961,7.1328,-0.31475,-1.1828,0,-0.2533057152519445,7.243251023856621,medium,7.1328,-7.44755,No
0.25035,9.3262,-3.6873,-6.2543,0,-0.040028460419231575,11.82172285847118,low,9.3262,-13.0135,No
2.4673,1.3926,1.7125,0.41421,0,5.956640351512517,3.3363348489172964,medium,1.3926,0.31989999999999985,No
0.77805,6.6424,-1.1425,-1.0573,0,-0.73588385510262,6.866587879179877,low,6.6424,-7.7849,No
3.4465,2.9508,1.0271,0.5461,0,6.311115180369895,4.6838811374756295,medium,2.9508,-1.9237000000000002,No
2.2429,-4.1427,5.2333,-0.40173,0,-5.5831030791825365,7.052756878193094,high,4.1427,9.376,No
3.7321,-3.884,3.3577,-0.0060486,0,-617.0188142710709,6.347299605782128,high,3.884,7.2417,No
4.3365,-3.584,3.6884,0.74912,0,5.7887921828278515,6.768734267527424,high,3.584,7.2724,No
-2.0759,10.8223,2.6439,-4.837,0,0.4291709737440562,12.32145747507169,high,10.8223,-8.1784,No
4.0715,7.6398,-2.0824,-1.1698,0,-3.480509488801505,8.980449771030402,low,7.6398,-9.7222,No
0.76163,5.8209,1.1959,-0.64613,0,-1.17875659696965,6.025829225409561,medium,5.8209,-4.625,No
-0.53966,7.3273,0.46583,-1.4543,0,0.37107886955923813,7.504168460562436,medium,7.3273,-6.86147,No
2.6213,5.7919,0.065686,-1.5759,0,-1.6633669649089409,6.550198070333141,medium,5.7919,-5.726214,No
3.0242,-3.3378,2.5865,-0.54785,0,-5.5201241215661225,5.222721163579385,high,3.3378,5.924300000000001,No
5.8519,5.3905,-2.4037,-0.061652,0,-94.91825082722377,8.311666410480152,low,5.3905,-7.7942,No
0.5706,-0.0248,1.2421,-0.5621,0,-1.0151218644369329,1.4781638001250064,medium,0.0248,1.2669,No
3.9771,11.1513,-3.9272,-4.3444,0,-0.9154543780499033,13.20853993823693,low,11.1513,-15.078500000000002,No
1.5478,9.1814,-1.6326,-1.7375,0,-0.8908201438848921,9.61135161202627,low,9.1814,-10.814,No
0.74054,0.36625,2.1992,0.48403,0,1.5299464909199842,2.398604643329117,high,0.36625,1.8329499999999999,No
0.49571,10.2243,-1.097,-4.0159,0,-0.12343683856669736,11.050470610073582,low,10.2243,-11.321299999999999,No
1.645,7.8612,-0.87598,-3.5569,0,-0.4624813742303691,8.827421424764992,low,7.8612,-8.73718,No
3.6077,6.8576,-1.1622,0.28231,0,12.779214338847366,7.840445448193616,low,6.8576,-8.0198,No
3.2403,-3.7082,5.2804,0.41291,0,7.84747281489913,7.232109661647837,high,3.7082,8.9886,No
3.9166,10.2491,-4.0926,-4.4659,0,-0.8770012763384759,12.533054054778507,low,10.2491,-14.3417,No
3.9262,6.0299,-2.0156,-0.065531,0,-59.91362866429628,7.472728960825556,low,6.0299,-8.0455,No
5.591,10.4643,-4.3839,-4.3379,0,-1.2888724959081583,13.371492478777379,low,10.4643,-14.848199999999999,No
3.7522,-3.6978,3.9943,1.3051,0,2.875028733430389,6.738727489667467,high,3.6978,7.6921,No
1.3114,4.5462,2.2935,0.22541,0,5.817843041568697,5.262951293532936,high,4.5462,-2.2527,No
3.7022,6.9942,-1.8511,-0.12889,0,-28.72371789898363,8.128241034941079,low,6.9942,-8.8453,No
4.364,-3.1039,2.3757,0.78532,0,5.55697040696786,5.910953324329334,high,3.1039,5.4796,No
3.5829,1.4423,1.0219,1.4008,0,2.5577527127355797,4.233665309161791,medium,1.4423,-0.4203999999999999,No
4.65,-4.8297,3.4553,-0.25174,0,-18.4714387860491,7.5465868581498485,high,4.8297,8.285,No
5.1731,3.9606,-1.983,0.40774,0,12.687251679992151,6.822452409331999,low,3.9606,-5.9436,No
3.2692,3.4184,0.20706,-0.066824,0,-48.92254279899438,4.735025500520139,medium,3.4184,-3.2113400000000003,No
2.4012,1.6223,3.0312,0.71679,0,3.349935127443184,4.254360125106947,high,1.6223,1.4089,No
1.7257,-4.4697,8.2219,-1.8073,0,-0.9548497759088143,9.686187664917503,high,4.4697,12.6916,No
4.7965,6.9859,-1.9967,-0.35001,0,-13.70389417445216,8.713123948969164,low,6.9859,-8.9826,No
4.0962,10.1891,-3.9323,-4.1827,0,-0.9793195782628445,12.391713998878444,low,10.1891,-14.1214,No
2.5559,3.3605,2.0321,0.26809,0,9.533738669849678,4.693281124980689,medium,3.3605,-1.3284000000000002,No
3.4916,8.5709,-3.0326,-0.59182,0,-5.89976682099287,9.756972432184073,low,8.5709,-11.6035,No
0.5195,-3.2633,3.0895,-0.9849,0,-0.5274647172301756,4.629691717598484,high,3.2633,6.3528,No
2.9856,7.2673,-0.409,-2.2431,0,-1.3310151130132404,8.180845632329214,medium,7.2673,-7.6762999999999995,No
4.0932,5.4132,-1.8219,0.23576,0,17.361723786901937,7.030783944027864,low,5.4132,-7.2351,No
1.7748,-0.76978,5.5854,1.3039,0,1.361147327249022,6.0530425951251985,high,0.76978,6.35518,No
5.2012,0.32694,0.17965,1.1797,0,4.408917521403747,5.346338692610112,medium,0.32694,-0.14729,No
-0.45062,-1.3678,7.0858,-0.40303,0,1.1180805399101805,7.241887188109188,high,1.3678,8.4536,No
4.8451,8.1116,-2.9512,-1.4724,0,-3.290613963596849,10.007526755897281,low,8.1116,-11.0628,No
0.74841,7.2756,1.1504,-0.5388,0,-1.389031180400891,7.423489643563867,medium,7.2756,-6.1251999999999995,No
5.1213,8.5565,-3.3917,-1.5474,0,-3.309616130283055,10.64610170860677,low,8.5565,-11.9482,No
3.6181,-3.7454,2.8273,-0.71208,0,-5.081030221323447,5.9681950358881535,high,3.7454,6.5727,No
0.040498,8.5234,1.4461,-3.9306,0,-0.010303261588561543,9.496884184721008,medium,8.5234,-7.077300000000001,No
-2.6479,10.1374,-1.331,-5.4707,0,0.48401484270751455,11.894468153725915,low,10.1374,-11.468399999999999,No
0.37984,0.70975,0.75716,-0.44441,0,-0.8547062397335793,1.1911402108064357,medium,0.70975,0.04741000000000006,No
-0.95923,0.091039,6.2204,-1.4828,0,0.6469045049905585,6.46687577524271,high,0.091039,6.129360999999999,No
2.8672,10.0008,-3.2049,-3.1095,0,-0.9220775044219327,11.321537472446046,low,10.0008,-13.2057,No
1.0182,9.109,-0.62064,-1.7129,0,-0.5944304979858719,9.34504321336183,medium,9.109,-9.72964,No
-2.7143,11.4535,2.1092,-3.9629,0,0.684927704458856,12.597753283423199,medium,11.4535,-9.3443,No
3.8244,-3.1081,2.4537,0.52024,0,7.351222512686451,5.529702914045202,high,3.1081,5.5618,No
2.7961,2.121,1.8385,0.38317,0,7.29728319022888,3.980416775778637,medium,2.121,-0.2825,No
3.5358,6.7086,-0.81857,0.47886,0,7.383786492920686,7.642418422495591,low,6.7086,-7.52717,No
-0.7056,8.7241,2.2215,-4.5965,0,0.15350810399216797,10.132653486130867,high,8.7241,-6.5026,No
4.1542,7.2756,-2.4766,-1.2099,0,-3.43350690139681,8.819815109740112,low,7.2756,-9.7522,No
0.92703,9.4318,-0.66263,-1.6728,0,-0.5541786226685796,9.646531719628564,low,9.4318,-10.094430000000001,No
1.8216,-6.4748,8.0514,-0.41855,0,-4.352168199737188,10.499594642770738,high,6.4748,14.5262,No
-2.4473,12.6247,0.73573,-7.6612,0,0.3194408186707043,14.986914674238324,medium,12.6247,-11.88897,No
3.5862,-3.0957,2.8093,0.24481,0,14.648911400678076,5.513282811184276,high,3.0957,5.904999999999999,No
0.66191,9.6594,-0.28819,-1.6638,0,-0.39783026806106503,9.828195008453994,medium,9.6594,-9.94759,No
4.7926,1.7071,-0.051701,1.4926,0,3.2109071419000403,5.302238482320557,medium,1.7071,-1.758801,No
4.9852,8.3516,-2.5425,-1.2823,0,-3.8877017858535443,10.134596249481277,low,8.3516,-10.8941,No
0.75736,3.0294,2.9164,-0.068117,0,-11.11851666984747,4.27327595824199,high,3.0294,-0.11299999999999999,No
4.6499,7.6336,-1.9427,-0.37458,0,-12.413636606332425,9.154660694771817,low,7.6336,-9.5763,No
-0.023579,7.1742,0.78457,-0.75734,0,0.031133968891118916,7.25663941296114,medium,7.1742,-6.38963,No
0.85574,0.0082678,6.6042,-0.53104,0,-1.6114416993070202,6.680555397997747,high,0.0082678,6.5959322,No
0.88298,0.66009,6.0096,-0.43277,0,-2.0402985419506896,6.125190162060277,high,0.66009,5.3495099999999995,No
4.0422,-4.391,4.7466,1.137,0,3.5551451187335092,7.709944383716396,high,4.391,9.137599999999999,No
2.2546,8.0992,-0.24877,-3.2698,0,-0.6895222949415866,9.024064514003653,medium,8.0992,-8.34797,No
0.38478,6.5989,-0.3336,-0.56466,0,-0.6814366167251089,6.642564770779432,medium,6.5989,-6.9325,No
3.1541,-5.1711,6.5991,0.57455,0,5.489687581585589,8.97590388387153,high,5.1711,11.770199999999999,No
2.3969,0.23589,4.8477,1.437,0,1.6679888656924147,5.600530152771253,high,0.23589,4.611809999999999,No
4.7114,2.0755,-0.2702,1.2379,0,3.805961709346474,5.301923675421969,medium,2.0755,-2.3457,No
4.0127,10.1477,-3.9366,-4.0728,0,-0.9852435670791593,12.294799550216343,low,10.1477,-14.0843,No
2.6606,3.1681,1.9619,0.18662,0,14.256778480334368,4.58252426119055,medium,3.1681,-1.2062,No
3.931,1.8541,-0.023425,1.2314,0,3.1923014455091763,4.517448671609341,medium,1.8541,-1.877525,No
0.01727,8.693,1.3989,-3.9668,0,-0.004353635171926994,9.657171982671738,medium,8.693,-7.294099999999999,No
3.2414,0.40971,1.4015,1.1952,0,2.712014725568942,3.7506321512646372,medium,0.40971,0.99179,No
2.2504,3.5757,0.35273,0.2836,0,7.935119887165021,4.249091439696255,medium,3.5757,-3.22297,No
-1.3971,3.3191,-1.3927,-1.9948,1,0.7003709645077201,4.345935290590508,low,3.3191,-4.7118,Sí
0.39012,-0.14279,-0.031994,0.35084,1,1.1119598677459812,0.5446970902584298,medium,0.14279,0.110796,Sí
-1.6677,-7.1535,7.8929,0.96765,1,-1.7234537281041697,10.825340755491258,high,7.1535,15.0464,Sí
-3.8483,-12.8047,15.6824,-1.281,1,3.004137392661983,20.648205387878143,high,12.8047,28.487099999999998,Sí
-3.5681,-8.213,10.083,0.96765,1,-3.687386968428667,13.519909102227722,high,8.213,18.296,Sí
-2.2804,-0.30626,1.3347,1.3763,1,-1.6569061977766475,2.994936581565627,medium,0.30626,1.64096,Sí
-1.7582,2.7397,-2.5323,-2.234,1,0.787018800358102,4.690471470971762,low,2.7397,-5.272,Sí
-0.89409,3.1991,-1.8219,-2.9452,1,0.30357530897731905,4.798662354042009,low,3.1991,-5.021,Sí
0.3434,0.12415,-0.28733,0.14654,1,2.34338747099768,0.48720558596961916,medium,0.12415,-0.41147999999999996,Sí
-0.9854,-6.661,5.8245,0.5461,1,-1.804431422816334,8.919807151502772,high,6.661,12.485499999999998,Sí
-2.4115,-9.1359,9.3444,-0.65259,1,3.6952757474064883,13.305024845076389,high,9.1359,18.4803,Sí
-1.5252,-6.2534,5.3524,0.59912,1,-2.5457337428228066,8.39275742139614,high,6.2534,11.6058,Sí
-0.61442,-0.091058,-0.31818,0.50214,1,-1.223602979248815,0.8597596104516657,medium,0.091058,-0.22712200000000002,Sí
-0.36506,2.8928,-3.6461,-3.0603,1,0.11928895859883018,5.582207622760014,low,2.8928,-6.5389,Sí
-5.9034,6.5679,0.67661,-6.6797,1,0.8837822057876851,11.09340502966064,medium,6.5679,-5.89129,Sí
-1.8215,2.7521,-0.72261,-2.353,1,0.7741181470463238,4.117121673220261,low,2.7521,-3.47471,Sí
-0.77461,-1.8768,2.4023,1.1319,1,-0.6843449067938865,3.3428493522891514,high,1.8768,4.2791,Sí
-1.8187,-9.0366,9.0162,-0.12243,1,14.855019194641836,12.894753227375078,high,9.0366,18.052799999999998,Sí
-3.5801,-12.9309,13.1779,-2.5677,1,1.3942828212018539,18.980922594015286,high,12.9309,26.1088,Sí
-1.8219,-6.8824,5.4681,0.057313,1,-31.78859944515206,8.977201777835285,high,6.8824,12.3505,Sí
-0.3481,-0.38696,-0.47841,0.62627,1,-0.5558305523176905,0.9444585181997143,medium,0.38696,-0.09144999999999998,Sí
0.47368,3.3605,-4.5064,-4.0431,1,-0.11715762657366872,6.940578618703198,low,3.3605,-7.8669,Sí
-3.4083,4.8587,-0.76888,-4.8668,1,0.700316429686858,7.713649802421679,low,4.8587,-5.62758,Sí
-1.6662,-0.30005,1.4238,0.024986,1,-66.68534379252381,2.212257485623226,medium,0.30005,1.7238499999999999,Sí
-2.0962,-7.1059,6.6188,-0.33708,1,6.2187017918595,9.940322208882366,high,7.1059,13.7247,Sí
-2.6685,-10.4519,9.1139,-1.7323,1,1.540437568550482,14.227689283928013,high,10.4519,19.5658,Sí
-0.47465,-4.3496,1.9901,0.7517,1,-0.6314354130637222,4.865168412552642,medium,4.3496,6.3397,Sí
1.0552,1.1857,-2.6411,0.11033,1,9.564035167225596,3.0833283070247317,low,1.1857,-3.8267999999999995,Sí
1.1644,3.8095,-4.9408,-4.0909,1,-0.28463174362609694,7.550833401684876,low,3.8095,-8.7503,Sí
-4.4779,7.3708,-0.31218,-6.7754,1,0.6609056291879446,10.97195436384968,medium,7.3708,-7.68298,Sí
-2.7338,0.45523,2.4391,0.21766,1,-12.559955894514381,3.6983079209957626,high,0.45523,1.9838699999999998,Sí
-2.286,-5.4484,5.8039,0.88231,1,-2.5909260917364643,8.329140694339362,high,5.4484,11.2523,Sí
-1.6244,-6.3444,4.6575,0.16981,1,-9.56598551322066,8.038110997373698,high,6.3444,11.0019,Sí
0.50813,0.47799,-1.9804,0.57714,1,0.880427625879336,2.1775548848651325,low,0.47799,-2.45839,Sí
1.6408,4.2503,-4.9023,-2.6621,1,-0.6163555088088352,7.202540970379829,low,4.2503,-9.1526,Sí
0.81583,4.84,-5.2613,-6.0823,1,-0.13413182513194022,9.421615019140827,low,4.84,-10.1013,Sí
-5.4901,9.1048,-0.38758,-5.9763,1,0.9186453156635376,12.202662045488271,medium,9.1048,-9.492379999999999,Sí
-3.2238,2.7935,0.32274,-0.86078,1,3.7452078347545252,4.363671849028064,medium,2.7935,-2.47076,Sí
-2.0631,-1.5147,1.219,0.44524,1,-4.633680711526368,2.869651086386636,medium,1.5147,2.7337,Sí
-0.91318,-2.0113,-0.19565,0.066365,1,-13.759963836359528,2.2185374998239267,medium,2.0113,1.8156499999999998,Sí
0.6005,1.9327,-3.2888,-0.32415,1,-1.8525374055221349,3.875204278809054,low,1.9327,-5.221500000000001,Sí
0.91315,3.3377,-4.0557,-1.6741,1,-0.5454572606176453,5.587968997095456,low,3.3377,-7.3934,Sí
-0.28015,3.0729,-3.3857,-2.9155,1,0.09608986451723546,5.4299450432301795,low,3.0729,-6.458600000000001,Sí
-3.6085,3.3253,-0.51954,-3.5737,1,1.0097378067549039,6.092630453392032,medium,3.3253,-3.84484,Sí
-6.2003,8.6806,0.0091344,-3.703,1,1.674399135835809,11.291980733567666,medium,8.6806,-8.6714656,Sí
-4.2932,3.3419,0.77258,-0.99785,1,4.302450268076364,5.585019814548557,medium,3.3419,-2.56932,Sí
-3.0265,-0.062088,0.68604,-0.055186,1,54.841807704852684,3.1043926210999793,medium,0.062088,0.748128,Sí
-1.7015,-0.010356,-0.99337,-0.53104,1,3.204090087375716,2.0405873995582744,low,0.010356,-0.9830139999999999,Sí
-0.64326,2.4748,-2.9452,-1.0276,1,0.6259828727131179,4.0334331862075015,low,2.4748,-5.42,Sí
-0.86339,1.9348,-2.3729,-1.0897,1,0.7923189868771222,3.362587371667835,low,1.9348,-4.3077000000000005,Sí
-2.0659,1.0512,-0.46298,-1.0974,1,1.8825405503918353,2.606070123845481,medium,1.0512,-1.5141799999999999,Sí
-2.1333,1.5685,-0.084261,-1.7453,1,1.2223113504841576,3.172433316260722,medium,1.5685,-1.652761,Sí
-1.2568,-1.4733,2.8718,0.44653,1,-2.8145925245784156,3.492389355570195,high,1.4733,4.3451,Sí
-3.1128,-6.841,10.7402,-1.0172,1,3.0601651592607153,13.148208878778888,high,6.841,17.5812,Sí
-4.8554,-5.9037,10.9818,-0.82199,1,5.906884511977032,13.405378832770822,high,5.9037,16.8855,Sí
-2.588,3.8654,-0.3336,-1.2797,1,2.022348988044073,4.836112303286598,medium,3.8654,-4.199,Sí
0.24394,1.4733,-1.4192,-0.58535,1,-0.41674212009908596,2.141700930592318,low,1.4733,-2.8925,Sí
-1.5322,-5.0966,6.6779,0.17498,1,-8.756429306206424,8.540956317087684,high,5.0966,11.7745,Sí
-4.0025,-13.4979,17.6772,-3.3202,1,1.205499668694657,22.841200461884657,high,13.4979,31.1751,Sí
-4.0173,-8.3123,12.4547,-1.4375,1,2.7946434782608693,15.569810176106838,high,8.3123,20.767000000000003,Sí
-3.0731,-0.53181,2.3877,0.77627,1,-3.9588029938037024,4.003807174302979,high,0.53181,2.9195100000000003,Sí
-1.979,3.2301,-1.3575,-2.5819,1,0.7664897943375034,4.781108749024645,low,3.2301,-4.5876,Sí
-0.4294,-0.14693,0.044265,-0.15605,1,2.75168215315604,0.48195827373850525,medium,0.14693,0.191195,Sí
-2.234,-7.0314,7.4936,0.61334,1,-3.6423517135683308,10.533829734507767,high,7.0314,14.524999999999999,Sí
-4.211,-12.4736,14.9704,-1.3884,1,3.032987611639297,19.984087386718464,high,12.4736,27.444,Sí
-3.8073,-8.0971,10.1772,0.65084,1,-5.849824841742978,13.566781278018746,high,8.0971,18.274299999999997,Sí
-2.5912,-0.10554,1.2798,1.0414,1,-2.4881889763779528,3.0737368351243086,medium,0.10554,1.38534,Sí
-2.2482,3.0915,-2.3969,-2.6711,1,0.8416757141252668,5.243250929528359,low,3.0915,-5.4884,Sí
-1.4427,3.2922,-1.9702,-3.4392,1,0.41948709002093515,5.3506774159913615,low,3.2922,-5.2623999999999995,Sí
-0.39416,-0.020702,-0.066267,-0.44699,1,0.8818094364527171,0.5999850446411144,medium,0.020702,-0.04556500000000001,Sí
-1.522,-6.6383,5.7491,-0.10691,1,14.23627350107567,8.913309791996461,high,6.6383,12.3874,Sí
-2.8267,-9.0407,9.0694,-0.98233,1,2.8775462420978695,13.150797617213186,high,9.0407,18.1101,Sí
-1.7263,-6.0237,5.2419,0.29524,1,-5.847107438016529,8.174946828426469,high,6.0237,11.2656,Sí
-0.94255,0.039307,-0.24192,0.31593,1,-2.983414047415567,1.0238567253522342,medium,0.039307,-0.281227,Sí
-0.89569,3.0025,-3.6067,-3.4457,1,0.2599442783759468,5.890534797970385,low,3.0025,-6.6091999999999995,Sí
-6.2815,6.6651,0.52581,-7.0107,1,0.8959875618697135,11.545873327994725,medium,6.6651,-6.13929,Sí
-2.3211,3.166,-1.0002,-2.7151,1,0.8548856395712865,4.876805230886302,low,3.166,-4.1662,Sí
-1.3414,-2.0776,2.8093,0.60688,1,-2.2103216451357763,3.791601975999063,high,2.0776,4.8869,Sí
-2.258,-9.3263,9.3727,-0.85949,1,2.6271393500796987,13.441155606572673,high,9.3263,18.698999999999998,Sí
-3.8858,-12.8461,12.7957,-3.1353,1,1.239371033074985,18.806428991969742,high,12.8461,25.6418,Sí
-1.8969,-6.7893,5.2761,-0.32544,1,5.82872418879056,8.811127425227715,high,6.7893,12.0654,Sí
-0.52645,-0.24832,-0.45613,0.41938,1,-1.255305450903715,0.8501450383316954,medium,0.24832,-0.20780999999999997,Sí
0.0096613,3.5612,-4.407,-4.4103,1,-0.0021906219531551137,7.180155560342525,low,3.5612,-7.9681999999999995,Sí
-3.8826,4.898,-0.92311,-5.0801,1,0.7642762937737446,8.107066969138714,low,4.898,-5.82111,Sí
-2.1405,-0.16762,1.321,-0.20906,1,10.238687458145986,2.5295422111520494,medium,0.16762,1.48862,Sí
-2.4824,-7.3046,6.839,-0.59053,1,4.203681438707602,10.3266711771461,high,7.3046,14.1436,Sí
-2.9098,-10.0712,8.4156,-1.9948,1,1.4586926007619814,13.59034789400183,high,10.0712,18.4868,Sí
-0.60975,-4.002,1.8471,0.6017,1,-1.0133787601794915,4.490169302208994,medium,4.002,5.8491,Sí
0.83625,1.1071,-2.4706,-0.062945,1,-13.285407895782033,2.83422139317397,low,1.1071,-3.5777,Sí
0.60731,3.9544,-4.772,-4.4853,1,-0.13540008472120038,7.674373256892057,low,3.9544,-8.7264,Sí
-4.8861,7.0542,-0.17252,-6.959,1,0.7021267423480385,11.049577141248438,medium,7.0542,-7.22672,Sí
-3.1366,0.42212,2.6225,-0.064238,1,48.82779663127744,4.110727140670371,high,0.42212,2.20038,Sí
-2.5754,-5.6574,6.103,0.65214,1,-3.94915202257184,8.7356027553684,high,5.6574,11.7604,Sí
-1.8782,-6.5865,4.8486,-0.021566,1,87.09079106000186,8.391603216451312,high,6.5865,11.4351,Sí
0.24261,0.57318,-1.9402,0.44007,1,0.5512986570318358,2.084570116211014,low,0.57318,-2.5133799999999997,Sí
1.296,4.2855,-4.8457,-2.9013,1,-0.44669630855133907,7.207182280891749,low,4.2855,-9.1312,Sí
0.25943,5.0097,-5.0394,-6.3862,1,-0.040623531990855284,9.557379390549482,low,5.0097,-10.0491,Sí
-5.873,9.1752,-0.27448,-6.0422,1,0.9719969547515805,12.460334832997065,medium,9.1752,-9.44968,Sí
-3.4605,2.6901,0.16165,-1.0224,1,3.3846830985915495,4.503679689154192,medium,2.6901,-2.5284500000000003,Sí
-2.3797,-1.4402,1.1273,0.16076,1,-14.802811644687736,3.0056275879755967,medium,1.4402,2.5675,Sí
-1.2424,-1.7175,-0.52553,-0.21036,1,5.906065791975661,2.1940367181293934,medium,1.7175,1.19197,Sí
0.20216,1.9182,-3.2828,-0.61768,1,-0.3272892112420671,3.8572871720938795,low,1.9182,-5.201,Sí
0.59823,3.5012,-3.9795,-1.7841,1,-0.3353119219774677,5.624563417092921,low,3.5012,-7.4807,Sí
-0.77995,3.2322,-3.282,-3.1004,1,0.25156431428202813,5.607088638723308,low,3.2322,-6.514200000000001,Sí
-4.1409,3.4619,-0.47841,-3.8879,1,1.0650736901669282,6.669066423278449,medium,3.4619,-3.94031,Sí
-6.5084,8.7696,0.23191,-3.937,1,1.6531369062738126,11.61115437706777,medium,8.7696,-8.537690000000001,Sí
-4.4996,3.4288,0.56265,-1.1672,1,3.8550376970527758,5.803619600085795,medium,3.4288,-2.8661499999999998,Sí
-3.3125,0.10139,0.55323,-0.2957,1,11.202231991883664,3.3728975829396304,medium,0.10139,0.45184,Sí
-1.9423,0.3766,-1.2898,-0.82458,1,2.3555021950568773,2.5015741177106867,low,0.3766,-1.6664,Sí
-0.75793,2.5349,-3.0464,-1.2629,1,0.6001504473830074,4.227959941260087,low,2.5349,-5.581300000000001,Sí
-0.95403,1.9824,-2.3163,-1.1957,1,0.7978840846366145,3.411015564447046,low,1.9824,-4.2987,Sí
-2.2173,1.4671,-0.72689,-1.1724,1,1.891248720573183,2.995278373056501,low,1.4671,-2.1939900000000003,Sí
-2.799,1.9679,-0.42357,-2.1125,1,1.3249704142011836,4.04340193462139,medium,1.9679,-2.39147,Sí
-1.8629,-0.84841,2.5377,0.097399,1,-19.12647973798499,3.261840553016196,high,0.84841,3.38611,Sí
-3.5916,-6.2285,10.2389,-1.1543,1,3.1114961448496925,12.564286072435632,high,6.2285,16.467399999999998,Sí
-5.1216,-5.3118,10.3846,-1.0612,1,4.826234451564267,12.783272992469495,high,5.3118,15.6964,Sí
-3.2854,4.0372,-0.45356,-1.8228,1,1.8023919245117404,5.533638361295397,medium,4.0372,-4.490760000000001,Sí
-0.56877,1.4174,-1.4252,-1.1246,1,0.5057531566779299,2.3724338289823805,low,1.4174,-2.8426,Sí
-2.3518,-4.8359,6.6479,-0.060358,1,38.964180390337646,8.55073736868137,high,4.8359,11.483799999999999,Sí
-4.4861,-13.2889,17.3087,-3.2194,1,1.3934584083990809,22.50945553473029,high,13.2889,30.5976,Sí
-4.3876,-7.7267,11.9655,-1.4543,1,3.0169841160695867,14.974682146543211,high,7.7267,19.6922,Sí
-3.3604,-0.32696,2.1324,0.6017,1,-5.584842944989197,4.038361505809008,high,0.32696,2.45936,Sí
-1.0112,2.9984,-1.1664,-1.6185,1,0.6247760271856658,3.7407164033110023,low,2.9984,-4.1648000000000005,Sí
0.030219,-1.0512,1.4024,0.77369,1,0.03905827915573421,1.9160523489876262,medium,1.0512,2.4536,Sí
-1.6514,-8.4985,9.1122,1.2379,1,-1.3340334437353583,12.629972662678252,high,8.4985,17.6107,Sí
-3.2692,-12.7406,15.5573,-0.14182,1,23.051755746721195,20.373027590478543,high,12.7406,28.2979,Sí
-2.5701,-6.8452,8.9999,2.1353,1,-1.2036247834028007,11.790669325784691,high,6.8452,15.8451,Sí
-1.3066,0.25244,0.7623,1.7758,1,-0.7357810564252731,2.346379432998849,medium,0.25244,0.50986,Sí
-1.6637,3.2881,-2.2701,-2.2224,1,0.7486051115910727,4.865379231879053,low,3.2881,-5.558199999999999,Sí
-0.55008,2.8659,-1.6488,-2.4319,1,0.2261935112463506,4.141092834796148,low,2.8659,-4.5146999999999995,Sí
0.21431,-0.69529,0.87711,0.29653,1,0.7227261997099788,1.1775436098930687,medium,0.69529,1.5724,Sí
-0.77288,-7.4473,6.492,0.36119,1,-2.1398156095129988,9.916458188309978,high,7.4473,13.9393,Sí
-1.8391,-9.0883,9.2416,-0.10432,1,17.629409509202453,13.09188828711886,high,9.0883,18.329900000000002,Sí
-0.63298,-5.1277,4.5624,1.4797,1,-0.42777590052037573,7.049750124678179,high,5.1277,9.690100000000001,Sí
0.0040545,0.62905,-0.64121,0.75817,1,0.005347745228642653,1.1754541056418366,low,0.62905,-1.27026,Sí
-0.28696,3.1784,-3.5767,-3.1896,1,0.08996739403059945,5.757682142286078,low,3.1784,-6.7551000000000005,Sí
-5.2406,6.6258,-0.19908,-6.8607,1,0.7638579153730669,10.88457400803541,medium,6.6258,-6.82488,Sí
-1.4446,2.1438,-0.47241,-1.6677,1,0.8662229417760989,3.1124174042213557,medium,2.1438,-2.61621,Sí
-0.65767,-2.8018,3.7115,0.99739,1,-0.6593910105375028,4.801315666668876,high,2.8018,6.5133,Sí
-1.5449,-10.1498,9.6152,-1.2332,1,1.2527570548167368,14.120127808557541,high,10.1498,19.765,Sí
-2.8957,-12.0205,11.9149,-2.7552,1,1.0509944831591174,17.39061435918812,high,12.0205,23.9354,Sí
-0.81479,-5.7381,4.3919,0.3211,1,-2.5374961071317346,7.2788436701237105,high,5.7381,10.129999999999999,Sí
0.50225,0.65388,-1.1793,0.39998,1,1.2556877843892194,1.493501458753891,low,0.65388,-1.83318,Sí
0.74521,3.6357,-4.4044,-4.1414,1,-0.17994156565412664,7.093911879499209,low,3.6357,-8.040099999999999,Sí
-2.9146,4.0537,-0.45699,-4.0327,1,0.7227415875220076,6.4341966087538855,medium,4.0537,-4.51069,Sí
-1.3907,-1.3781,2.3055,-0.021566,1,64.48576462950942,3.0247316314602193,high,1.3781,3.6836,Sí
-1.786,-8.1157,7.0858,-1.2112,1,1.474570673712021,10.987718123887234,high,8.1157,15.2015,Sí
-1.7322,-9.2828,7.719,-1.7168,1,1.0089701770736252,12.316706374676633,high,9.2828,17.0018,Sí
0.55298,-3.4619,1.7048,1.1008,1,0.50234375,4.050758221666655,medium,3.4619,5.1667000000000005,Sí
2.031,1.852,-3.0121,0.003003,1,676.3236763236764,4.077697932413459,low,1.852,-4.8641000000000005,Sí
1.2279,4.0309,-4.6435,-3.9125,1,-0.31384025559105433,7.390916162425332,low,4.0309,-8.6744,Sí
-4.2249,6.2699,0.15822,-5.5457,1,0.7618334926159006,9.377699508856104,medium,6.2699,-6.11168,Sí
-2.5346,-0.77392,3.3602,0.00171,1,-1482.2222222222224,4.27949720066505,high,0.77392,4.13412,Sí
-1.749,-6.332,6.0987,0.14266,1,-12.259918687789149,8.964804435435276,high,6.332,12.4307,Sí
-0.539,-5.167,3.4399,0.052141,1,-10.337354481118506,6.2308940525321885,high,5.167,8.6069,Sí
1.5631,0.89599,-1.9702,0.65472,1,2.3874327956989245,2.748895416071699,low,0.89599,-2.86619,Sí
2.3917,4.5565,-4.9888,-2.8987,1,-0.8250940076586056,7.731268218733587,low,4.5565,-9.545300000000001,Sí
0.89512,4.7738,-4.8431,-5.5909,1,-0.1601030245577635,8.848965288348689,low,4.7738,-9.6169,Sí
-5.4808,8.1819,0.27818,-5.0323,1,1.089124257297856,11.062734004413196,medium,8.1819,-7.903720000000001,Sí
-2.8833,1.7713,0.68946,-0.4638,1,6.216688227684347,3.4844494703754854,medium,1.7713,-1.0818400000000001,Sí
-1.4174,-2.2535,1.518,0.61981,1,-2.2868298349494203,3.1266233297440866,medium,2.2535,3.7714999999999996,Sí
0.4283,-0.94981,-1.0731,0.3211,1,1.3338523824353785,1.5297806202524595,low,0.94981,-0.1232899999999999,Sí
1.5904,2.2121,-3.1183,-0.11725,1,-13.564179104477613,4.142499369040387,low,2.2121,-5.3304,Sí
1.7425,3.6833,-4.0129,-1.7207,1,-1.0126692625094438,5.97220060279291,low,3.6833,-7.6962,Sí
-0.23356,3.2405,-3.0669,-2.7784,1,0.08406276993953354,5.261252008182082,low,3.2405,-6.3073999999999995,Sí
-3.6227,3.9958,-0.35845,-3.9047,1,0.9277793428432402,6.668248752296212,medium,3.9958,-4.35425,Sí
-6.1536,7.9295,0.61663,-3.2646,1,1.8849476199228081,10.572682201168254,medium,7.9295,-7.31287,Sí
-3.9172,2.6652,0.78886,-0.7819,1,5.0098478066248875,4.866355370254005,medium,2.6652,-1.87634,Sí
-2.2214,-0.23798,0.56008,0.05602,1,-39.653695108889686,2.303927144507829,medium,0.23798,0.79806,Sí
-0.49241,0.89392,-1.6283,-0.56854,1,0.8660956133253597,2.004035727251388,low,0.89392,-2.52222,Sí
0.26517,2.4066,-2.8416,-0.59958,1,-0.44225958170719504,3.7810349674791426,low,2.4066,-5.248200000000001,Sí
-0.10234,1.8189,-2.2169,-0.56725,1,0.18041427941824592,2.9249425392817545,low,1.8189,-4.0358,Sí
-1.6176,1.0926,-0.35502,-0.59958,1,2.6978885219653757,2.072664926320702,medium,1.0926,-1.4476200000000001,Sí
-1.8448,1.254,0.27218,-1.0728,1,1.719612229679344,2.490137512749045,medium,1.254,-0.98182,Sí
-1.2786,-2.4087,4.5735,0.47627,1,-2.6846116698511344,5.346062945093333,high,2.4087,6.982200000000001,Sí
-2.902,-7.6563,11.8318,-0.84268,1,3.4437746238192437,14.413262452075172,high,7.6563,19.4881,Sí
-4.3773,-5.5167,10.939,-0.4082,1,10.723419892209701,13.016262229226944,high,5.5167,16.4557,Sí
-2.0529,3.8385,-0.79544,-1.2138,1,1.6913000494315376,4.588520011245456,low,3.8385,-4.63394,Sí
0.18868,0.70148,-0.51182,0.0055892,1,33.75796178343949,0.8886311295226158,medium,0.70148,-1.2133,Sí
-1.7279,-6.841,8.9494,0.68058,1,-2.5388639101942463,11.416648759876955,high,6.841,15.790400000000002,Sí
-3.3793,-13.7731,17.9274,-2.0323,1,1.6627958470698223,22.94863538753448,high,13.7731,31.700499999999998,Sí
-3.1273,-7.1121,11.3897,-0.083634,1,37.39268718463783,13.787466498090067,high,7.1121,18.5018,Sí
-2.121,-0.05588,1.949,1.353,1,-1.5676274944567627,3.182919033591649,medium,0.05588,2.00488,Sí
-1.7697,3.4329,-1.2144,-2.3789,1,0.7439152549497667,4.695803772518609,low,3.4329,-4.6472999999999995,Sí
-0.0012852,0.13863,-0.19651,0.0081754,1,-0.15720331726887982,0.24063030961248416,medium,0.13863,-0.33514,Sí
-1.682,-6.8121,7.1398,1.3323,1,-1.2624784207761015,10.09879189507339,high,6.8121,13.9519,Sí
-3.4917,-12.1736,14.3689,-0.61639,1,5.664757702104187,19.163343385017658,high,12.1736,26.5425,Sí
-3.1158,-8.6289,10.4403,0.97153,1,-3.2071063168404477,13.932331444553709,high,8.6289,19.069200000000002,Sí
-2.0891,-0.48422,1.704,1.7435,1,-1.1982219673071408,3.246877895517477,medium,0.48422,2.18822,Sí
-1.6936,2.7852,-2.1835,-1.9276,1,0.8786055198173895,4.371376672170908,low,2.7852,-4.9687,Sí
-1.2846,3.2715,-1.7671,-3.2608,1,0.39395240431795875,5.109634865623962,low,3.2715,-5.0386,Sí
-0.092194,0.39315,-0.32846,-0.13794,1,0.6683630564013339,0.5384979770955505,medium,0.39315,-0.72161,Sí
-1.0292,-6.3879,5.5255,0.79955,1,-1.2872240635357388,8.546048765511463,high,6.3879,11.9134,Sí
-2.2083,-9.1069,8.9991,-0.28406,1,7.774061817925791,12.995257111484943,high,9.1069,18.106,Sí
-1.0744,-6.3113,5.355,0.80472,1,-1.3351227756238195,8.385132218897922,high,6.3113,11.6663,Sí
-0.51003,-0.23591,0.020273,0.76334,1,-0.668155736631121,0.9480944463127078,medium,0.23591,0.256183,Sí
-0.36372,3.0439,-3.4816,-2.7836,1,0.13066532547779855,5.409952584672069,low,3.0439,-6.525499999999999,Sí
-6.3979,6.4479,1.0836,-6.6176,1,0.9668006528046421,11.290498551436954,medium,6.4479,-5.3643,Sí
-2.2501,3.3129,-0.88369,-2.8974,1,0.7765928073445157,5.0213634797831554,low,3.3129,-4.19659,Sí
-1.1859,-1.2519,2.2635,0.77239,1,-1.5353642589883347,2.948496393435135,high,1.2519,3.5154,Sí
-1.8076,-8.8131,8.7086,-0.21682,1,8.336869292500692,12.522973857770365,high,8.8131,17.521700000000003,Sí
-3.3863,-12.9889,13.0545,-2.7202,1,1.2448717006102492,18.9208353195624,high,12.9889,26.0434,Sí
-1.4106,-7.108,5.6454,0.31335,1,-4.501675442795596,9.19141913648268,high,7.108,12.7534,Sí
-0.21394,-0.68287,0.096532,1.1965,1,-0.17880484747179273,1.3975022137814308,medium,0.68287,0.7794019999999999,Sí
0.48797,3.5674,-4.3882,-3.8116,1,-0.12802235281771435,6.837327788025085,low,3.5674,-7.9556000000000004,Sí
-3.8167,5.1401,-0.65063,-5.4306,1,0.7028136854122933,8.42036594554536,low,5.1401,-5.79073,Sí
-1.9555,0.20692,1.2473,-0.3707,1,5.275155111950364,2.357959269453143,medium,0.20692,1.04038,Sí
-2.1786,-6.4479,6.0344,-0.20777,1,10.485633152043123,9.098289075584486,high,6.4479,12.482299999999999,Sí
-2.3299,-9.9532,8.4756,-1.8733,1,1.2437409918325948,13.41043148075408,high,9.9532,18.428800000000003,Sí
0.0031201,-4.0061,1.7956,0.91722,1,0.003401692069514402,4.484898976947419,medium,4.0061,5.8017,Sí
1.3518,1.0595,-2.3437,0.39998,1,3.379668983449172,2.9330559456648624,low,1.0595,-3.4032,Sí
1.2309,3.8923,-4.8277,-4.0069,1,-0.3071950884723852,7.485121842695682,low,3.8923,-8.72,Sí
-5.0301,7.5032,-0.13396,-7.5034,1,0.6703760961697364,11.743886626309026,medium,7.5032,-7.63716,Sí
-3.0799,0.60836,2.7039,-0.23751,1,12.96745400193676,4.150105072127693,high,0.60836,2.0955399999999997,Sí
-2.2987,-5.227,5.63,0.91722,1,-2.5061599180131267,8.071167401212788,high,5.227,10.857,Sí
-1.239,-6.541,4.8151,-0.033204,1,37.314781351644385,8.216209132904057,high,6.541,11.356100000000001,Sí
0.75896,0.29176,-1.6506,0.83834,1,0.9053128802156643,2.0219887474464344,low,0.29176,-1.94236,Sí
1.6799,4.2068,-4.5398,-2.3931,1,-0.7019765158163052,6.845140020481685,low,4.2068,-8.7466,Sí
0.63655,5.2022,-5.2159,-6.1211,1,-0.10399274640179051,9.599039470827277,low,5.2022,-10.4181,Sí
-6.0598,9.2952,-0.43642,-6.3694,1,0.9513925958489026,12.80162637544152,medium,9.2952,-9.73162,Sí
-3.518,2.8763,0.1548,-1.2086,1,2.9108058911136854,4.704689436083959,medium,2.8763,-2.7215000000000003,Sí
-2.0336,-1.4092,1.1582,0.36507,1,-5.570438546032268,2.756098137748364,medium,1.4092,2.5674,Sí
-0.69745,-1.7672,-0.34474,-0.12372,1,5.637326220497899,1.9348345274208851,medium,1.7672,1.42246,Sí
0.75108,1.9161,-3.1098,-0.20518,1,-3.6605907008480356,3.734771110630476,low,1.9161,-5.0259,Sí
0.84546,3.4826,-3.6307,-1.3961,1,-0.6055869923357926,5.289081496025562,low,3.4826,-7.113300000000001,Sí
-0.55648,3.2136,-3.3085,-2.7965,1,0.19899159663865545,5.4224975288514425,low,3.2136,-6.5221,Sí
-3.6817,3.2239,-0.69347,-3.4004,1,1.0827255616986238,5.999338871984145,low,3.2239,-3.91737,Sí
-6.7526,8.8172,-0.061983,-3.725,1,1.812778523489933,11.714097894942189,medium,8.8172,-8.879183,Sí
-4.577,3.4515,0.66719,-0.94742,1,4.831014755863292,5.8484637643145225,medium,3.4515,-2.7843099999999996,Sí
-2.9883,0.31245,0.45041,0.068951,1,-43.339472959057886,3.038944767678577,medium,0.31245,0.13795999999999997,Sí
-1.4781,0.14277,-1.1622,-0.48579,1,3.0426727598344963,1.9472708201480349,low,0.14277,-1.30497,Sí
-0.46651,2.3383,-2.9812,-1.0431,1,0.4472342057329115,3.9573841764605064,low,2.3383,-5.3195,Sí
-0.8734,1.6533,-2.1964,-0.78061,1,1.1188685771383917,2.9882692954451078,low,1.6533,-3.8497000000000003,Sí
-2.1234,1.1815,-0.55552,-0.81165,1,2.616152282387729,2.6214782095031803,medium,1.1815,-1.73702,Sí
-2.3142,2.0838,-0.46813,-1.6767,1,1.3802111290033996,3.567662072968795,medium,2.0838,-2.55193,Sí
-1.4233,-0.98912,2.3586,0.39481,1,-3.605025201995897,2.9534742525541,high,0.98912,3.34772,Sí
-3.0866,-6.6362,10.5405,-0.89182,1,3.461012311901505,12.863270702368041,high,6.6362,17.1767,Sí
-4.7331,-6.1789,11.388,-1.0741,1,4.406572944790988,13.83550778359797,high,6.1789,17.5669,Sí
-2.8829,3.8964,-0.1888,-1.1672,1,2.469928032899246,4.9890927682295105,medium,3.8964,-4.0851999999999995,Sí
-0.036127,1.525,-1.4089,-0.76121,1,0.0474599650556351,2.211644192502266,low,1.525,-2.9339,Sí
-1.7104,-4.778,6.2109,0.3974,1,-4.303975842979366,8.030439448124865,high,4.778,10.9889,Sí
-3.8203,-13.0551,16.9583,-2.3052,1,1.657253166753427,21.861569340511675,high,13.0551,30.0134,Sí
-3.7181,-8.5089,12.363,-0.95518,1,3.892564752193304,15.491345475858449,high,8.5089,20.8719,Sí
-2.899,-0.60424,2.6045,1.3776,1,-2.10438443670151,4.177380637145722,high,0.60424,3.2087399999999997,Sí
-0.98193,2.7956,-1.2341,-1.5668,1,0.6267104927240235,3.571754601718881,low,2.7956,-4.0297,Sí
-0.17296,-1.1816,1.3818,0.7336,1,-0.23576881134133043,1.9681549536558345,medium,1.1816,2.5633999999999997,Sí
-1.9409,-8.6848,9.155,0.94049,1,-2.0637114695531054,12.802007275818115,high,8.6848,17.839799999999997,Sí
-3.5713,-12.4922,14.8881,-0.47027,1,7.594148042613817,19.76577648393556,high,12.4922,27.3803,Sí
-2.9915,-6.6258,8.6521,1.8198,1,-1.6438619628530606,11.44643194799148,high,6.6258,15.2779,Sí
-1.8483,0.31038,0.77344,1.4189,1,-1.302628796955388,2.4746788232011037,medium,0.31038,0.46306,Sí
-2.2677,3.2964,-2.2563,-2.4642,1,0.9202580959337716,5.212666072174583,low,3.2964,-5.5527,Sí
-0.50816,2.868,-1.8108,-2.2612,1,0.22473023173536172,4.108001054722357,low,2.868,-4.6788,Sí
0.14329,-1.0885,1.0039,0.48791,1,0.2936812116988789,1.5656422491105688,medium,1.0885,2.0924,Sí
-0.90784,-7.9026,6.7807,0.34179,1,-2.6561338833786827,10.458009998068466,high,7.9026,14.6833,Sí
-2.0042,-9.3676,9.3333,-0.10303,1,19.45258662525478,13.374971082993039,high,9.3676,18.700899999999997,Sí
-0.93587,-5.1008,4.5367,1.3866,1,-0.6749386989759123,7.028393824117996,high,5.1008,9.6375,Sí
-0.40804,0.54214,-0.52725,0.6586,1,-0.6195566352869725,1.0826628947645707,medium,0.54214,-1.0693899999999998,Sí
-0.8172,3.3812,-3.6684,-3.456,1,0.23645833333333335,6.123840611903612,low,3.3812,-7.0496,Sí
-4.8392,6.6755,-0.24278,-6.5775,1,0.7357202584568605,10.550004989022518,medium,6.6755,-6.91828,Sí
-1.2792,2.1376,-0.47584,-1.3974,1,0.9154143409188492,2.895658278457595,medium,2.1376,-2.6134399999999998,Sí
-0.66008,-3.226,3.8058,1.1836,1,-0.557688408246029,5.169894022743599,high,3.226,7.0318000000000005,Sí
-1.7713,-10.7665,10.2184,-1.0043,1,1.7637160211092304,14.982634714562057,high,10.7665,20.984900000000003,Sí
-3.0061,-12.2377,11.9552,-2.1603,1,1.3915196963384715,17.5040464358959,high,12.2377,24.1929,Sí
-1.1022,-5.8395,4.5641,0.68705,1,-1.6042500545811804,7.524470187494932,high,5.8395,10.4036,Sí
0.11806,0.39108,-0.98223,0.42843,1,0.2755642695422823,1.1468259535779612,low,0.39108,-1.37331,Sí
0.11686,3.735,-4.4379,-4.3741,1,-0.026716353078347545,7.265782028082043,low,3.735,-8.1729,Sí
-2.7264,3.9213,-0.49212,-3.6371,1,0.7496082043386214,6.023332064098741,medium,3.9213,-4.41342,Sí
-1.2369,-1.6906,2.518,0.51636,1,-2.3954217987450614,3.315871170537239,high,1.6906,4.2086,Sí
-1.8439,-8.6475,7.6796,-0.66682,1,2.765214000779821,11.730308117538943,high,8.6475,16.3271,Sí
-1.8554,-9.6035,7.7764,-0.97716,1,1.8987678578738383,12.533832615588896,high,9.6035,17.3799,Sí
0.16358,-3.3584,1.3749,1.3569,1,0.12055420443658339,3.8777746964464037,medium,3.3584,4.7333,Sí
1.5077,1.9596,-3.0584,-0.12243,1,-12.31479212611288,3.934716141591411,low,1.9596,-5.018,Sí
0.67886,4.1199,-4.569,-4.1414,1,-0.16392041338677743,7.447239882641085,low,4.1199,-8.6889,Sí
-3.9934,5.8333,0.54723,-4.9379,1,0.8087243565078271,8.640425309722897,medium,5.8333,-5.2860700000000005,Sí
-2.3898,-0.78427,3.0141,0.76205,1,-3.136014697198347,3.998967677463773,high,0.78427,3.7983700000000002,Sí
-1.7976,-6.7686,6.6753,0.89912,1,-1.9992881928997241,9.716653672144542,high,6.7686,13.4439,Sí
-0.70867,-5.5602,4.0483,0.903,1,-0.7847951273532668,6.972960569148516,high,5.5602,9.6085,Sí
1.0194,1.1029,-2.3,0.59395,1,1.7163060863709068,2.810398792431423,low,1.1029,-3.4029,Sí
1.7875,4.78,-5.1362,-3.2362,1,-0.5523453433038749,7.930769012523313,low,4.78,-9.9162,Sí
0.27331,4.8773,-4.9194,-5.8198,1,-0.046962094917351115,9.051702715296168,low,4.8773,-9.796700000000001,Sí
-5.1661,8.0433,0.044265,-4.4983,1,1.1484560834092878,10.565033193522158,medium,8.0433,-7.999035,Sí
-2.7028,1.6327,0.83598,-0.091393,1,29.573380893503877,3.267728931666303,medium,1.6327,-0.7967200000000001,Sí
-1.4904,-2.2183,1.6054,0.89394,1,-1.6672259883213638,3.243236798878552,medium,2.2183,3.8237,Sí
-0.014902,-1.0243,-0.94024,0.64955,1,-0.022942036794704027,1.5347244116465992,low,1.0243,0.08406000000000002,Sí
0.88992,2.2638,-3.1046,-0.11855,1,-7.50670603121046,3.945800718346024,low,2.2638,-5.368399999999999,Sí
1.0637,3.6957,-4.1594,-1.9379,1,-0.548893131740544,5.987129608585403,low,3.6957,-7.8551,Sí
-0.8471,3.1329,-3.0112,-2.9388,1,0.2882469034980264,5.313803882342667,low,3.1329,-6.1441,Sí
-3.9594,4.0289,-0.35845,-3.8957,1,1.0163513617578355,6.871233401835511,medium,4.0289,-4.3873500000000005,Sí
-5.8818,7.6584,0.5558,-2.9155,1,2.0174241125021437,10.102262899469604,medium,7.6584,-7.102600000000001,Sí
-3.7747,2.5162,0.83341,-0.30993,1,12.179201755235054,4.62279691993927,medium,2.5162,-1.68279,Sí
-2.4198,-0.24418,0.70146,0.41809,1,-5.787749049247769,2.565521641323651,medium,0.24418,0.94564,Sí
-0.83535,0.80494,-1.6411,-0.19225,1,4.345123537061118,2.0188876389239696,low,0.80494,-2.44604,Sí
-0.30432,2.6528,-2.7756,-0.65647,1,0.4635703078586988,3.907027863133305,low,2.6528,-5.4284,Sí
-0.60254,1.7237,-2.1501,-0.77027,1,0.782245186752697,2.924113887060489,low,1.7237,-3.8738,Sí
-2.1059,1.1815,-0.53324,-0.82716,1,2.5459403259345232,2.6075459004972474,medium,1.1815,-1.71474,Sí
-2.0441,1.2271,0.18564,-1.091,1,1.8736021998166819,2.6284715006254107,medium,1.2271,-1.04146,Sí
-1.5621,-2.2121,4.2591,0.27972,1,-5.584513084513084,5.054870810258161,high,2.2121,6.4712,Sí
-3.2305,-7.2135,11.6433,-0.94613,1,3.41443564837813,14.104336544726236,high,7.2135,18.8568,Sí
-4.8426,-4.9932,10.4052,-0.53104,1,9.119087074420007,12.52729066963803,high,4.9932,15.3984,Sí
-2.3147,3.6668,-0.6969,-1.2474,1,1.8556196889530223,4.565625335044477,low,3.6668,-4.3637,Sí
-0.11716,0.60422,-0.38587,-0.059065,1,1.9835774147126048,0.72882961323275,medium,0.60422,-0.9900899999999999,Sí
-2.0066,-6.719,9.0162,0.099985,1,-20.069010351552734,11.422489395934013,high,6.719,15.735199999999999,Sí
-3.6961,-13.6779,17.5795,-2.6181,1,1.4117489782666819,22.729702406322875,high,13.6779,31.257399999999997,Sí
-3.6012,-6.5389,10.5234,-0.48967,1,7.354340678416076,12.911528914845832,high,6.5389,17.0623,Sí
-2.6286,0.18002,1.7956,0.97282,1,-2.702041487633889,3.333542151045941,medium,0.18002,1.61558,Sí
-0.82601,2.9611,-1.2864,-1.4647,1,0.5639448351198199,3.640134170617891,low,2.9611,-4.2475000000000005,Sí
0.31803,-0.99326,1.0947,0.88619,1,0.3588733792978932,1.7525436698125385,medium,0.99326,2.08796,Sí
-1.4454,-8.4385,8.8483,0.96894,1,-1.491733234255991,12.350251860735472,high,8.4385,17.2868,Sí
-3.1423,-13.0365,15.6773,-0.66165,1,4.749187636968186,20.640733939288594,high,13.0365,28.7138,Sí
-2.5373,-6.959,8.8054,1.5289,1,-1.6595591601805222,11.607677487766448,high,6.959,15.7644,Sí
-1.366,0.18416,0.90539,1.5806,1,-0.8642287738833355,2.2842719447780295,medium,0.18416,0.72123,Sí
-1.7064,3.3088,-2.2829,-2.1978,1,0.7764127764127764,4.8889585445164085,low,3.3088,-5.5917,Sí
-0.41965,2.9094,-1.7859,-2.2069,1,0.19015360913498572,4.08663197541692,low,2.9094,-4.6953000000000005,Sí
0.37637,-0.82358,0.78543,0.74524,1,0.5050319360206108,1.411460709973891,medium,0.82358,1.60901,Sí
-0.55355,-7.9233,6.7156,0.74394,1,-0.7440788235610398,10.427743311766934,high,7.9233,14.6389,Sí
-1.6001,-9.5828,9.4044,0.081882,1,-19.541535380181237,13.521827534469,high,9.5828,18.9872,Sí
-0.37013,-5.554,4.7749,1.547,1,-0.23925662572721398,7.495117826085191,high,5.554,10.3289,Sí
0.12126,0.22347,-0.47327,0.97024,1,0.12497938654353563,1.1090504853251721,medium,0.22347,-0.69674,Sí
-0.27068,3.2674,-3.5562,-3.0888,1,0.08763273763273763,5.739025553384477,low,3.2674,-6.8236,Sí
-5.119,6.6486,-0.049987,-6.5206,1,0.7850504554795571,10.626794719959966,medium,6.6486,-6.698587,Sí
-1.3946,2.3134,-0.44499,-1.4905,1,0.935659174773566,3.1171036348026675,medium,2.3134,-2.7583900000000003,Sí
-0.69879,-3.3771,4.1211,1.5043,1,-0.46452835205743537,5.580277374297805,high,3.3771,7.498200000000001,Sí
-1.48,-10.5244,9.9176,-0.5026,1,2.9446876243533624,14.545266992393092,high,10.5244,20.442,Sí
-2.6649,-12.813,12.6689,-1.9082,1,1.396551724137931,18.31439093882185,high,12.813,25.481900000000003,Sí
-0.62684,-6.301,4.7843,1.106,1,-0.566763110307414,8.013007667262025,high,6.301,11.0853,Sí
0.518,0.25865,-0.84085,0.96118,1,0.5389209097151418,1.4021838457919846,low,0.25865,-1.0995,Sí
0.64376,3.764,-4.4738,-4.0483,1,-0.1590198354865005,7.1404301178290375,low,3.764,-8.2378,Sí
-2.9821,4.1986,-0.5898,-3.9642,1,0.7522577064729328,6.5256346856072165,medium,4.1986,-4.7884,Sí
-1.4628,-1.5706,2.4357,0.49826,1,-2.9358166419138607,3.284427761056711,high,1.5706,4.0063,Sí
-1.7101,-8.7903,7.9735,-0.45475,1,3.760527762506872,11.999054792461777,high,8.7903,16.7638,Sí
-1.5572,-9.8808,8.1088,-1.0806,1,1.4410512678141771,12.92189669824055,high,9.8808,17.989600000000003,Sí
0.74428,-3.7723,1.6131,1.5754,1,0.4724387457153739,4.457373304806318,medium,3.7723,5.3854,No
2.0177,1.7982,-2.9581,0.2099,1,9.612672701286327,4.012362165856916,low,1.7982,-4.7562999999999995,Sí
1.164,3.913,-4.5544,-3.8672,1,-0.30099296648738105,7.236315374553544,low,3.913,-8.4674,Sí
-4.3667,6.0692,0.57208,-5.4668,1,0.7987671032413843,9.279894142521238,medium,6.0692,-5.497120000000001,Sí
-2.5919,-1.0553,3.8949,0.77757,1,-3.333333333333333,4.858648455578979,high,1.0553,4.9502,Sí
-1.8046,-6.8141,6.7019,1.1681,1,-1.5449019775704136,9.796349380764246,high,6.8141,13.516,Sí
-0.71868,-5.7154,3.8298,1.0233,1,-0.7023160363529756,6.992625331905035,high,5.7154,9.5452,Sí
1.4378,0.66837,-2.0267,1.0271,1,1.3998636938954339,2.770637940420942,low,0.66837,-2.69507,Sí
2.1943,4.5503,-4.976,-2.7254,1,-0.8051295222719601,7.59661528182124,low,4.5503,-9.526299999999999,Sí
0.7376,4.8525,-4.7986,-5.6659,1,-0.1301823187843061,8.900550251529395,low,4.8525,-9.6511,Sí
-5.637,8.1261,0.13081,-5.0142,1,1.1242072514060069,11.089120032991795,medium,8.1261,-7.995289999999999,Sí
-3.0193,1.7775,0.73745,-0.45346,1,6.658360164071803,3.609035496375728,medium,1.7775,-1.04005,Sí
-1.6706,-2.09,1.584,0.71162,1,-2.3476012478570025,3.189743466863754,medium,2.09,3.674,Sí
-0.1269,-1.1505,-0.95138,0.57843,1,-0.21938696125719623,1.6060694347692446,low,1.1505,0.19912000000000007,Sí
1.2198,2.0982,-3.1954,0.12843,1,9.49778089231488,4.014652002963644,low,2.0982,-5.2936,Sí
1.4501,3.6067,-4.0557,-1.5966,1,-0.9082425153451084,5.840283293642527,low,3.6067,-7.6624,Sí
-0.40857,3.0977,-2.9607,-2.6892,1,0.15192994199018295,5.075452281807011,low,3.0977,-6.058400000000001,Sí
-3.8952,3.8157,-0.31304,-3.8194,1,1.0198460491176624,6.664680032199596,medium,3.8157,-4.1287400000000005,Sí
-6.3679,8.0102,0.4247,-3.2207,1,1.9771788741577918,10.736234583409583,medium,8.0102,-7.5855,Sí
-4.1429,2.7749,0.68261,-0.71984,1,5.755306734829962,5.084074788759504,medium,2.7749,-2.09229,Sí
-2.6864,-0.097265,0.61663,0.061192,1,-43.90116355079095,2.7586559151131915,medium,0.097265,0.7138950000000001,Sí
-1.0555,0.79459,-1.6968,-0.46768,1,2.256885049606569,2.2007517671241343,low,0.79459,-2.49139,Sí
-0.29858,2.4769,-2.9512,-0.66165,1,0.45126577495654807,3.9206562956857107,low,2.4769,-5.428100000000001,Sí
-0.49948,1.7734,-2.2469,-0.68104,1,0.7334077293551039,2.9844267325568574,low,1.7734,-4.020300000000001,Sí
-1.9881,0.99945,-0.28562,-0.70044,1,2.8383587459311292,2.3502418791477613,medium,0.99945,-1.28507,Sí
-1.9389,1.5706,0.045979,-1.122,1,1.7280748663101604,2.736259424550421,medium,1.5706,-1.524621,Sí
-1.4375,-1.8624,4.026,0.55127,1,-2.6076151432147583,4.695478103761107,high,1.8624,5.8884,Sí
-3.1875,-7.5756,11.8678,-0.57889,1,5.50622743526404,14.447479436984848,high,7.5756,19.4434,Sí
-4.6765,-5.6636,10.969,-0.33449,1,13.98098597865407,13.205183140346824,high,5.6636,16.6326,Sí
-2.0285,3.8468,-0.63435,-1.175,1,1.7263829787234044,4.549253500575671,medium,3.8468,-4.4811499999999995,Sí
0.26637,0.73252,-0.67891,0.03533,1,7.539484857061987,1.0342656932819536,low,0.73252,-1.41143,Sí
-1.7589,-6.4624,8.4773,0.31981,1,-5.4998280228885905,10.808479851306565,high,6.4624,14.939699999999998,Sí
-3.5985,-13.6593,17.6052,-2.4927,1,1.4436153568419785,22.70863930467874,high,13.6593,31.264499999999998,Sí
-3.3582,-7.2404,11.4419,-0.57113,1,5.8799222593805265,13.962240668563911,high,7.2404,18.6823,Sí
-2.3629,-0.10554,1.9336,1.1358,1,-2.0803838703997184,3.2593382306228973,medium,0.10554,2.03914,Sí
-2.1802,3.3791,-1.2256,-2.6621,1,0.818977498966981,4.975988406336977,low,3.3791,-4.6047,Sí
-0.40951,-0.15521,0.060545,-0.088807,1,4.611235600797235,0.4509334368551527,medium,0.15521,0.21575499999999997,Sí
-2.2918,-7.257,7.9597,0.9211,1,-2.488112039952231,11.050866280070535,high,7.257,15.2167,Sí
-4.0214,-12.8006,15.6199,-0.95647,1,4.204418329900571,20.613663652803204,high,12.8006,28.420499999999997,Sí
-3.3884,-8.215,10.3315,0.98187,1,-3.4509660138307514,13.662775724826195,high,8.215,18.5465,Sí
-2.0046,-0.49457,1.333,1.6543,1,-1.2117511938584293,2.962535760948718,medium,0.49457,1.82757,Sí
-1.7063,2.7956,-2.378,-2.3491,1,0.7263632880677706,4.679742926700141,low,2.7956,-5.1736,Sí
-1.6386,3.3584,-1.7302,-3.5646,1,0.45968692139370476,5.446450745210131,low,3.3584,-5.0886,Sí
-0.41645,0.32487,-0.33617,-0.36036,1,1.1556499056499057,0.7223854358304852,medium,0.32487,-0.6610400000000001,Sí
-1.5877,-6.6072,5.8022,0.31593,1,-5.025480327920742,8.94098538948029,high,6.6072,12.4094,Sí
-2.5961,-9.349,9.7942,-0.28018,1,9.265829109857949,13.789430397315185,high,9.349,19.1432,Sí
-1.5228,-6.4789,5.7568,0.87325,1,-1.7438305181792155,8.84298461225055,high,6.4789,12.235700000000001,Sí
-0.53072,-0.097265,-0.21793,1.0426,1,-0.5090351045463265,1.1939985106879323,medium,0.097265,-0.12066500000000001,Sí
-0.49081,2.8452,-3.6436,-3.1004,1,0.15830537995097407,5.587876038004064,low,2.8452,-6.4888,Sí
-6.5773,6.8017,0.85483,-7.5344,1,0.8729693140794225,12.125259414499139,medium,6.8017,-5.9468700000000005,Sí
-2.4621,2.7645,-0.62578,-2.8573,1,0.861687607181605,4.718067460136618,medium,2.7645,-3.3902799999999997,Sí
-1.3995,-1.9162,2.5154,0.59912,1,-2.335926024836427,3.5095020479264574,high,1.9162,4.4315999999999995,Sí
-2.3221,-9.3304,9.233,-0.79871,1,2.9073130422806774,13.35420305499733,high,9.3304,18.5634,Sí
-3.73,-12.9723,12.9817,-2.684,1,1.3897168405365126,18.918822853972706,high,12.9723,25.954,Sí
-1.6988,-7.1163,5.7902,0.16723,1,-10.158464390360582,9.331775235339736,high,7.1163,12.9065,Sí
-0.26654,-0.64562,-0.42014,0.89136,1,-0.2990262071441393,1.2078530644080845,medium,0.64562,0.22547999999999996,Sí
0.33325,3.3108,-4.5081,-4.012,1,-0.08306331006979063,6.891412178392756,low,3.3108,-7.818899999999999,Sí
-4.2091,4.7283,-0.49126,-5.2159,1,0.806974826971376,8.21707325619043,medium,4.7283,-5.2195599999999995,Sí
-2.3142,-0.68494,1.9833,-0.44829,1,5.162283343371478,3.155805326331141,medium,0.68494,2.66824,Sí
-2.4835,-7.4494,6.8964,-0.64484,1,3.8513429687984617,10.47079195646633,high,7.4494,14.3458,Sí
-2.7611,-10.5099,9.0239,-1.9547,1,1.4125441244180692,14.259498396507501,high,10.5099,19.5338,Sí
-0.36025,-4.449,2.1067,0.94308,1,-0.3819930440683717,5.025033914203963,medium,4.449,6.5557,Sí
1.0117,0.9022,-2.3506,0.42714,1,2.3685442711991382,2.746865608216026,low,0.9022,-3.2528,Sí
0.96708,3.8426,-4.9314,-4.1323,1,-0.23402947511071318,7.556151648584086,low,3.8426,-8.774000000000001,Sí
-5.2049,7.259,0.070827,-7.3004,1,0.7129609336474715,11.53624382691043,medium,7.259,-7.188173,Sí
-3.3203,-0.02691,2.9618,-0.44958,1,7.385337426042084,4.472079790712594,high,0.02691,2.98871,Sí
-2.565,-5.7899,6.0122,0.046968,1,-54.61165048543689,8.732177382704958,high,5.7899,11.8021,Sí
-1.5951,-6.572,4.7689,-0.94354,1,1.6905483604298703,8.32875758751568,high,6.572,11.340900000000001,Sí
0.7049,0.17174,-1.7859,0.36119,1,1.9516044187269856,1.9611924086381733,low,0.17174,-1.95764,Sí
1.7331,3.9544,-4.7412,-2.5017,1,-0.6927689171363474,6.883196590247878,low,3.9544,-8.6956,Sí
0.6818,4.8504,-5.2133,-6.1043,1,-0.11169175826876135,9.40384000182904,low,4.8504,-10.0637,Sí
-6.3364,9.2848,0.014275,-6.7844,1,0.9339661576557987,13.129575893212431,medium,9.2848,-9.270525000000001,Sí
-3.8053,2.4273,0.6809,-1.0871,1,3.5004139453592127,4.692281385424365,medium,2.4273,-1.7464,Sí
-2.1979,-2.1252,1.7151,0.45171,1,-4.865732438954197,3.53452251147167,medium,2.1252,3.8403,Sí
-0.87874,-2.2121,-0.051701,0.099985,1,-8.78871830774616,2.3829058712475404,medium,2.2121,2.160399,Sí
0.74067,1.7299,-3.1963,-0.1457,1,-5.083527796842828,3.711968243250473,low,1.7299,-4.9262,Sí
0.98296,3.4226,-3.9692,-1.7116,1,-0.574293059125964,5.60040394271699,low,3.4226,-7.3918,Sí
-0.3489,3.1929,-3.4054,-3.1832,1,0.10960668509675799,5.660905671356836,low,3.1929,-6.5983,Sí
-3.8552,3.5219,-0.38415,-3.8608,1,0.9985495234148364,6.505358907277907,medium,3.5219,-3.90605,Sí
-6.9599,8.9931,0.2182,-4.572,1,1.5222878390201224,12.258338013776584,medium,8.9931,-8.7749,Sí
-4.7462,3.1205,1.075,-1.2966,1,3.66049668363412,5.924587010923209,medium,3.1205,-2.0454999999999997,Sí
-3.2051,-0.14279,0.97565,0.045675,1,-70.17186644772852,3.353659810151441,medium,0.14279,1.11844,Sí
-1.7549,-0.080711,-0.75774,-0.3707,1,4.734016725114648,1.9487885142110726,low,0.080711,-0.677029,Sí
-0.59587,2.4811,-2.8673,-0.89828,1,0.6633455047423966,3.941983576234178,low,2.4811,-5.3484,Sí
-0.89542,2.0279,-2.3652,-1.2746,1,0.7025105915581359,3.483235792535441,low,2.0279,-4.3931000000000004,Sí
-2.0754,1.2767,-0.64206,-1.2642,1,1.6416706217370671,2.819164900036889,low,1.2767,-1.9187599999999998,Sí
-3.2778,1.8023,0.1805,-2.3931,1,1.3696878525761564,4.444295893614646,medium,1.8023,-1.6218,Sí
-2.2183,-1.254,2.9986,0.36378,1,-6.097916323052395,3.9518740792692273,high,1.254,4.2526,Sí
-3.5895,-6.572,10.5251,-0.16381,1,21.91258164947195,12.9182141945433,high,6.572,17.0971,Sí
-5.0477,-5.8023,11.244,-0.3901,1,12.939502691617534,13.628120728479036,high,5.8023,17.0463,Sí
-3.5741,3.944,-0.07912,-2.1203,1,1.6856576899495357,5.729856793533324,medium,3.944,-4.02312,Sí
-0.7351,1.7361,-1.4938,-1.1582,1,0.6346917630806425,2.669696780535198,low,1.7361,-3.2298999999999998,Sí
-2.2617,-4.7428,6.3489,0.11162,1,-20.262497760258018,8.241991808076492,high,4.7428,11.0917,Sí
-4.244,-13.0634,17.1116,-2.8017,1,1.514794588999536,22.120586181428376,high,13.0634,30.174999999999997,Sí
-4.0218,-8.304,12.555,-1.5099,1,2.6636201072918735,15.653725251517608,high,8.304,20.859,Sí
-3.0201,-0.67253,2.7056,0.85774,1,-3.520997038729685,4.198724791945764,high,0.67253,3.37813,Sí
-2.4941,3.5447,-1.3721,-2.8483,1,0.8756451216515114,5.3647837048663956,low,3.5447,-4.9168,Sí
-0.83121,0.039307,0.05369,-0.23105,1,3.5975330015148237,0.8652871332390191,medium,0.039307,0.014383,Sí
-2.5665,-6.8824,7.5416,0.70774,1,-3.626331703733009,10.551349604557704,high,6.8824,14.424,Sí
-4.4018,-12.9371,15.6559,-1.6806,1,2.61918362489587,20.848885361572687,high,12.9371,28.593,Sí
-3.7573,-8.2916,10.3032,0.38059,1,-9.872303528731706,13.75386174272884,high,8.2916,18.5948,Sí
-2.4725,-0.40145,1.4855,1.1189,1,-2.209759585306998,3.119786180573919,medium,0.40145,1.8869500000000001,Sí
-1.9725,2.8825,-2.3086,-2.3724,1,0.8314365199797673,4.812221755073222,low,2.8825,-5.1911000000000005,Sí
-2.0149,3.6874,-1.9385,-3.8918,1,0.5177295852818747,6.046538700777495,low,3.6874,-5.6259,Sí
-0.82053,0.65181,-0.48869,-0.52716,1,1.5565103573867518,1.270764076727069,medium,0.65181,-1.1405,Sí
-1.7886,-6.3486,5.6154,0.42584,1,-4.200169077587827,8.672823576298551,high,6.3486,11.964,Sí
-2.9138,-9.4711,9.7668,-0.60216,1,4.838913245648997,13.9264117616707,high,9.4711,19.2379,Sí
-1.8343,-6.5907,5.6429,0.54998,1,-3.3352121895341647,8.88520013226489,high,6.5907,12.2336,Sí
-0.8734,-0.033118,-0.20165,0.55774,1,-1.5659626349194964,1.0562485465192366,medium,0.033118,-0.168532,Sí
-0.70346,2.957,-3.5947,-3.1457,1,0.22362590202498647,5.661801970362439,low,2.957,-6.5517,Sí
-6.7387,6.9879,0.67833,-7.5887,1,0.8879913555681473,12.340556040102083,medium,6.9879,-6.30957,Sí
-2.7723,3.2777,-0.9351,-3.1457,1,0.8812982801920081,5.403591868377922,low,3.2777,-4.2128,Sí
-1.6641,-1.3678,1.997,0.52283,1,-3.1828701489968054,2.9835324464299022,medium,1.3678,3.3648,Sí
-2.4349,-9.2497,8.9922,-0.50001,1,4.869702605947881,13.137555287803739,high,9.2497,18.2419,Sí
-3.793,-12.7095,12.7957,-2.825,1,1.3426548672566372,18.64480632079615,high,12.7095,25.505200000000002,Sí
-1.9551,-6.9756,5.5383,-0.12889,1,15.16874854527116,9.119802130095806,high,6.9756,12.5139,Sí
-0.69078,-0.50077,-0.35417,0.47498,1,-1.4543349193650257,1.0387444298767623,medium,0.50077,0.14660000000000006,Sí
0.025013,3.3998,-4.4327,-4.2655,1,-0.00586402531942328,7.0286972640859275,low,3.3998,-7.8325,Sí
-4.3967,4.9601,-0.64892,-5.4719,1,0.803505181015735,8.619533031226227,low,4.9601,-5.60902,Sí
-2.456,-0.24418,1.4041,-0.45863,1,5.355079257789503,2.876351536113067,medium,0.24418,1.64828,Sí
-2.62,-6.8555,6.2169,-0.62285,1,4.2064702576864414,9.63846813464152,high,6.8555,13.0724,Sí
-2.9662,-10.3257,8.784,-2.1138,1,1.4032548017787871,14.037279984740634,high,10.3257,19.1097,Sí
-0.71494,-4.4448,2.2241,0.49826,1,-1.4348733592903304,5.046015267634453,high,4.4448,6.6689,Sí
0.6005,0.99945,-2.2126,0.097399,1,6.1653610406677695,2.502915475540674,low,0.99945,-3.21205,Sí
0.61652,3.8944,-4.7275,-4.3948,1,-0.14028397196686992,7.56372735894149,low,3.8944,-8.6219,Sí
-5.4414,7.2363,0.10938,-7.5642,1,0.7193622590624257,11.798387909981601,medium,7.2363,-7.12692,Sí
-3.5798,0.45937,2.3457,-0.45734,1,7.827436917829186,4.328678459125833,high,0.45937,1.8863299999999998,Sí
-2.7769,-5.6967,5.9179,0.37671,1,-7.371452841708476,8.679113741281423,high,5.6967,11.6146,Sí
-1.8356,-6.7562,5.0585,-0.55044,1,3.3347867160816795,8.65488718838091,high,6.7562,11.8147,Sí
0.30081,0.17381,-1.7542,0.48921,1,0.614889311338689,1.8539796752661557,low,0.17381,-1.92801,Sí
1.3403,4.1323,-4.7018,-2.5987,1,-0.5157578789394698,6.9088691049983,low,4.1323,-8.8341,Sí
0.26877,4.987,-5.1508,-6.3913,1,-0.04205247758671945,9.608426647630715,low,4.987,-10.1378,Sí
-6.5235,9.6014,-0.25392,-6.9642,1,0.9367192211596451,13.539109690684981,medium,9.6014,-9.85532,Sí
-4.0679,2.4955,0.79571,-1.1039,1,3.6850258175559376,4.962567911283432,medium,2.4955,-1.6997899999999997,Sí
-2.564,-1.7051,1.5026,0.32757,1,-7.827334615502031,3.4418847852448518,medium,1.7051,3.2077,Sí
-1.3414,-1.9162,-0.15538,-0.11984,1,11.193257676902537,2.3472709622027024,medium,1.9162,1.7608199999999998,Sí
0.23874,2.0879,-3.3522,-0.66553,1,-0.3587216203627185,4.012044144635001,low,2.0879,-5.440099999999999,Sí
0.6212,3.6771,-4.0771,-2.0711,1,-0.29993723142291534,5.900775666808559,low,3.6771,-7.754199999999999,Sí
-0.77848,3.4019,-3.4859,-3.5569,1,0.21886474176951837,6.081282030986558,low,3.4019,-6.8878,Sí
-4.1244,3.7909,-0.6532,-4.1802,1,0.9866513563944308,7.020138207328969,low,3.7909,-4.444100000000001,Sí
-7.0421,9.2,0.25933,-4.6832,1,1.5036940553467713,12.499231444328887,medium,9.2,-8.940669999999999,Sí
-4.9462,3.5716,0.82742,-1.4957,1,3.3069465801965636,6.335847484464884,medium,3.5716,-2.74418,Sí
-3.5359,0.30417,0.6569,-0.2957,1,11.95772742644572,3.6213346018974826,medium,0.30417,0.35273000000000004,Sí
-2.0662,0.16967,-1.0054,-0.82975,1,2.4901476348297678,2.448935395513732,low,0.16967,-1.17507,Sí
-0.88728,2.808,-3.1432,-1.2035,1,0.7372496884088076,4.4721637144004465,low,2.808,-5.9512,Sí
-1.0941,2.3072,-2.5237,-1.4453,1,0.7570054659932194,3.8701654266969,low,2.3072,-4.8309,Sí
-2.4458,1.6285,-0.88541,-1.4802,1,1.6523442778002975,3.4071825307869843,low,1.6285,-2.51391,Sí
-3.551,1.8955,0.1865,-2.4409,1,1.4547912655168176,4.711188418010895,medium,1.8955,-1.709,Sí
-2.2811,-0.85669,2.7185,0.044382,1,-51.39696273263936,3.6509652118342624,high,0.85669,3.57519,Sí
-3.6053,-5.974,10.0916,-0.82846,1,4.351809381261618,12.296893942032678,high,5.974,16.0656,Sí
-5.0676,-5.1877,10.4266,-0.86725,1,5.843297780340156,12.730236100422491,high,5.1877,15.6143,Sí
-3.9204,4.0723,-0.23678,-2.1151,1,1.8535293839534774,6.040105647122408,medium,4.0723,-4.30908,Sí
-1.1306,1.8458,-1.3575,-1.3806,1,0.8189193104447342,2.9041516162211645,low,1.8458,-3.2033,Sí
-2.4561,-4.5566,6.4534,-0.056479,1,43.48695975495317,8.273124694300275,high,4.5566,11.010000000000002,Sí
-4.4775,-13.0303,17.0834,-3.0345,1,1.4755313890261987,22.15598046013762,high,13.0303,30.1137,Sí
-4.1958,-8.1819,12.1291,-1.6017,1,2.6195916838359246,15.304533150344703,high,8.1819,20.311,Sí
-3.38,-0.7077,2.5325,0.71808,1,-4.7069964349376106,4.342169322631259,high,0.7077,3.2402,Sí
-2.4365,3.6026,-1.4166,-2.8948,1,0.8416816360370319,5.413121244716398,low,3.6026,-5.0192,Sí
-0.77688,0.13036,-0.031137,-0.35389,1,2.1952584136313544,0.8641434538715201,medium,0.13036,-0.161497,Sí
-2.7083,-6.8266,7.5339,0.59007,1,-4.589794431169183,10.537798074782986,high,6.8266,14.3605,Sí
-4.5531,-12.5854,15.4417,-1.4983,1,3.038844023226323,20.489363449116716,high,12.5854,28.0271,Sí
-3.8894,-7.8322,9.8208,0.47498,1,-8.1885553075919,13.158438655114065,high,7.8322,17.653,Sí
-2.5084,-0.22763,1.488,1.2069,1,-2.0783826331924766,3.164591219557433,medium,0.22763,1.71563,Sí
-2.1652,3.0211,-2.4132,-2.4241,1,0.8931974753516768,5.0512306718264215,low,3.0211,-5.4343,Sí
-1.8974,3.5074,-1.7842,-3.8491,1,0.49294640305525966,5.82244982546007,low,3.5074,-5.2916,Sí
-0.62043,0.5587,-0.38587,-0.66423,1,0.9340589855923401,1.134537890376518,medium,0.5587,-0.9445699999999999,Sí
-1.8387,-6.301,5.6506,0.19567,1,-9.396943834006235,8.663197204202385,high,6.301,11.9516,Sí
-3.0,-9.1566,9.5766,-0.73018,1,4.1085759675696405,13.604696025725822,high,9.1566,18.733199999999997,Sí
-1.9116,-6.1603,5.606,0.48533,1,-3.938763315682113,8.559573111954824,high,6.1603,11.766300000000001,Sí
-1.005,0.084831,-0.2462,0.45688,1,-2.199702328839082,1.134272927015804,medium,0.084831,-0.331031,Sí
-0.87834,3.257,-3.6778,-3.2944,1,0.26661607576493446,5.979867419567093,low,3.257,-6.9348,Sí
-6.651,6.7934,0.68604,-7.5887,1,0.8764346989602961,12.183804952952915,medium,6.7934,-6.10736,Sí
-2.5463,3.1101,-0.83228,-3.0358,1,0.8387574939060544,5.10540275966549,low,3.1101,-3.94238,Sí
-1.4377,-1.432,2.1144,0.42067,1,-3.4176432833337294,2.9606174860829286,medium,1.432,3.5463999999999998,Sí
-2.4554,-9.0407,8.862,-0.86983,1,2.822850442040399,12.924971716754353,high,9.0407,17.9027,Sí
-3.9411,-12.8792,13.0597,-3.3125,1,1.189766037735849,19.050839409065418,high,12.8792,25.9389,Sí
-2.1241,-6.8969,5.5992,-0.47156,1,4.504410891509034,9.146170777631477,high,6.8969,12.496099999999998,Sí
-0.74324,-0.32902,-0.42785,0.23317,1,-3.1875455676116142,0.9476727965917351,medium,0.32902,-0.09883000000000003,Sí
-0.071503,3.7412,-4.5415,-4.2526,1,0.016813949113483516,7.260269907448965,low,3.7412,-8.2827,Sí
-4.2333,4.9166,-0.49212,-5.3207,1,0.7956283947600878,8.405106485607424,medium,4.9166,-5.40872,Sí
-2.3675,-0.43663,1.692,-0.43018,1,5.503510158538287,2.9738225971466425,medium,0.43663,2.12863,Sí
-2.5526,-7.3625,6.9255,-0.66811,1,3.8206283396446694,10.446582897392812,high,7.3625,14.288,Sí
-3.0986,-10.4602,8.9717,-2.3427,1,1.3226618858581978,14.317707574189383,high,10.4602,19.4319,Sí
-0.89809,-4.4862,2.2009,0.50731,1,-1.7702982397350733,5.1023406721033435,high,4.4862,6.6871,Sí
0.56232,1.0015,-2.2726,-0.0060486,1,-92.9669675627418,2.546360810639757,low,1.0015,-3.2741000000000002,Sí
0.53936,3.8944,-4.8166,-4.3418,1,-0.12422497581648163,7.583411064263891,low,3.8944,-8.711,Sí
-5.3012,7.3915,0.029699,-7.3987,1,0.7165042507467528,11.725128460302725,medium,7.3915,-7.361801,Sí
-3.3553,0.35591,2.6473,-0.37846,1,8.865666120593986,4.305361689765449,high,0.35591,2.29139,Sí
-2.7908,-5.7133,5.953,0.45946,1,-6.074086971662386,8.722366308611443,high,5.7133,11.6663,Sí
-1.9983,-6.6072,4.8254,-0.41984,1,4.759670350609756,8.432617951478651,high,6.6072,11.4326,Sí
0.15423,0.11794,-1.6823,0.59524,1,0.25910557086217323,1.7950322236940484,low,0.11794,-1.8002399999999998,Sí
1.208,4.0744,-4.7635,-2.6129,1,-0.4623215584216771,6.897693673975382,low,4.0744,-8.8379,Sí
0.2952,4.8856,-5.149,-6.2323,1,-0.047366140911060124,9.45039653612482,low,4.8856,-10.034600000000001,Sí
-6.4247,9.5311,0.022844,-6.8517,1,0.9376796999284849,13.381515311740147,medium,9.5311,-9.508256000000001,Sí
-3.9933,2.6218,0.62863,-1.1595,1,3.4439844760672704,4.955794190329135,medium,2.6218,-1.9931699999999999,Sí
-2.659,-1.6058,1.3647,0.16464,1,-16.15038872691934,3.3968201394245177,medium,1.6058,2.9705,Sí
-1.4094,-2.1252,-0.10397,-0.19225,1,7.331079323797139,2.5594243929837037,medium,2.1252,2.02123,Sí
0.11032,1.9741,-3.3668,-0.65259,1,-0.16904947976524312,3.9585928384338795,low,1.9741,-5.3408999999999995,Sí
0.52374,3.644,-4.0746,-1.9909,1,-0.2630669546436285,5.84115464250006,low,3.644,-7.7186,Sí
-0.76794,3.4598,-3.4405,-3.4276,1,0.2240459796942467,6.012106942961012,low,3.4598,-6.9003,Sí
-3.9698,3.6812,-0.60008,-4.0133,1,0.9891610395435179,6.765886370343504,medium,3.6812,-4.28128,Sí
-7.0364,9.2931,0.16594,-4.5396,1,1.5500044056745088,12.51032121144777,medium,9.2931,-9.12716,Sí
-4.9447,3.3005,1.063,-1.444,1,3.424307479224377,6.209546146056087,medium,3.3005,-2.2375,Sí
-3.5933,0.22968,0.7126,-0.3332,1,10.78421368547419,3.6855635651010012,medium,0.22968,0.48292,Sí
-2.1674,0.12415,-1.0465,-0.86208,1,2.514151818856719,2.559566400564752,low,0.12415,-1.17065,Sí
-0.9607,2.6963,-3.1226,-1.3121,1,0.7321850468714275,4.43454793073657,low,2.6963,-5.818899999999999,Sí
-1.0802,2.1996,-2.5862,-1.2759,1,0.8466180735167333,3.784365660186658,low,2.1996,-4.7858,Sí
-2.3277,1.4381,-0.82114,-1.2862,1,1.8097496501321724,3.1328741180583686,low,1.4381,-2.25924,Sí
-3.7244,1.9037,-0.035421,-2.5095,1,1.4841203426977485,4.877916968055217,medium,1.9037,-1.9391209999999999,Sí
-2.5724,-0.95602,2.7073,-0.16639,1,15.460063705751546,3.8585457004550303,high,0.95602,3.66332,Sí
-3.9297,-6.0816,10.0958,-1.0147,1,3.872770276929142,12.465279554827482,high,6.0816,16.1774,Sí
-5.2943,-5.1463,10.3332,-1.1181,1,4.735086307128164,12.74908569388409,high,5.1463,15.4795,Sí
-3.8953,4.0392,-0.3019,-2.1836,1,1.7838889906576296,6.028909627785111,medium,4.0392,-4.3411,Sí
-1.2244,1.7485,-1.4801,-1.4181,1,0.8634087864043438,2.959410622066495,low,1.7485,-3.2286,Sí
-2.6406,-4.4159,5.983,-0.13924,1,18.964378052283827,7.892313852578342,high,4.4159,10.3989,Sí
-4.6338,-12.7509,16.7166,-3.2168,1,1.4404998756528227,21.76809755238156,high,12.7509,29.4675,Sí
-4.2887,-7.8633,11.8387,-1.8978,1,2.2598271683001374,14.965991350725819,high,7.8633,19.701999999999998,Sí
-3.3458,-0.50491,2.6328,0.53705,1,-6.229959966483568,4.320806671282575,high,0.50491,3.13771,Sí
-1.1188,3.3357,-1.3455,-1.9573,1,0.5716037398457058,4.244997228503218,low,3.3357,-4.6812000000000005,Sí
0.55939,-0.3104,0.18307,0.44653,1,1.2527489754327819,0.8013544770574381,medium,0.3104,0.49347,Sí
-1.5078,-7.3191,7.8981,1.2289,1,-1.226950931727561,10.9422513437592,high,7.3191,15.2172,Sí
-3.506,-12.5667,15.1606,-0.75216,1,4.661242288874707,20.01558197793909,high,12.5667,27.7273,Sí
-2.9498,-8.273,10.2646,1.1629,1,-2.5365895605813056,13.559432090246256,high,8.273,18.537599999999998,Sí
-1.6029,-0.38903,1.62,1.9103,1,-0.8390828665654608,2.9990463218996806,medium,0.38903,2.00903,Sí
-1.2667,2.8183,-2.426,-1.8862,1,0.6715618704273141,4.357817139348552,low,2.8183,-5.2443,Sí
-0.49281,3.0605,-1.8356,-2.834,1,0.17389202540578688,4.583721774508135,low,3.0605,-4.896100000000001,Sí
0.66365,-0.045533,-0.18794,0.23447,1,2.8304260673007207,0.7299330113709065,medium,0.045533,-0.142407,Sí
-0.72068,-6.7583,5.8408,0.62369,1,-1.1555099488527956,8.983202792350843,high,6.7583,12.5991,Sí
-1.9966,-9.5001,9.682,-0.12889,1,15.490728528202341,13.711165092803018,high,9.5001,19.1821,Sí
-0.97325,-6.4168,5.6026,1.0323,1,-0.9427976363460234,8.635815413294798,high,6.4168,12.019400000000001,Sí
-0.025314,-0.17383,-0.11339,1.2198,1,-0.02075258239055583,1.2375891885419814,medium,0.17383,0.06044000000000001,Sí
0.062525,2.9301,-3.5467,-2.6737,1,-0.023385196544114896,5.321385906474459,low,2.9301,-6.4768,Sí
-5.525,6.3258,0.89768,-6.6241,1,0.8340755725306079,10.73433280797647,medium,6.3258,-5.42812,Sí
-1.2943,2.6735,-0.84085,-2.0323,1,0.6368646361265561,3.695955458673711,low,2.6735,-3.5143500000000003,Sí
-0.24037,-1.7837,2.135,1.2418,1,-0.1935657915928491,3.056085022851949,high,1.7837,3.9187,Sí
-1.3968,-9.6698,9.4652,-0.34872,1,4.005505849965589,13.607633848630703,high,9.6698,19.134999999999998,Sí
-2.9672,-13.2869,13.4727,-2.6271,1,1.1294583380914316,19.33290684687639,high,13.2869,26.7596,Sí
-1.1005,-7.2508,6.0139,0.36895,1,-2.982788995798889,9.491486617095342,high,7.2508,13.2647,Sí
0.22432,-0.52147,-0.40386,1.2017,1,0.1866688857451943,1.3890414727069886,medium,0.52147,0.11760999999999999,Sí
0.90407,3.3708,-4.4987,-3.6965,1,-0.24457459759231706,6.788376031489416,low,3.3708,-7.8695,Sí
-2.8619,4.5193,-0.58123,-4.2629,1,0.6713504891036618,6.864742444032405,medium,4.5193,-5.10053,Sí
-1.0833,-0.31247,1.2815,0.41291,1,-2.623574144486692,1.756107430939235,medium,0.31247,1.59397,Sí
-1.5681,-7.2446,6.5537,-0.1276,1,12.289184952978058,9.894970046442788,high,7.2446,13.798300000000001,Sí
-2.0545,-10.8679,9.4926,-1.4116,1,1.4554406347407198,14.64357504095226,high,10.8679,20.360500000000002,Sí
0.2346,-4.5152,2.1195,1.4448,1,0.16237541528239202,5.198249271629825,medium,4.5152,6.6347000000000005,Sí
1.581,0.86909,-2.3138,0.82412,1,1.9184099402999564,3.0475765195479507,low,0.86909,-3.18289,Sí
1.5514,3.8013,-4.9143,-3.7483,1,-0.4138942987487661,7.42002837123956,low,3.8013,-8.7156,Sí
-4.1479,7.1225,-0.083404,-6.4172,1,0.6463722495792558,10.446171199402007,medium,7.1225,-7.205903999999999,Sí
-2.2625,-0.099335,2.8127,0.48662,1,-4.649418437384407,3.643741759047285,high,0.099335,2.912035,Sí
-1.7479,-5.823,5.8699,1.212,1,-1.4421617161716171,8.537397344624415,high,5.823,11.692900000000002,Sí
-0.95923,-6.7128,4.9857,0.32886,1,-2.9168339110867847,8.423013678161754,high,6.7128,11.6985,Sí
1.3451,0.23589,-1.8785,1.3258,1,1.0145572484537637,2.6742187629474143,low,0.23589,-2.11439,Sí
2.2279,4.0951,-4.8037,-2.1112,1,-1.0552766199317922,7.018980093289908,low,4.0951,-8.898800000000001,Sí
1.2572,4.8731,-5.2861,-5.8741,1,-0.2140242760593112,9.368861161848862,low,4.8731,-10.1592,Sí
-5.3857,9.1214,-0.41929,-5.9181,1,0.9100386948513881,12.141063139778987,medium,9.1214,-9.54069,Sí
-2.9786,2.3445,0.52667,-0.40173,1,7.414432579095413,3.848052298475165,medium,2.3445,-1.81783,Sí
-1.5851,-2.1562,1.7082,0.9017,1,-1.757901741155595,3.3004167282329666,medium,2.1562,3.8644,Sí
-0.21888,-2.2038,-0.0954,0.56421,1,-0.3879406603924071,2.2873733797742775,medium,2.2038,2.1084,Sí
1.3183,1.9017,-3.3111,0.065071,1,20.259408953297168,4.040048913694116,low,1.9017,-5.2128,Sí
1.4896,3.4288,-4.0309,-1.4259,1,-1.0446735395189004,5.6795178686223,low,3.4288,-7.4597,Sí
0.11592,3.2219,-3.4302,-2.8457,1,-0.04073514425273219,5.500759728110291,low,3.2219,-6.652100000000001,Sí
-3.3924,3.3564,-0.72004,-3.5233,1,0.9628473306275367,5.975441340319558,low,3.3564,-4.07644,Sí
-6.1632,8.7096,-0.21621,-3.6345,1,1.695749071399092,11.273797204762023,medium,8.7096,-8.92581,Sí
-4.0786,2.9239,0.87026,-0.65389,1,6.237440548104421,5.135084592263305,medium,2.9239,-2.05364,Sí
-2.5899,-0.3911,0.93452,0.42972,1,-6.026947779949735,2.8139879404148127,medium,0.3911,1.32562,Sí
-1.0116,-0.19038,-0.90597,0.003003,1,-336.8631368631369,1.3712657522555576,low,0.19038,-0.7155900000000001,Sí
0.066129,2.4914,-2.9401,-0.62156,1,-0.10639198146598879,3.904096803133985,low,2.4914,-5.4315,Sí
-0.24745,1.9368,-2.4697,-0.80518,1,0.3073225862540053,3.2496397746365675,low,1.9368,-4.4065,Sí
-1.5732,1.0636,-0.71232,-0.8388,1,1.8755364806866952,2.194809427353546,low,1.0636,-1.7759200000000002,Sí
-2.1668,1.5933,0.045122,-1.678,1,1.2912991656734207,3.170385958347027,medium,1.5933,-1.5481779999999998,Sí
-1.1667,-1.4237,2.9241,0.66119,1,-1.7645457432810538,3.5179032968659047,high,1.4237,4.3478,Sí
-2.8391,-6.63,10.4849,-0.42113,1,6.74162372664023,12.7329441723782,high,6.63,17.1149,Sí
-4.5046,-5.8126,10.8867,-0.52846,1,8.524013170344018,13.148279232720911,high,5.8126,16.6993,Sí
-2.41,3.7433,-0.40215,-1.2953,1,1.8605728402686639,4.654022088742167,medium,3.7433,-4.14545,Sí
0.40614,1.3492,-1.4501,-0.55949,1,-0.725911097606749,2.097882124834472,low,1.3492,-2.7992999999999997,Sí
-1.3887,-4.8773,6.4774,0.34179,1,-4.06302115333977,8.23347278759698,high,4.8773,11.354700000000001,Sí
-3.7503,-13.4586,17.5932,-2.7771,1,1.3504375067516474,22.636952858103495,high,13.4586,31.0518,Sí
-3.5637,-8.3827,12.393,-1.2823,1,2.7791468455119706,15.43374093569022,high,8.3827,20.7757,Sí
-2.5419,-0.65804,2.6842,1.1952,1,-2.1267570281124497,3.9405208959730187,high,0.65804,3.3422400000000003,Sí
