variance,skewness,curtosis,entropy,class,magnitude,curtosis_minus_skewness,entropy_to_curtosis_ratio,skewness_to_variance_ratio,abs_entropy,abs_skewness,var_entropy_ratio,bucket_curtosis,prediction
3.6216,8.6661,-2.8073,-0.44699,0,9.813154901462628,-11.4734,0.15922416556833968,2.392892644135189,0.44699,8.6661,-8.102194679970468,low,No
4.5459,8.1674,-2.4586,-1.4621,0,9.775176721676187,-10.626000000000001,0.5946880338403969,1.7966519281110453,1.4621,8.1674,-3.109158060324191,low,No
3.866,-2.6383,1.9242,0.10645,0,5.061665746816951,4.5625,0.05532169213179504,-0.682436627004656,0.10645,2.6383,36.317519962423674,low,No
3.4566,9.5228,-4.0112,-3.5944,0,11.473501653810837,-13.533999999999999,0.8960909453530116,2.7549615228837587,3.5944,9.5228,-0.9616625862452705,low,No
0.32924,-4.4552,4.5718,-0.9888,0,6.468097610395192,9.027,-0.21628242705280198,-13.53177013728587,0.9888,4.4552,-0.3329692556634304,medium,No
4.3684,9.6718,-3.9606,-3.1625,0,11.760713941338764,-13.632399999999999,0.7984901277584204,2.214037176082776,3.1625,9.6718,-1.3813122529644268,low,No
3.5912,3.0129,0.72888,0.56421,0,4.777434753976238,-2.28402,0.7740780375370432,0.8389674760525729,0.56421,3.0129,6.365005937505539,low,No
2.0922,-6.81,8.4636,-0.60216,0,11.079193222685486,15.273599999999998,-0.07114702963278038,-3.2549469457986806,0.60216,6.81,-3.474491829414109,medium,No
3.2032,5.7588,-0.75345,-0.61251,0,6.660865040113033,-6.51225,0.8129404738204261,1.7978271728271729,0.61251,5.7588,-5.229628904017893,low,No
1.5356,9.1772,-2.2718,-0.73535,0,9.606293877583592,-11.448999999999998,0.32368606391407695,5.976295910393331,0.73535,9.1772,-2.0882572924457743,low,No
1.2247,8.7779,-2.2135,-0.80647,0,9.170681251188485,-10.9914,0.36434154054664564,7.167387931738386,0.80647,8.7779,-1.5185933760710255,low,No
3.9899,-2.7066,2.3946,0.86291,0,5.451945377395118,5.1012,0.36035663576380184,-0.6783628662372491,0.86291,2.7066,4.623773047015332,low,No
1.8993,7.6625,0.15394,-3.1108,0,8.486578869226397,-7.508559999999999,-20.207873197349617,4.034381087769178,3.1108,7.6625,-0.6105503407483606,low,No
-1.5768,10.843,2.5462,-2.9362,0,11.625891454851967,-8.296800000000001,-1.1531694289529495,-6.876585489599188,2.9362,10.843,0.5370206389210544,medium,No
3.404,8.7261,-2.9915,-0.57242,0,9.849303229995511,-11.717600000000001,0.19134882166137393,2.5634841363102234,0.57242,8.7261,-5.946682505852346,low,No
4.6765,-3.3895,3.4896,1.4771,0,6.907785105951111,6.879099999999999,0.4232863365428703,-0.7247941836843793,1.4771,3.3895,3.1660009478031275,medium,No
2.6719,3.0646,0.37158,0.58619,0,4.124622792753296,-2.6930199999999997,1.5775606867969212,1.1469740634005763,0.58619,3.0646,4.558078438731469,low,No
0.80355,2.8473,4.3439,0.6017,0,5.2900207932011005,1.4965999999999995,0.1385160800202583,3.5434011573641966,0.6017,2.8473,1.3354661791590494,medium,No
1.4479,-4.8794,8.3428,-2.1086,0,9.997672957743719,13.2222,-0.25274488181425897,-3.3699841149250642,2.1086,4.8794,-0.6866641373423124,medium,No
5.2423,11.0272,-4.353,-4.1013,0,13.595959687348298,-15.3802,0.9421778084079946,2.1035041870934514,4.1013,11.0272,-1.278204471752859,low,No
5.7867,7.8902,-2.6196,-0.48708,0,10.141040578579696,-10.5098,0.185936784241869,1.363505970587727,0.48708,7.8902,-11.880389258438038,low,No
0.3292,-4.4552,4.5718,-0.9888,0,6.468095574433018,9.027,-0.21628242705280198,-13.533414337788578,0.9888,4.4552,-0.33292880258899676,medium,No
3.9362,10.1622,-3.8235,-4.0172,0,12.22787910350769,-13.985700000000001,1.0506603896953053,2.5817285707027082,4.0172,10.1622,-0.9798367021806234,low,No
0.93584,8.8855,-1.6831,-1.6599,0,9.242077708805526,-10.5686,0.9862159111163923,9.494678577534621,1.6599,8.8855,-0.5637929995782879,low,No
4.4338,9.887,-4.6795,-3.7483,0,12.383813006501674,-14.566500000000001,0.8010043808099155,2.229915647976905,3.7483,9.887,-1.1828829069178026,low,No
0.7057,-5.4981,8.3368,-2.8715,0,10.415126623810199,13.834900000000001,-0.34443671432684003,-7.790987671815219,2.8715,5.4981,-0.24576005572000695,medium,No
1.1432,-3.7413,5.5777,-0.63578,0,6.842454634734526,9.318999999999999,-0.11398605159832906,-3.272655703289013,0.63578,3.7413,-1.7981062631727955,medium,No
-0.38214,8.3909,2.1624,-3.7405,0,9.445662909483909,-6.2285,-1.7297909729929708,-21.957659496519604,3.7405,8.3909,0.1021628124582275,low,No
6.5633,9.8187,-4.4113,-3.2258,0,13.01342114549437,-14.23,0.7312583592138372,1.4960004875596118,3.2258,9.8187,-2.0346270692541384,low,No
4.8906,-3.3584,3.4202,1.0905,0,6.934246693765661,6.7786,0.31884100345009064,-0.6867051077577393,1.0905,3.3584,4.484731774415406,medium,No
-0.24811,-0.17797,4.9068,0.15429,0,4.918711572871497,5.08477,0.03144411836634874,0.7173028092378381,0.15429,0.17797,-1.6080757016008813,medium,No
1.4884,3.6274,3.308,0.48921,0,5.153208296207325,-0.31940000000000035,0.14788694074969772,2.4371136791185166,0.48921,3.6274,3.0424562049017805,medium,No
4.2969,7.617,-2.3874,-0.96164,0,9.116274944274114,-10.0044,0.40279802295384104,1.7726733226279412,0.96164,7.617,-4.468304147082068,low,No
-0.96511,9.4111,1.7305,-4.8629,0,10.776950736739034,-7.680599999999999,-2.8101126841953192,-9.75132368331071,4.8629,9.4111,0.19846387957802958,low,No
-1.6162,0.80908,8.1628,0.60817,0,8.382594316516816,7.353720000000001,0.07450507178909196,-0.5006063605989358,0.60817,0.80908,-2.657480638637223,medium,No
2.4391,6.4417,-0.80743,-0.69139,0,6.969553144714516,-7.24913,0.8562847553348277,2.641015128531016,0.69139,6.4417,-3.527820766860961,low,No
2.6881,6.0195,-0.46641,-0.69268,0,6.6451189402824085,-6.48591,1.4851311078235887,2.239314013615565,0.69268,6.0195,-3.8807241439048337,low,No
3.6289,0.81322,1.6277,0.77627,0,4.133067188094092,0.8144799999999999,0.4769122074092278,0.22409545592328256,0.77627,0.81322,4.674790987671815,low,No
4.5679,3.1929,-2.1055,0.29653,0,5.965013085559829,-5.2984,-0.14083590596057943,0.6989864051314608,0.29653,3.1929,15.40451219100934,low,No
3.4805,9.7008,-3.7541,-3.4379,0,11.494860769491728,-13.454899999999999,0.9157720891824938,2.787185749173969,3.4379,9.7008,-1.0123912853777015,low,No
4.1711,8.722,-3.0224,-0.59699,0,10.147051691506256,-11.744399999999999,0.19752183695076758,2.091055117355134,0.59699,8.722,-6.9868842024154505,low,No
-0.2062,9.2207,-3.7044,-6.8103,0,12.048509965136768,-12.9251,1.8384353741496597,-44.7172647914646,6.8103,9.2207,0.03027766765047061,low,No
-0.0068919,9.2931,-0.41243,-1.9638,0,9.507279529559737,-9.705530000000001,4.761535290837233,-1348.4090018717625,1.9638,9.2931,0.0035094714329361445,low,No
0.96441,5.8395,2.3235,0.066365,0,6.358687243553106,-3.516,0.028562513449537332,6.054997355896352,0.066365,5.8395,14.531906878625783,low,No
2.8561,6.9176,-0.79372,0.48403,0,7.541536544319068,-7.711320000000001,-0.6098246232928489,2.422044046076818,0.48403,6.9176,5.900667314009462,low,No
-0.7869,9.5663,-3.7867,-7.5034,0,12.758268524764636,-13.353,1.981514247233739,-12.156944973948404,7.5034,9.5663,0.10487245781912201,low,No
2.0843,6.6258,0.48382,-2.2134,0,7.3060764766323105,-6.14198,-4.574841883345046,3.178908986230389,2.2134,6.6258,-0.9416734435709767,low,No
-0.7869,9.5663,-3.7867,-7.5034,0,12.758268524764636,-13.353,1.981514247233739,-12.156944973948404,7.5034,9.5663,0.10487245781912201,low,No
3.9102,6.065,-2.4534,-0.68234,0,7.65236228073397,-8.5184,0.2781201597782669,1.5510715564421258,0.68234,6.065,-5.730574200545183,low,No
1.6349,3.286,2.8753,0.087054,0,4.663220185549466,-0.41069999999999984,0.030276492887698674,2.009908862927396,0.087054,3.286,18.78029728674156,medium,No
4.3239,-4.8835,3.4356,-0.5776,0,7.394704360554248,8.319099999999999,-0.16812201653277448,-1.1294201993570618,0.5776,4.8835,-7.485976454293629,medium,No
5.262,3.9834,-1.5572,1.0103,0,6.855778401465438,-5.5405999999999995,-0.6487927048548677,0.7570125427594071,1.0103,3.9834,5.208353954271009,low,No
3.1452,5.825,-0.51439,-1.4944,0,6.805933916230748,-6.33939,2.9051886700752347,1.8520284878545086,1.4944,5.825,-2.1046573875803,low,No
2.549,6.1499,-1.1605,-1.2371,0,6.8699234107812295,-7.3104,1.066006031882809,2.412671635935661,1.2371,6.1499,-2.060463988359874,low,No
4.9264,5.496,-2.4774,-0.50648,0,7.801888598948334,-7.9734,0.2044401388552515,1.1156219551802533,0.50648,5.496,-9.726741431053545,low,No
4.8265,0.80287,1.6371,1.1875,0,5.294332360827001,0.83423,0.7253680288314703,0.16634621361234847,1.1875,0.80287,4.064421052631579,low,No
2.5635,6.7769,-0.61979,0.38576,0,7.2822287990490935,-7.39669,-0.6224043627680343,2.643612248878487,0.38576,6.7769,6.645323517212774,low,No
5.807,5.0097,-2.2384,0.43878,0,8.001331485346673,-7.248099999999999,-0.19602394567548248,0.862700189426554,0.43878,5.0097,13.234422717534985,low,No
3.1377,-4.1096,4.5701,0.98963,0,6.9713094176704,8.6797,0.2165444957440756,-1.3097491793351819,0.98963,4.1096,3.1705789032264584,medium,No
-0.78289,11.3603,-0.37644,-7.0495,0,13.398003215617617,-11.736740000000001,18.72675592391882,-14.510723090089286,7.0495,11.3603,0.11105610326973543,low,No
2.888,0.44696,4.5907,-0.24398,0,5.447418652169117,4.14374,-0.053146578953100834,0.1547645429362881,0.24398,0.44696,-11.83703582260841,medium,No
0.49665,5.527,1.7785,-0.47156,0,5.846351110402112,-3.7485,-0.2651447849311217,11.128561361119502,0.47156,5.527,-1.0532063788277208,low,No
4.2586,11.2962,-4.0943,-4.3457,0,13.46804400720461,-15.3905,1.0614024375351099,2.652561874794533,4.3457,11.2962,-0.9799571990703455,low,No
1.7939,-1.1174,1.5454,-0.26079,0,2.6311466234514564,2.6628,-0.1687524265562314,-0.6228886782986788,0.26079,1.1174,-6.878714674642432,low,No
5.4021,3.1039,-1.1536,1.5651,0,6.526653858601665,-4.2575,-1.3567094313453536,0.574572851298569,1.5651,3.1039,3.45160053670692,low,No
2.5367,2.599,2.0938,0.20085,0,4.19690207802136,-0.5052000000000003,0.09592606743719553,1.0245594670240865,0.20085,2.599,12.629823251182476,low,No
4.6054,-4.0765,2.7587,0.31981,0,6.748352801691684,6.8352,0.11592779207597781,-0.8851565553480696,0.31981,4.0765,14.40042525249367,medium,No
2.4235,9.5332,-3.0789,-2.7746,0,10.67395357213062,-12.612100000000002,0.9011660008444574,3.9336496802145655,2.7746,9.5332,-0.8734592373675486,low,No
1.0009,7.7846,-0.28219,-2.6608,0,8.292242507675473,-8.066790000000001,9.429108047769233,7.777600159856131,2.6608,7.7846,-0.3761650631389055,low,No
0.12326,8.9848,-0.9351,-2.4332,0,9.356104868886412,-9.9199,2.6020746444230562,72.89307155606036,2.4332,8.9848,-0.050657570277823444,low,No
3.9529,-2.3548,2.3792,0.48274,0,5.202319866905532,4.734,0.20290013449899125,-0.5957145386931114,0.48274,2.3548,8.18846584082529,low,No
4.1373,0.49248,1.093,1.8276,0,4.679162168636603,0.6005199999999999,1.6720951509606587,0.11903415270828802,1.8276,0.49248,2.263788575180565,low,No
4.7181,10.0153,-3.9486,-3.8582,0,12.371089317436844,-13.963899999999999,0.9771058096540547,2.122740086051589,3.8582,10.0153,-1.2228759525167177,low,No
4.1654,-3.4495,3.643,1.0879,0,6.610944170086448,7.092499999999999,0.29862750480373323,-0.828131752052624,1.0879,3.4495,3.8288445629193855,medium,No
4.4069,10.9072,-4.5775,-4.4271,0,13.376864360155558,-15.4847,0.9671436373566359,2.4750277973178423,4.4271,10.9072,-0.9954371936482121,low,No
2.3066,3.5364,0.57551,0.41938,0,4.28177765238925,-2.96089,0.7287101874858821,1.5331656984305906,0.41938,3.5364,5.500023844723163,low,No
3.7935,7.9853,-2.5477,-1.872,0,9.388866685069077,-10.533,0.7347803901558269,2.104995386845921,1.872,7.9853,-2.0264423076923075,low,No
0.049175,6.1437,1.7828,-0.72113,0,6.437846859589393,-4.3609,-0.4044929324657842,124.93543467208947,0.72113,6.1437,-0.06819158820184988,low,No
0.24835,7.6439,0.9885,-0.87371,0,7.760888244692099,-6.6554,-0.8838745574102175,30.778739681900547,0.87371,7.6439,-0.2842476336541873,low,No
1.1317,3.9647,3.3979,0.84351,0,5.408957802580826,-0.5668000000000002,0.2482445039583272,3.5033135990103386,0.84351,3.9647,1.3416557005844625,medium,No
2.8033,9.0862,-3.3668,-1.0224,0,10.138943008519183,-12.453,0.3036711417369609,3.2412513822994327,1.0224,9.0862,-2.741881846635368,low,No
4.4682,2.2907,0.95766,0.83058,0,5.17871543358003,-1.3330400000000002,0.8673015475220851,0.5126672933172195,0.83058,2.2907,5.379614245467024,low,No
5.0185,8.5978,-2.9375,-1.281,0,10.45836384622375,-11.5353,0.4360851063829787,1.7132210819966123,1.281,8.5978,-3.9176424668227954,low,No
1.8664,7.7763,-0.23849,-2.9634,0,8.531875977186964,-8.01479,12.425678225502118,4.166470210030004,2.9634,7.7763,-0.6298171019774583,low,No
3.245,6.63,-0.63435,0.86937,0,7.4595662822579705,-7.26435,-1.3704894774178293,2.043143297380585,0.86937,6.63,3.7325879659983667,low,No
4.0296,2.6756,0.80685,0.71679,0,4.95593647523856,-1.8687500000000004,0.8883807399144823,0.6639864999007346,0.71679,2.6756,5.621730213870172,low,No
-1.1313,1.9037,7.5339,1.022,0,7.918841240358339,5.6302,0.135653512788861,-1.6827543533987448,1.022,1.9037,-1.1069471624266145,medium,No
0.87603,6.8141,0.84198,-0.17156,0,6.923709303899175,-5.97212,-0.2037578089740849,7.778386584934306,0.17156,6.8141,-5.10626020051294,low,No
4.1197,-2.7956,2.0707,0.67412,0,5.434109284362986,4.8663,0.3255517457864491,-0.6785931014394252,0.67412,2.7956,6.111226487865661,low,No
3.8027,0.81529,2.1041,1.0245,0,4.538949452692771,1.2888099999999998,0.48690651585000716,0.21439766481710362,1.0245,0.81529,3.711761835041484,low,No
1.4806,7.6377,-2.7876,-1.0341,0,8.328668214066399,-10.4253,0.3709642703400775,5.158516817506416,1.0341,7.6377,-1.4317764239435256,low,No
4.0632,3.584,0.72545,0.39481,0,5.480584173115125,-2.85855,0.5442277207250672,0.8820633983067533,0.39481,3.584,10.291532635951471,low,No
4.3064,8.2068,-2.7824,-1.4336,0,9.782310868092466,-10.9892,0.5152386428982174,1.9057217165149543,1.4336,8.2068,-3.00390625,low,No
2.4486,-6.3175,7.9632,0.20602,0,10.457602339465772,14.2807,0.025871508941129197,-2.580045740423099,0.20602,6.3175,11.885253858848655,medium,No
3.2718,1.7837,2.1161,0.61334,0,4.329009828540471,0.3323999999999998,0.2898445253059874,0.5451739103857205,0.61334,1.7837,5.334398539146314,low,No
-0.64472,-4.6062,8.347,-2.7099,0,9.932205662812263,12.953199999999999,-0.3246555648736073,7.144496835835713,2.7099,4.6062,0.23791283811210742,medium,No
2.9543,1.076,0.64577,0.89394,0,3.3319381906782124,-0.4302300000000001,1.3843009120894436,0.3642148732356227,0.89394,1.076,3.3048079289437773,low,No
2.1616,-6.8804,8.1517,-0.081048,0,10.884355763585827,15.0321,-0.009942465988689475,-3.1830125832716507,0.081048,6.8804,-26.670614944230582,medium,No
3.82,10.9279,-4.0112,-5.0284,0,13.243335320454587,-14.9391,1.2535899481451938,2.8607068062827223,5.0284,10.9279,-0.7596849892609975,low,No
-2.7419,11.4038,2.5394,-5.5793,0,13.23411541811541,-8.8644,-2.1970938016854373,-4.1590867646522485,5.5793,11.4038,0.4914415786926675,medium,No
3.3669,-5.1856,3.6935,-1.1427,0,7.292062020443875,8.8791,-0.30938134560714775,-1.5401704832338354,1.1427,5.1856,-2.946442635862431,medium,No
4.5597,-2.4211,2.6413,1.6168,0,6.020224018257128,5.0624,0.6121228183091659,-0.5309779152137202,1.6168,2.4211,2.820200395843642,medium,No
5.1129,-0.49871,0.62863,1.1189,0,5.295051554139959,1.12734,1.7799023272831396,-0.09753955680729136,1.1189,0.49871,4.56957726338368,low,No
3.3397,-4.6145,3.9823,-0.23751,0,6.954303029786665,8.5968,-0.05964141325364739,-1.3817109321196512,0.23751,4.6145,-14.061302681992338,medium,No
4.2027,0.22761,0.96108,0.97282,0,4.425443155312245,0.7334700000000001,1.012215424314313,0.05415804125919052,0.97282,0.22761,4.320120885672581,low,No
3.5438,1.2395,1.997,2.1547,0,4.767139580503176,0.7575000000000001,1.0789684526790184,0.3497657881370281,2.1547,1.2395,1.6446837146702558,low,No
2.3136,10.6651,-3.5288,-4.7672,0,12.420778085530713,-14.193900000000001,1.3509408297438223,4.609742392807745,4.7672,10.6651,-0.4853163282429938,low,No
-1.8584,7.886,-1.6643,-1.8384,0,8.473031075713106,-9.5503,1.1046085441326685,-4.243435213086526,1.8384,7.886,1.0108790252393385,low,No
3.106,9.5414,-4.2536,-4.003,0,11.610455284785345,-13.794999999999998,0.9410851984201618,3.0719253058596263,4.003,9.5414,-0.7759180614539095,low,No
2.9163,10.8306,-3.3437,-4.122,0,12.408783813895704,-14.1743,1.232766097436971,3.713815451085279,4.122,10.8306,-0.7074963609898108,low,No
3.9922,-4.4676,3.7304,-0.1095,0,7.0586815348193745,8.198,-0.029353420544713703,-1.1190822103101048,0.1095,4.4676,-36.458447488584476,medium,No
1.518,5.6946,0.094818,-0.026738,0,5.894276760873042,-5.599782,-0.2819928705520049,3.7513833992094865,0.026738,5.6946,-56.77313187224175,low,No
3.2351,9.647,-3.2074,-2.5948,0,10.979566603923855,-12.8544,0.809004177838748,2.981978918735124,2.5948,9.647,-1.2467627562817942,low,No
4.2188,6.8162,-1.2804,0.76076,0,8.153345069209324,-8.0966,-0.5941580756013746,1.6156727031383333,0.76076,6.8162,5.545507124454493,low,No
1.7819,6.9176,-1.2744,-1.5759,0,7.425356122099465,-8.192,1.2365819209039548,3.8821482687019473,1.5759,6.9176,-1.130718954248366,low,No
2.5331,2.9135,-0.822,-0.12243,0,3.949145599354372,-3.7355,0.14894160583941607,1.1501717263432159,0.12243,2.9135,-20.690190312831824,low,No
3.8969,7.4163,-1.8245,0.14007,0,8.57529912917911,-9.2408,-0.07677171827898054,1.9031281274859502,0.14007,7.4163,27.821089455272364,low,No
2.108,6.7955,-0.1708,0.4905,0,7.133880230281413,-6.9662999999999995,-2.871779859484777,3.2236717267552177,0.4905,6.7955,4.297655453618757,low,No
2.8969,0.70768,2.29,1.8663,0,4.197620311843366,1.5823200000000002,0.8149781659388646,0.24428872242742242,1.8663,0.70768,1.5522156137812784,low,No
0.9297,-3.7971,4.6429,-0.2957,0,6.076698890022444,8.44,-0.06368864287406578,-4.084220716360116,0.2957,3.7971,-3.144064930672979,medium,No
3.4642,10.6878,-3.4071,-4.109,0,12.43872830678442,-14.094899999999999,1.2060109770772798,3.085214479533514,4.109,10.6878,-0.8430761742516427,low,No
4.0713,10.4023,-4.1722,-4.7582,0,12.838654487912665,-14.5745,1.1404534777815063,2.5550315624002162,4.7582,10.4023,-0.8556386868984068,low,No
-1.4572,9.1214,1.7425,-5.1241,0,10.705889821028421,-7.3789,-2.9406599713055956,-6.259538841614054,5.1241,9.1214,0.2843816475088308,low,No
-1.5075,1.9224,7.1466,0.89136,0,7.605037292452944,5.2242,0.1247250440769037,-1.2752238805970149,0.89136,1.9224,-1.6912358642972536,medium,No
-0.91718,9.9884,1.1804,-5.2263,0,11.371759299352059,-8.808,-4.427566926465605,-10.890337774482655,5.2263,9.9884,0.17549317873065073,low,No
2.994,7.2011,-1.2153,0.3211,0,7.899363044575177,-8.4164,-0.2642145972187937,2.405177020708083,0.3211,7.2011,9.32419806913734,low,No
-2.343,12.9516,3.3285,-5.9426,0,14.81981776439913,-9.623099999999999,-1.7853687847378699,-5.527784891165172,5.9426,12.9516,0.3942718675327298,medium,No
3.7818,-2.8846,2.2558,-0.15734,0,5.266528070332484,5.1404,-0.06974909123149216,-0.7627584748003595,0.15734,2.8846,-24.03584593873141,low,No
4.6689,1.3098,0.055404,1.909,0,5.211674764719687,-1.254396,34.45599595697062,0.28053717149649815,1.909,1.3098,2.4457307490832894,low,No
3.4663,1.1112,1.7425,1.3388,0,4.251904610877342,0.6313,0.7683213773314204,0.32057236823125523,1.3388,1.1112,2.589109650433224,low,No
3.2697,-4.3414,3.6884,-0.29829,0,6.575101788877492,8.0298,-0.0808724650254853,-1.3277670734318134,0.29829,4.3414,-10.961480438499446,medium,No
5.1302,8.6703,-2.8913,-1.5086,0,10.589076625466452,-11.561599999999999,0.521772213191298,1.6900510701337177,1.5086,8.6703,-3.4006363515842506,low,No
2.0139,6.1416,0.37929,0.56938,0,6.499469075124522,-5.76231,1.5011732447467636,3.049605243557277,0.56938,6.1416,3.537005163511188,low,No
0.4339,5.5395,2.033,-0.40432,0,5.930505300764851,-3.5065000000000004,-0.19887850467289722,12.76676653606822,0.40432,5.5395,-1.0731598733676295,low,No
-1.0401,9.3987,0.85998,-5.3336,0,10.890556655212809,-8.53872,-6.20200469778367,-9.036342659359677,5.3336,9.3987,0.19500899955002252,low,No
4.1605,11.2196,-3.6136,-4.0819,0,13.149494172020457,-14.8332,1.1295937569183088,2.696695108760966,4.0819,11.2196,-1.019255738749112,low,No
5.438,9.4669,-4.9417,-3.9202,0,12.608822567551659,-14.4086,0.7932897585851023,1.740878999632218,3.9202,9.4669,-1.3871741237691955,low,No
5.032,8.2026,-2.6256,-1.0341,0,10.028300400865543,-10.8282,0.3938528336380256,1.6300874403815582,1.0341,8.2026,-4.866067111497921,low,No
5.2418,10.5388,-4.1174,-4.2797,0,13.183762267653343,-14.6562,1.0394180793704766,2.0105307337174256,4.2797,10.5388,-1.2248054770194172,low,No
-0.2062,9.2207,-3.7044,-6.8103,0,12.048509965136768,-12.9251,1.8384353741496597,-44.7172647914646,6.8103,9.2207,0.03027766765047061,low,No
2.0911,0.94358,4.5512,1.234,0,5.2439698575029965,3.60762,0.27113728247495167,0.4512361914781694,1.234,0.94358,1.6945705024311184,medium,No
1.7317,-0.34765,4.1905,-0.99138,0,4.654328089735403,4.53815,-0.23657797398878416,-0.20075648206964256,0.99138,0.34765,-1.746757045734229,medium,No
4.1736,3.3336,-1.4244,0.60429,0,5.5611066959823745,-4.758,-0.42424178601516427,0.7987349051178838,0.60429,3.3336,6.906617683562529,low,No
3.9232,-3.2467,3.4579,0.83705,0,6.212107874345069,6.7046,0.24206888573989993,-0.827564233278956,0.83705,3.2467,4.686936264261394,medium,No
3.8481,10.1539,-3.8561,-4.2228,0,12.272371648137128,-14.01,1.0950960815331554,2.6386788285127727,4.2228,10.1539,-0.9112674055129297,low,No
0.5195,-3.2633,3.0895,-0.9849,0,4.629691717598484,6.3528,-0.3187894481307655,-6.281616939364774,0.9849,3.2633,-0.5274647172301756,medium,No
3.8584,0.78425,1.1033,1.7008,0,4.428576537952122,0.31904999999999994,1.5415571467415936,0.20325782707858178,1.7008,0.78425,2.268579492003763,low,No
1.7496,-0.1759,5.1827,1.2922,0,5.623362081530941,5.3586,0.24932950006753238,-0.10053726566072245,1.2922,0.1759,1.3539699736882835,medium,No
3.6277,0.9829,0.68861,0.63403,0,3.8733031733908976,-0.29428999999999994,0.9207388797722948,0.2709430217493178,0.63403,0.9829,5.721653549516584,low,No
2.7391,7.4018,0.071684,-2.5302,0,8.288326893037944,-7.330115999999999,-35.29657943195134,2.70227446971633,2.5302,7.4018,-1.082562643269307,low,No
4.5447,8.2274,-2.4166,-1.5875,0,9.833845669929948,-10.643999999999998,0.6569146735082347,1.8103285145334125,1.5875,8.2274,-2.8628031496062993,low,No
-1.7599,11.9211,2.6756,-3.3241,0,12.783518662324546,-9.2455,-1.2423755419345193,-6.773737144155917,3.3241,11.9211,0.5294365392136218,medium,No
5.0691,0.21313,0.20278,1.2095,0,5.219694357460022,-0.010349999999999998,5.964592168852945,0.04204493894379673,1.2095,0.21313,4.19107069036792,low,No
3.4591,11.112,-4.2039,-5.0931,0,13.381119520802436,-15.3159,1.2115178762577605,3.2123962880518055,5.0931,11.112,-0.6791737841393257,low,No
1.9358,8.1654,-0.023425,-2.2586,0,8.690391331270703,-8.188825,96.41835645677693,4.218101043496229,2.2586,8.1654,-0.8570796068360932,low,No
2.486,-0.99533,5.3404,-0.15475,0,5.976177501664421,6.33573,-0.02897723017002472,-0.400374094931617,0.15475,0.99533,-16.064620355411957,medium,No
2.4226,-4.5752,5.947,0.21507,0,7.887617504982097,10.5222,0.03616445266520935,-1.8885494922810202,0.21507,4.5752,11.264239549913981,medium,No
3.9479,-3.7723,2.883,0.019813,0,6.174807143139695,6.6553,0.006872355185570587,-0.9555206565515844,0.019813,3.7723,199.25806288800283,medium,No
2.2634,-4.4862,3.6558,-0.61251,0,6.244118203565656,8.142,-0.16754472345314295,-1.9820623840240348,0.61251,4.4862,-3.6952866075655906,medium,No
1.3566,4.2358,2.1341,0.3211,0,4.943667992493023,-2.1017,0.15046155287943394,3.1223647353678317,0.3211,4.2358,4.224852071005917,low,No
5.0452,3.8964,-1.4304,0.86291,0,6.589888756883534,-5.3267999999999995,-0.6032648210290827,0.7722984222627447,0.86291,3.8964,5.846727932229318,low,No
3.5499,8.6165,-3.2794,-1.2009,0,9.952009215731264,-11.895900000000001,0.3661950356772581,2.427251471872447,1.2009,8.6165,-2.9560329752685486,low,No
0.17346,7.8695,0.26876,-3.7883,0,8.739712091894104,-7.60074,-14.095475517190058,45.367808140205234,3.7883,7.8695,-0.04578834833566507,low,No
2.4008,9.3593,-3.3565,-3.3526,0,10.764123565808783,-12.7158,0.9988380753761358,3.898408863712096,3.3526,9.3593,-0.7161009365865298,low,No
4.8851,1.5995,-0.00029081,1.6401,0,5.395602872207188,-1.59979081,-5639.764794883256,0.32742420830689234,1.6401,1.5995,2.9785378940308522,low,No
4.1927,-3.2674,2.5839,0.21766,0,5.9142667453878,5.8513,0.08423700607608654,-0.7793068905478568,0.21766,3.2674,19.262611412294405,medium,No
1.1166,8.6496,-0.96252,-1.8112,0,8.959311687311697,-9.612119999999999,1.881727132942692,7.746372917786136,1.8112,8.6496,-0.6164973498233216,low,No
1.0235,6.901,-2.0062,-2.7125,0,7.749441782476981,-8.9072,1.3520586182833214,6.742550073277967,2.7125,6.901,-0.3773271889400922,low,No
-1.803,11.8818,2.0458,-5.2728,0,13.282157118480416,-9.836,-2.577378042819435,-6.590016638935109,5.2728,11.8818,0.3419435593991807,low,No
0.11739,6.2761,-1.5495,-2.4746,0,6.922991191103741,-7.8256,1.59703130041949,53.4636681148309,2.4746,6.2761,-0.04743796977289259,low,No
0.5706,-0.0248,1.2421,-0.5621,0,1.4781638001250064,1.2669,-0.4525400531358184,-0.04346302138100245,0.5621,0.0248,-1.0151218644369329,low,No
4.0552,-2.4583,2.2806,1.0323,0,5.362337697310754,4.7389,0.45264404104183104,-0.6062093115012822,1.0323,2.4583,3.92831541218638,low,No
-1.6952,1.0657,8.8294,0.94955,0,9.10326145359453,7.7637,0.10754411398283009,-0.6286573855592261,0.94955,1.0657,-1.785266705281449,medium,No
-1.1193,10.7271,2.0938,-5.6504,0,12.354534612845601,-8.6333,-2.69863406247015,-9.583757705708926,5.6504,10.7271,0.1980921704658077,low,No
1.8799,2.4707,2.4931,0.37671,0,3.9994800329667854,0.022400000000000198,0.15110103886727366,1.3142720357465822,0.37671,2.4707,4.990310849194341,medium,No
3.583,-3.7971,3.4391,-0.12501,0,6.252910819778258,7.2362,-0.036349626355732606,-1.0597543957577449,0.12501,3.7971,-28.661707063434925,medium,No
0.19081,9.1297,-3.725,-5.8224,0,11.452676425451825,-12.8547,1.5630604026845638,47.847073004559505,5.8224,9.1297,-0.03277170926078593,low,No
3.6582,5.6864,-1.7157,-0.23751,0,6.979800118205391,-7.4021,0.13843329253365974,1.5544256738286588,0.23751,5.6864,-15.402298850574713,low,No
-0.13144,-1.7775,8.3316,0.35214,0,8.527387868696955,10.1091,0.04226559124297854,13.523280584297018,0.35214,1.7775,-0.37326063497472595,medium,No
2.3925,9.798,-3.0361,-2.8224,0,10.904526822379777,-12.8341,0.9296136490892922,4.095297805642633,2.8224,9.798,-0.8476828231292517,low,No
1.6426,3.0149,0.22849,-0.147,0,3.444063508430122,-2.78641,-0.6433541949319445,1.835443808596128,0.147,3.0149,-11.174149659863946,low,No
-0.11783,-1.5789,8.03,-0.028031,0,8.184649953166048,9.608899999999998,-0.003490784557907846,13.399813290333531,0.028031,1.5789,4.203560343904963,medium,No
-0.69572,8.6165,1.8419,-4.3289,0,9.841751337460218,-6.7746,-2.350236169173136,-12.385011211406889,4.3289,8.6165,0.160715193236157,low,No
2.9421,7.4101,-0.97709,-0.88406,0,8.080952998978523,-8.38719,0.9047887093307678,2.5186431460521397,0.88406,7.4101,-3.327941542429247,low,No
-1.7559,11.9459,3.0946,-4.8978,0,13.392262901391982,-8.8513,-1.582692431978285,-6.8032917592118,4.8978,11.9459,0.35850790150679895,medium,No
-1.2537,10.8803,1.931,-4.3237,0,11.932134531172535,-8.949300000000001,-2.23909891248058,-8.678551487596714,4.3237,10.8803,0.28995998797326367,low,No
3.2585,-4.4614,3.8024,-0.15087,0,6.708421552563614,8.2638,-0.03967757205975174,-1.369157587847169,0.15087,4.4614,-21.59806455889176,medium,No
1.8314,6.3672,-0.036278,0.049554,0,6.625634572793764,-6.403478000000001,-1.3659518165279234,3.476684503658404,0.049554,6.3672,36.957662348145455,low,No
4.5645,-3.6275,2.8684,0.27714,0,6.503686772869678,6.4959,0.09661832380421141,-0.7947201226859459,0.27714,3.6275,16.47001515479541,medium,No
2.7365,-5.0325,6.6608,-0.57889,0,8.804309102484988,11.6933,-0.08690998078308912,-1.839027955417504,0.57889,5.0325,-4.727150235796092,medium,No
0.9297,-3.7971,4.6429,-0.2957,0,6.076698890022444,8.44,-0.06368864287406578,-4.084220716360116,0.2957,3.7971,-3.144064930672979,medium,No
3.9663,10.1684,-4.1131,-4.6056,0,12.540216793181846,-14.281500000000001,1.1197393693321338,2.563699165469077,4.6056,10.1684,-0.8611907243355914,low,No
1.4578,-0.08485,4.1785,0.59136,0,4.465640968786004,4.26335,0.14152447050376932,-0.058204143229523934,0.59136,0.08485,2.4651650432900434,medium,No
4.8272,3.0687,0.68604,0.80731,0,5.817317238014445,-2.3826600000000004,1.1767681184770566,0.6357101425256878,0.80731,3.0687,5.979363565420966,low,No
-2.341,12.3784,0.70403,-7.5836,0,14.721131572025977,-11.67437,-10.771700069599305,-5.287654848355403,7.5836,12.3784,0.3086924415844718,low,No
-1.8584,7.886,-1.6643,-1.8384,0,8.473031075713106,-9.5503,1.1046085441326685,-4.243435213086526,1.8384,7.886,1.0108790252393385,low,No
4.1454,7.257,-1.9153,-0.86078,0,8.61729113227585,-9.1723,0.4494230668824727,1.7506151396728902,0.86078,7.257,-4.815864680870838,low,No
1.9157,6.0816,0.23705,-2.0116,0,6.6901787952565215,-5.84455,-8.485973423328412,3.1746098032050947,2.0116,6.0816,-0.9523265062636707,low,No
4.0215,-2.1914,2.4648,1.1409,0,5.324620931108617,4.6562,0.4628773125608569,-0.5449210493596917,1.1409,2.1914,3.524848803576124,medium,No
5.8862,5.8747,-2.8167,-0.30087,0,8.785429538554162,-8.6914,0.1068164873788476,0.9980462777343617,0.30087,5.8747,-19.563931265995276,low,No
-2.0897,10.8265,2.3603,-3.4198,0,11.783293108040722,-8.466199999999999,-1.4488836164894292,-5.180887208690242,3.4198,10.8265,0.6110591262646938,low,No
4.0026,-3.5943,3.5573,0.26809,0,6.454924847595052,7.1516,0.07536333736260646,-0.8979913056513266,0.26809,3.5943,14.930060800477452,medium,No
-0.78689,9.5663,-3.7867,-7.5034,0,12.758267907992057,-13.353,1.981514247233739,-12.15709946752405,7.5034,9.5663,0.10487112508995922,low,No
4.1757,10.2615,-3.8552,-4.3056,0,12.495423607865401,-14.1167,1.1168292176800165,2.457432286802213,4.3056,10.2615,-0.969829988851728,low,No
0.83292,7.5404,0.65005,-0.92544,0,7.670097266821328,-6.89035,-1.4236443350511498,9.052970273255534,0.92544,7.5404,-0.9000259336099584,low,No
4.8077,2.2327,-0.26334,1.5534,0,5.53003870651915,-2.49604,-5.898838004101161,0.46440085695862887,1.5534,2.2327,3.0949530063087423,low,No
5.3063,5.2684,-2.8904,-0.52716,0,8.034000751530957,-8.1588,0.1823830611680044,0.9928575466897838,0.52716,5.2684,-10.065824417634117,low,No
2.5605,9.2683,-3.5913,-1.356,0,10.35343985494676,-12.8596,0.3775791496115613,3.619722710408123,1.356,9.2683,-1.888274336283186,low,No
2.1059,7.6046,-0.47755,-1.8461,0,8.11793663331391,-8.08215,3.8657732174641404,3.611092644475046,1.8461,7.6046,-1.140729104598884,low,No
2.1721,-0.73874,5.4672,-0.72371,0,5.97308858143758,6.20594,-0.1323730611647644,-0.3401040467750103,0.72371,0.73874,-3.0013403158723797,medium,No
4.2899,9.1814,-4.6067,-4.3263,0,11.943194905468134,-13.7881,0.9391321336314498,2.140236369146134,4.3263,9.1814,-0.9915863439890901,low,No
3.5156,10.1891,-4.2759,-4.978,0,12.619073142667808,-14.465,1.1641993498444771,2.8982534986915462,4.978,10.1891,-0.7062274005624749,low,No
2.614,8.0081,-3.7258,-1.3069,0,9.30334535852561,-11.7339,0.3507703043641634,3.063542463657231,1.3069,8.0081,-2.0001530338970084,low,No
0.68087,2.3259,4.9085,0.54998,0,5.501749268850772,2.5826000000000002,0.11204645003565245,3.416070615536005,0.54998,2.3259,1.2379904723808137,medium,No
4.1962,0.74493,0.83256,0.753,0,4.407173731372522,0.08762999999999999,0.9044393196886711,0.17752490348410466,0.753,0.74493,5.572642762284197,low,No
6.0919,2.9673,-1.3267,1.4551,0,7.056455469993416,-4.294,-1.0967814879023141,0.48708941381178283,1.4551,2.9673,4.186585114425125,low,No
1.3234,3.2964,0.2362,-0.11984,0,3.5619927829236264,-3.0602,-0.5073666384419984,2.4908568837841925,0.11984,3.2964,-11.04305740987984,low,No
1.3264,1.0326,5.6566,-0.41337,0,5.915538693720125,4.6240000000000006,-0.07307746702966446,0.7784981905910735,0.41337,1.0326,-3.208747611099015,medium,No
-0.16735,7.6274,1.2061,-3.6241,0,8.53194085788808,-6.4213,-3.0048088881518944,-45.577532118314906,3.6241,7.6274,0.04617698187136117,low,No
-1.3,10.2678,-2.953,-5.8638,0,12.256511586907589,-13.220799999999999,1.985709448018964,-7.898307692307691,5.8638,10.2678,0.22169923940107097,low,No
-2.2261,12.5398,2.9438,-3.5258,0,13.538808268455536,-9.596,-1.1977036483456756,-5.633080274920263,3.5258,12.5398,0.6313744398434399,medium,No
2.4196,6.4665,-0.75688,0.228,0,6.949455931538814,-7.22338,-0.3012366557446359,2.672549181682923,0.228,6.4665,10.612280701754386,low,No
1.0987,0.6394,5.989,-0.58277,0,6.150098854725832,5.3496,-0.09730672900317248,0.5819604987712751,0.58277,0.6394,-1.8853063815913653,medium,No
4.6464,10.5326,-4.5852,-4.206,0,13.085839321954095,-15.1178,0.9172991363517404,2.2668302341597797,4.206,10.5326,-1.1047075606276746,low,No
-0.36038,4.1158,3.1143,-0.37199,0,5.187188490357758,-1.0015,-0.1194457823587965,-11.420722570619903,0.37199,4.1158,0.9687894835882684,medium,No
1.3562,3.2136,4.3465,0.78662,0,5.628262313929584,1.1328999999999998,0.1809777982284597,2.3695620115027283,0.78662,3.2136,1.7240853270956753,medium,No
0.5706,-0.0248,1.2421,-0.5621,0,1.4781638001250064,1.2669,-0.4525400531358184,-0.04346302138100245,0.5621,0.0248,-1.0151218644369329,low,No
-2.6479,10.1374,-1.331,-5.4707,0,11.894468153725915,-11.468399999999999,4.110217881292262,-3.8284678424411798,5.4707,10.1374,0.48401484270751455,low,No
3.1219,-3.137,1.9259,-0.37458,0,4.841118630688572,5.0629,-0.1944960797549198,-1.004836798103719,0.37458,3.137,-8.334401196006194,low,No
5.4944,1.5478,0.041694,1.9284,0,6.025328302228519,-1.5061060000000002,46.251259173981865,0.2817050087361678,1.9284,1.5478,2.849201410495748,low,No
-1.3389,1.552,7.0806,1.031,0,7.443064864019391,5.528599999999999,0.14560912916984436,-1.1591605048920757,1.031,1.552,-1.2986420950533464,medium,No
-2.3361,11.9604,3.0835,-5.4435,0,13.698474216860797,-8.8769,-1.7653640343765202,-5.1198150764094,5.4435,11.9604,0.42915403692477266,medium,No
2.2596,-0.033118,4.7355,-0.2776,0,5.254418233441643,4.768618,-0.05862105374300496,-0.014656576385200923,0.2776,0.033118,-8.139769452449567,medium,No
0.46901,-0.63321,7.3848,0.36507,0,7.435689102504219,8.01801,0.04943532661683458,-1.3500991450075692,0.36507,0.63321,1.2847125208864052,medium,No
2.7296,2.8701,0.51124,0.5099,0,4.026109104035806,-2.35886,0.997378921837102,1.0514727432590856,0.5099,2.8701,5.353206511080604,low,No
2.0466,2.03,2.1761,-0.083634,0,3.6127382158075054,0.14610000000000012,-0.038432976425715734,0.9918889866119416,0.083634,2.03,-24.470908960470624,low,No
-1.3274,9.498,2.4408,-5.2689,0,11.211280328758175,-7.0572,-2.1586774827925272,-7.155341268645472,5.2689,9.498,0.2519311431228529,low,No
3.8905,-2.1521,2.6302,1.1047,0,5.282597731230346,4.782299999999999,0.4200060831875903,-0.5531679732682174,1.1047,2.1521,3.5217706164569567,medium,No
3.9994,0.90427,1.1693,1.6892,0,4.586236335264462,0.26503,1.4446249893098435,0.22610141521228183,1.6892,0.90427,2.3676296471702583,low,No
2.3952,9.5083,-3.1783,-3.0086,0,10.737691408305604,-12.6866,0.9466066765251864,3.969731128924516,3.0086,9.5083,-0.796117795652463,low,No
3.2704,6.9321,-1.0456,0.23447,0,7.739365743450816,-7.9777000000000005,-0.2242444529456771,2.11964897260274,0.23447,6.9321,13.948053055828037,low,No
-1.3931,1.5664,7.5382,0.78403,0,7.8634279325813115,5.9718,0.10400758801835983,-1.1243988227693633,0.78403,1.5664,-1.7768452737777891,medium,No
1.6406,3.5488,1.3964,-0.36424,0,4.167511672161219,-2.1524,-0.26084216556860496,2.1631110569303913,0.36424,3.5488,-4.504173072699319,low,No
2.7744,6.8576,-1.0671,0.075416,0,7.474514238601462,-7.9247,-0.07067378877331085,2.4717416378316033,0.075416,6.8576,36.78794950673597,low,No
2.4287,9.3821,-3.2477,-1.4543,0,10.32399766950768,-12.6298,0.44779382332111956,3.863013134598756,1.4543,9.3821,-1.6700130647046691,low,No
4.2134,-2.806,2.0116,0.67412,0,5.488838483176564,4.8176000000000005,0.3351163253131835,-0.6659704751507096,0.67412,2.806,6.250222512312347,low,No
1.6472,0.48213,4.7449,1.225,0,5.19234226403653,4.262770000000001,0.2581719319690615,0.2926966974259349,1.225,0.48213,1.3446530612244898,medium,No
2.0597,-0.99326,5.2119,-0.29312,0,5.6990131129871955,6.20516,-0.05624052648746138,-0.4822352769820848,0.29312,0.99326,-7.026814956331878,medium,No
0.3798,0.7098,0.7572,-0.4444,0,1.1911789454150035,0.0474,-0.5868991019545695,1.8688783570300156,0.4444,0.7098,-0.8546354635463547,low,No
1.0135,8.4551,-1.672,-2.0815,0,8.924355691589168,-10.1271,1.2449162679425838,8.342476566354218,2.0815,8.4551,-0.4869084794619265,low,No
4.5691,-4.4552,3.1769,0.0042961,0,7.128688092242163,7.632099999999999,0.0013522931159306241,-0.9750716771355409,0.0042961,4.4552,1063.546006843416,medium,No
0.57461,10.1105,-1.6917,-4.3922,0,11.167168693634927,-11.8022,2.596323225158125,17.595412540679767,4.3922,10.1105,-0.13082509903920586,low,No
0.5734,9.1938,-0.9094,-1.872,0,9.443841292609697,-10.1032,2.058500109962613,16.033833275200557,1.872,9.1938,-0.30630341880341877,low,No
5.2868,3.257,-1.3721,1.1668,0,6.465476308053414,-4.6291,-0.8503753370745573,0.6160626465915109,1.1668,3.257,4.531025025711347,low,No
4.0102,10.6568,-4.1388,-5.0646,0,13.131219626523654,-14.7956,1.223688025514642,2.657423569896763,5.0646,10.6568,-0.7918098171622635,low,No
4.1425,-3.6792,3.8281,1.6297,0,6.928714930634684,7.5073,0.42572033123481623,-0.888159324079662,1.6297,3.6792,2.541878873412285,medium,No
3.0934,-2.9177,2.2232,0.22283,0,4.803578697065345,5.1409,0.10022939906441167,-0.9432016551367427,0.22283,2.9177,13.882331822465556,low,No
2.2034,5.9947,0.53009,0.84998,0,6.4648945125578035,-5.46461,1.6034635627912242,2.7206589815739313,0.84998,5.9947,2.5922962893244548,low,No
3.744,0.79459,0.95851,1.0077,0,4.07223648358,0.16391999999999995,1.0513192350627538,0.21223023504273503,1.0077,0.79459,3.715391485561179,low,No
3.0329,2.2948,2.1135,0.35084,0,4.365152964742473,-0.1812999999999998,0.16599952685119468,0.7566355633222328,0.35084,2.2948,8.644681336221641,low,No
3.7731,7.2073,-1.6814,-0.94742,0,8.360990821451725,-8.8887,0.5634709170928988,1.910179958124619,0.94742,7.2073,-3.982499841675286,low,No
3.1557,2.8908,0.59693,0.79825,0,4.394166088963866,-2.29387,1.3372589750892065,0.916056659378268,0.79825,2.8908,3.9532727842154713,low,No
1.8114,7.6067,-0.9788,-2.4668,0,8.257493961850654,-8.5855,2.520228851655088,4.199348570166722,2.4668,7.6067,-0.7343116588292524,low,No
4.988,7.2052,-3.2846,-1.1608,0,9.430328988958975,-10.489799999999999,0.35340680752603054,1.444506816359262,1.1608,7.2052,-4.297036526533425,low,No
2.483,6.6155,-0.79287,-0.90863,0,7.168289933017498,-7.40837,1.1460012360159926,2.6643173580346353,0.90863,6.6155,-2.732685471534068,low,No
1.594,4.7055,1.3758,0.081882,0,5.155782826295537,-3.3297,0.05951591801133886,2.9520075282308653,0.081882,4.7055,19.46703793263477,low,No
-0.016103,9.7484,0.15394,-1.6134,0,9.88222236899216,-9.59446,-10.48070676887099,-605.3778798981557,1.6134,9.7484,0.009980785917937276,low,No
3.8496,9.7939,-4.1508,-4.4582,0,12.159135875957634,-13.944700000000001,1.0740580129131732,2.544134455527847,4.4582,9.7939,-0.8634875061684089,low,No
0.9297,-3.7971,4.6429,-0.2957,0,6.076698890022444,8.44,-0.06368864287406578,-4.084220716360116,0.2957,3.7971,-3.144064930672979,medium,No
4.9342,2.4107,-0.17594,1.6245,0,5.729551401602048,-2.58664,-9.233261339092872,0.4885695756150946,1.6245,2.4107,3.0373653431825174,low,No
3.8417,10.0215,-4.2699,-4.9159,0,12.553375640042004,-14.2914,1.1512915993348791,2.6086107712731343,4.9159,10.0215,-0.7814845704753962,low,No
5.3915,9.9946,-3.8081,-3.3642,0,12.441051750555497,-13.8027,0.8834326829652582,1.8537698228693316,3.3642,9.9946,-1.6026098329469116,low,No
4.4072,-0.070365,2.0416,1.1319,0,4.987754128184848,2.1119649999999996,0.5544181034482758,-0.01596591940461064,1.1319,0.070365,3.893630179344465,low,No
2.6946,6.7976,-0.40301,0.44912,0,7.337053956084826,-7.20061,-1.1144140343912063,2.5226749795888073,0.44912,6.7976,5.999732810830067,low,No
5.2756,0.13863,0.12138,1.1435,0,5.401249761981018,-0.01725,9.420827154391167,0.02627757980134961,1.1435,0.13863,4.613554875382597,low,No
3.4312,6.2637,-1.9513,-0.36165,0,7.412518704360887,-8.215,0.18533797980833291,1.8255129400792725,0.36165,6.2637,-9.48762615788746,low,No
4.052,-0.16555,0.45383,0.51248,0,4.112749472287365,0.61938,1.1292334133926802,-0.04085636722606121,0.51248,0.16555,7.906650015610364,low,No
1.3638,-4.7759,8.4182,-1.8836,0,9.954055025465752,13.1941,-0.22375329642916536,-3.5019064378941196,1.8836,4.7759,-0.7240390741133998,medium,No
0.89566,7.7763,-2.7473,-1.9353,0,8.518573349194101,-10.5236,0.7044370836821606,8.682200835138334,1.9353,7.7763,-0.4628016328217847,low,No
1.9265,7.7557,-0.16823,-3.0771,0,8.564994482362495,-7.92393,18.291030137312017,4.025798079418634,3.0771,7.7557,-0.6260765006012154,low,No
0.20977,-0.46146,7.7267,0.90946,0,7.796535074384005,8.18816,0.11770354743939845,-2.1998379177194067,0.90946,0.46146,0.23065335473797638,medium,No
4.068,-2.9363,2.1992,0.50084,0,5.500709321133048,5.1355,0.22773735903965078,-0.7218043264503442,0.50084,2.9363,8.122354444533185,low,No
2.877,-4.0599,3.6259,-0.32544,0,6.16546665010849,7.6858,-0.08975426790589923,-1.411157455683003,0.32544,4.0599,-8.840339233038348,medium,No
0.3223,-0.89808,8.0883,0.69222,0,8.1737500814987,8.98638,0.08558287897333185,-2.7864722308408316,0.69222,0.89808,0.46560342087775564,medium,No
-1.3,10.2678,-2.953,-5.8638,0,12.256511586907589,-13.220799999999999,1.985709448018964,-7.898307692307691,5.8638,10.2678,0.22169923940107097,low,No
1.7747,-6.4334,8.15,-0.89828,0,10.572019797957248,14.583400000000001,-0.11021840490797545,-3.625063390995661,0.89828,6.4334,-1.9756646034643985,medium,No
1.3419,-4.4221,8.09,-1.7349,0,9.477005963383162,12.5121,-0.21444993819530286,-3.2954020418809153,1.7349,4.4221,-0.7734739754452706,medium,No
0.89606,10.5471,-1.4175,-4.0327,0,11.415612882083906,-11.9646,2.8449382716049385,11.770528759234873,4.0327,10.5471,-0.22219852704143625,low,No
0.44125,2.9487,4.3225,0.7155,0,5.299573544399586,1.3737999999999997,0.1655292076344708,6.682606232294618,0.7155,2.9487,0.616701607267645,medium,No
3.2422,6.2265,0.12224,-1.4466,0,7.168595208797885,-6.10426,-11.834096858638745,1.9204552464376041,1.4466,6.2265,-2.241255357389741,low,No
2.5678,3.5136,0.61406,-0.40691,0,4.413799636560318,-2.89954,-0.6626551151353287,1.3683308668899445,0.40691,3.5136,-6.310486348332556,low,No
-2.2153,11.9625,0.078538,-7.7853,0,14.443892295619072,-11.883962,-99.12781074129721,-5.399945831264389,7.7853,11.9625,0.2845490860981593,low,No
4.1349,6.1189,-2.4294,-0.19613,0,7.77681082172506,-8.5483,0.0807318679509344,1.4798181334494183,0.19613,6.1189,-21.08244531688166,low,No
1.934,-9.2828e-06,4.816,-0.33967,0,5.200921813389062,4.8160092828,-0.07052948504983389,-4.799793174767322e-06,0.33967,9.2828e-06,-5.693761592133541,medium,No
2.5068,1.1588,3.9249,0.12585,0,4.80078555160507,2.7661,0.03206451119773752,0.46226264560395725,0.12585,1.1588,19.91895113230036,medium,No
2.1464,6.0795,-0.5778,-2.2302,0,6.846531829327897,-6.6573,3.8598130841121496,2.8324170704435336,2.2302,6.0795,-0.9624248946282844,low,No
0.051979,7.0521,-2.0541,-3.1508,0,7.992601808950637,-9.106200000000001,1.533907794167762,135.67209834740953,3.1508,7.0521,-0.016497080106639583,low,No
1.2706,8.035,-0.19651,-2.1888,0,8.426453048590492,-8.23151,11.13836445982393,6.323784039036676,2.1888,8.035,-0.580500730994152,low,No
1.143,0.83391,5.4552,-0.56984,0,5.664431088264734,4.621289999999999,-0.10445813169086378,0.7295800524934384,0.56984,0.83391,-2.0058261968271793,medium,No
2.2928,9.0386,-3.2417,-1.2991,0,9.957384269977734,-12.2803,0.40074652188666443,3.9421667829727842,1.2991,9.0386,-1.7649141713493959,low,No
0.3292,-4.4552,4.5718,-0.9888,0,6.468095574433018,9.027,-0.21628242705280198,-13.533414337788578,0.9888,4.4552,-0.33292880258899676,medium,No
2.9719,6.8369,-0.2702,0.71291,0,7.493773410512223,-7.1071,-2.6384529977794227,2.300514822167637,0.71291,6.8369,4.168688894811407,low,No
1.6849,8.7489,-1.2641,-1.3858,0,9.104972798970902,-10.013000000000002,1.0962740289534054,5.192533681524126,1.3858,8.7489,-1.21583201039111,low,No
-1.9177,11.6894,2.5454,-3.2763,0,12.551209045346985,-9.143999999999998,-1.287145438830832,-6.095531104969495,3.2763,11.6894,0.5853249091963495,medium,No
2.3729,10.4726,-3.0087,-3.2013,0,11.602008556711205,-13.481300000000001,1.0640143583607538,4.413418180285726,3.2013,10.4726,-0.7412301252616125,low,No
1.0284,9.767,-1.3687,-1.7853,0,10.075342740572152,-11.1357,1.3043764155768247,9.497277323998444,1.7853,9.767,-0.57603764073265,low,No
0.27451,9.2186,-3.2863,-4.8448,0,10.923817850463271,-12.504900000000001,1.4742415482457474,33.58201886998653,4.8448,9.2186,-0.056660749669749,low,No
1.6032,-4.7863,8.5193,-2.1203,0,10.126848597169802,13.305599999999998,-0.2488819503949855,-2.9854665668662674,2.1203,4.7863,-0.7561194170636231,medium,No
4.616,10.1788,-4.2185,-4.4245,0,12.739205938362094,-14.397300000000001,1.0488325234087947,2.2051126516464477,4.4245,10.1788,-1.043281726748785,low,No
4.2478,7.6956,-2.7696,-1.0767,0,9.278794708904815,-10.4652,0.38875649913344884,1.8116672159706202,1.0767,7.6956,-3.9452029348936564,low,No
4.0215,-2.7004,2.4957,0.36636,0,5.4614430830687954,5.1960999999999995,0.14679648996273592,-0.6714907372870821,0.36636,2.7004,10.97690795938421,medium,No
5.0297,-4.9704,3.5025,-0.23751,0,7.894724536049374,8.4729,-0.06781156316916488,-0.9882100324074994,0.23751,4.9704,-21.1767925561029,medium,No
1.5902,2.2948,3.2403,0.18404,0,4.281151467958124,0.9455,0.05679721013486406,1.4430889196327505,0.18404,2.2948,8.64051293197131,medium,No
2.1274,5.1939,-1.7971,-1.1763,0,6.009632107708425,-6.991,0.6545545601246452,2.4414308545642567,1.1763,5.1939,-1.808552240074811,low,No
1.1811,8.3847,-2.0567,-0.90345,0,8.760389722637916,-10.441400000000002,0.4392716487577186,7.099060198120396,0.90345,8.3847,-1.3073219325917318,low,No
0.3292,-4.4552,4.5718,-0.9888,0,6.468095574433018,9.027,-0.21628242705280198,-13.533414337788578,0.9888,4.4552,-0.33292880258899676,medium,No
5.7353,5.2808,-2.2598,0.075416,0,8.11744407698975,-7.5405999999999995,-0.03337286485529693,0.9207539274318693,0.075416,5.2808,76.04884905059934,low,No
2.6718,5.6574,0.72974,-1.4892,0,6.472629072301301,-4.9276599999999995,-2.040726834214926,2.11744891084662,1.4892,5.6574,-1.7941176470588236,low,No
1.5799,-4.7076,7.9186,-1.5487,0,9.47419017225219,12.6262,-0.19557750107342206,-2.979682258370783,1.5487,4.7076,-1.0201459288435464,medium,No
2.9499,2.2493,1.3458,-0.037083,0,3.946367100117398,-0.9034999999999997,-0.027554614355773513,0.7625004237431777,0.037083,2.2493,-79.54858021195696,low,No
0.5195,-3.2633,3.0895,-0.9849,0,4.629691717598484,6.3528,-0.3187894481307655,-6.281616939364774,0.9849,3.2633,-0.5274647172301756,medium,No
3.7352,9.5911,-3.9032,-3.3487,0,11.50607144858748,-13.4943,0.8579370772699324,2.5677607624759053,3.3487,9.5911,-1.1154179233732493,low,No
-1.7344,2.0175,7.7618,0.93532,0,8.258257222465284,5.7443,0.12050297611378805,-1.1632264760147601,0.93532,2.0175,-1.8543386220758669,medium,No
3.884,10.0277,-3.9298,-4.0819,0,12.15505898545951,-13.9575,1.0387042597587663,2.581797116374871,4.0819,10.0277,-0.9515176755922486,low,No
3.5257,1.2829,1.9276,1.7991,0,4.585716462015505,0.6447,0.9333367918655322,0.36387100433956376,1.7991,1.2829,1.9597020732588517,low,No
4.4549,2.4976,1.0313,0.96894,0,5.2996758564651865,-1.4662999999999997,0.9395326287210316,0.5606410918314664,0.96894,2.4976,4.597704708237869,low,No
-0.16108,-6.4624,8.3573,-1.5216,0,10.674656452382905,14.819700000000001,-0.18206837136395726,40.11919543084181,1.5216,6.4624,0.10586225026288118,medium,No
4.2164,9.4607,-4.9288,-5.2366,0,12.609437832433292,-14.389499999999998,1.0624492777146568,2.243786168295228,5.2366,9.4607,-0.8051789328953901,low,No
3.5152,6.8224,-0.67377,-0.46898,0,7.718528425373583,-7.49617,0.6960535494308147,1.9408284023668638,0.46898,6.8224,-7.495415582754062,low,No
1.6988,2.9094,2.9044,0.11033,0,4.449521532580779,-0.0050000000000003375,0.03798719184685305,1.7126206734165295,0.11033,2.9094,15.39744403154174,medium,No
1.0607,2.4542,2.5188,-0.17027,0,3.677162961156332,0.06459999999999999,-0.06759965062728283,2.3137550674083154,0.17027,2.4542,-6.2295178246314675,medium,No
2.0421,1.2436,4.2171,0.90429,0,4.931367577467736,2.9735000000000005,0.21443408977733514,0.6089809509818325,0.90429,1.2436,2.258235742958564,medium,No
3.5594,1.3078,1.291,1.6556,0,4.33443901329803,-0.016800000000000148,1.2824167312161117,0.36742147552958365,1.6556,1.3078,2.149915438511718,low,No
3.0009,5.8126,-2.2306,-0.66553,0,6.943358417286262,-8.043199999999999,0.29836366896799066,1.9369522476590355,0.66553,5.8126,-4.509037909635929,low,No
3.9294,1.4112,1.8076,0.89782,0,4.637366527718076,0.3964000000000001,0.49669174596149585,0.35913879981676594,0.89782,1.4112,4.376601100443296,low,No
3.4667,-4.0724,4.2882,1.5418,0,7.026254843798366,8.3606,0.35954479735086986,-1.174719473851213,1.5418,4.0724,2.2484758074977296,medium,No
3.966,3.9213,0.70574,0.33662,0,5.63179648620225,-3.21556,0.47697452319551104,0.9887291981845688,0.33662,3.9213,11.781831144911177,low,No
1.0191,2.33,4.9334,0.82929,0,5.611917878417324,2.6033999999999997,0.1680970527425305,2.2863310764399962,0.82929,2.33,1.2288825380747386,medium,No
0.96414,5.616,2.2138,-0.12501,0,6.114373220510831,-3.4021999999999997,-0.056468515674406,5.824880204119733,0.12501,5.616,-7.7125029997600185,low,No
1.8205,6.7562,0.0099913,0.39481,0,7.008311740510384,-6.7462086999999995,39.5153783791899,3.711178247734139,0.39481,6.7562,4.611078746738937,low,No
4.9923,7.8653,-2.3515,-0.71984,0,9.635025960297149,-10.216800000000001,0.306119498192643,1.5754862488231878,0.71984,7.8653,-6.9352911758168485,low,No
-1.1804,11.5093,0.15565,-6.8194,0,13.430777115733102,-11.35365,-43.812399614519755,-9.750338868180279,6.8194,11.5093,0.1730944071325923,low,No
4.0329,0.23175,0.89082,1.1823,0,4.302253367120537,0.6590699999999999,1.327204148986327,0.05746485159562598,1.1823,0.23175,3.4110631819335193,low,No
0.66018,10.3878,-1.4029,-3.9151,0,11.208851988156503,-11.790700000000001,2.790719224463611,15.734799600109062,3.9151,10.3878,-0.168624045362826,low,No
3.5982,7.1307,-1.3035,0.21248,0,8.095565806687016,-8.4342,-0.1630072880705792,1.9817408704352177,0.21248,7.1307,16.93429969879518,low,No
-1.8584,7.886,-1.6643,-1.8384,0,8.473031075713106,-9.5503,1.1046085441326685,-4.243435213086526,1.8384,7.886,1.0108790252393385,low,No
4.0972,0.46972,1.6671,0.91593,0,4.541567448943151,1.1973799999999999,0.5494151520604643,0.11464414722249341,0.91593,0.46972,4.473267607786621,low,No
3.3299,0.91254,1.5806,0.39352,0,3.817606267283204,0.66806,0.24896874604580538,0.2740442655935614,0.39352,0.91254,8.461831673104289,low,No
3.1088,3.1122,0.80857,0.4336,0,4.493575490063564,-2.30363,0.536255364408771,1.001093669583119,0.4336,3.1122,7.169741697416974,low,No
-4.2859,8.5234,3.1392,-0.91639,0,10.085218571855545,-5.3842,-0.2919183231396534,-1.9887071560232392,0.91639,8.5234,4.676938857909842,medium,No
-1.2528,10.2036,2.1787,-5.6038,0,11.909335368944818,-8.024899999999999,-2.572084270436499,-8.144636015325672,5.6038,10.2036,0.22356258253328098,low,No
0.5195,-3.2633,3.0895,-0.9849,0,4.629691717598484,6.3528,-0.3187894481307655,-6.281616939364774,0.9849,3.2633,-0.5274647172301756,medium,No
0.3292,-4.4552,4.5718,-0.9888,0,6.468095574433018,9.027,-0.21628242705280198,-13.533414337788578,0.9888,4.4552,-0.33292880258899676,medium,No
0.88872,5.3449,2.045,-0.19355,0,5.794589359989197,-3.2999,-0.09464547677261614,6.014155189486003,0.19355,5.3449,-4.591681735985533,low,No
3.5458,9.3718,-4.0351,-3.9564,0,11.50384569828716,-13.4069,0.9804961463160764,2.643070675164984,3.9564,9.3718,-0.8962187847538166,low,No
-0.21661,8.0329,1.8848,-3.8853,0,9.122632812521832,-6.1480999999999995,-2.0613858234295415,-37.0846221319422,3.8853,8.0329,0.055751164646230665,low,No
2.7206,9.0821,-3.3111,-0.96811,0,10.088945680897485,-12.3932,0.2923831959167648,3.3382709696390505,0.96811,9.0821,-2.810217847145469,low,No
3.2051,8.6889,-2.9033,-0.7819,0,9.73705128465492,-11.5922,0.26931422863637927,2.710960656453777,0.7819,8.6889,-4.099117534211536,low,No
2.6917,10.8161,-3.3,-4.2888,0,12.390200706203268,-14.1161,1.2996363636363637,4.018315562655571,4.2888,10.8161,-0.6276114530871106,low,No
-2.3242,11.5176,1.8231,-5.375,0,13.048805846130135,-9.6945,-2.94827491635127,-4.955511573874882,5.375,11.5176,0.43240930232558134,low,No
2.7161,-4.2006,4.1914,0.16981,0,6.528315936449461,8.392,0.040513909433602134,-1.5465557232797025,0.16981,4.2006,15.994935516165127,medium,No
3.3848,3.2674,0.90967,0.25128,0,4.7982720793323095,-2.35773,0.2762320401903987,0.965315528243914,0.25128,3.2674,13.47023241006049,low,No
1.7452,4.8028,2.0878,0.62627,0,5.55551382258203,-2.7150000000000003,0.2999664718842801,2.7520055008022006,0.62627,4.8028,2.7866575119357466,low,No
2.805,0.57732,1.3424,1.2133,0,3.3875445432348195,0.76508,0.9038289630512515,0.20581818181818182,1.2133,0.57732,2.3118766999093383,low,No
5.7823,5.5788,-2.4089,-0.056479,0,8.388324732474358,-7.9877,0.023445971190169786,0.9648063919201701,0.056479,5.5788,-102.37964553196764,low,No
3.8999,1.734,1.6011,0.96765,0,4.6600261525553694,-0.13290000000000002,0.6043657485478734,0.4446267853021872,0.96765,1.734,4.030279543223273,low,No
3.5189,6.332,-1.7791,-0.020273,0,7.459389319141949,-8.1111,0.011395087403743466,1.7994259569751911,0.020273,6.332,-173.5756918068367,low,No
3.2294,7.7391,-0.37816,-2.5405,0,8.770395567225004,-8.11726,6.718055849375926,2.3964513531925435,2.5405,7.7391,-1.271167093091911,low,No
3.4985,3.1639,0.22677,-0.1651,0,4.725298731604172,-2.93713,-0.7280504475900692,0.9043590110047163,0.1651,3.1639,-21.190187764990913,low,No
2.1948,1.3781,1.1582,0.85774,0,2.9653754901529754,-0.2199000000000002,0.740580210671732,0.627893202114088,0.85774,1.3781,2.558817357241122,low,No
2.2526,9.9636,-3.1749,-2.9944,0,11.108283084707555,-13.1385,0.943147815679234,4.423155464796235,2.9944,9.9636,-0.7522709056906225,low,No
4.1529,-3.9358,2.8633,-0.017686,0,6.398116889725913,6.7991,-0.006176789019662627,-0.9477232777095524,0.017686,3.9358,-234.81284631912246,medium,No
0.74307,11.17,-1.3824,-4.0728,0,11.992488591818631,-12.5524,2.9461805555555554,15.032231149151492,4.0728,11.17,-0.1824469652327637,low,No
1.9105,8.871,-2.3386,-0.75604,0,9.401345525593664,-11.2096,0.32328743692807665,4.643287097618424,0.75604,8.871,-2.526982699328078,low,No
-1.5055,0.070346,6.8681,-0.50648,0,7.049737471006704,6.797754,-0.073743830171372,-0.04672600464961807,0.50648,0.070346,2.972476701942821,medium,No
0.58836,10.7727,-1.3884,-4.3276,0,11.706964128227268,-12.161100000000001,3.1169691731489486,18.309708341831534,4.3276,10.7727,-0.13595526388760512,low,No
3.2303,7.8384,-3.5348,-1.2151,0,9.265345740985602,-11.3732,0.34375353626796423,2.4265238522737826,1.2151,7.8384,-2.658464323923957,low,No
-1.9922,11.6542,2.6542,-5.2107,0,13.190352937279577,-9.0,-1.9631904151910182,-5.849914667202088,5.2107,11.6542,0.38232866985241903,medium,No
2.8523,9.0096,-3.761,-3.3371,0,10.704665565070215,-12.770600000000002,0.8872906141983514,3.158714020264348,3.3371,9.0096,-0.854724161697282,low,No
4.2772,2.4955,0.48554,0.36119,0,4.988804205187852,-2.00996,0.7438933970424682,0.5834424389787711,0.36119,2.4955,11.841966831861345,low,No
1.5099,0.039307,6.2332,-0.30346,0,6.420764227243437,6.193893,-0.048684463838798694,0.026032849857606465,0.30346,0.039307,-4.975614578527647,medium,No
5.4188,10.1457,-4.084,-3.6991,0,12.753862894825238,-14.2297,0.9057541625857004,1.8723149036687088,3.6991,10.1457,-1.4648968668054392,low,No
0.86202,2.6963,4.2908,0.54739,0,5.169498295047596,1.5945,0.12757294676983313,3.1278856639057095,0.54739,2.6963,1.5747821480114725,medium,No
3.8117,10.1457,-4.0463,-4.5629,0,12.436112152919819,-14.192,1.1276721943503942,2.6617257391714984,4.5629,10.1457,-0.8353678581603805,low,No
0.54777,10.3754,-1.5435,-4.1633,0,11.298868805013182,-11.9189,2.6973113054745705,18.94116143636928,4.1633,10.3754,-0.13157110945644082,low,No
2.3718,7.4908,0.015989,-1.7414,0,8.047996613326884,-7.474811,-108.91237725936583,3.1582764145374824,1.7414,7.4908,-1.362007580107959,low,No
-2.4953,11.1472,1.9353,-3.4638,0,12.092555001322093,-9.2119,-1.7898000310029452,-4.467278483549072,3.4638,11.1472,0.7203937871701599,low,No
4.6361,-2.6611,2.8358,1.1991,0,6.168831240194531,5.4969,0.4228436420057832,-0.57399538405125,1.1991,2.6611,3.866316403969644,medium,No
-2.2527,11.5321,2.5899,-3.2737,0,12.46951007056813,-8.9422,-1.2640256380555233,-5.119234696142407,3.2737,11.5321,0.6881204753031738,medium,No
3.7982,10.423,-4.1602,-4.9728,0,12.849173363294621,-14.5832,1.1953271477332823,2.7441946185035015,4.9728,10.423,-0.763795045045045,low,No
-0.36279,8.2895,-1.9213,-3.3332,0,9.14598506253427,-10.2108,1.7348670171238225,-22.849306761487362,3.3332,8.2895,0.10884135365414616,low,No
2.1265,6.8783,0.44784,-2.2224,0,7.548021963773026,-6.43046,-4.962486602357985,3.234563837291324,2.2224,6.8783,-0.9568484521238302,low,No
0.86736,5.5643,1.6765,-0.16769,0,5.8781391652205714,-3.8878000000000004,-0.10002385923053982,6.415213982660026,0.16769,5.5643,-5.172401455065895,low,No
3.7831,10.0526,-3.8869,-3.7366,0,12.018185534430728,-13.939499999999999,0.9613316524736938,2.657238772435304,3.7366,10.0526,-1.012444468233153,low,No
-2.2623,12.1177,0.28846,-7.7581,0,14.568046518377129,-11.829239999999999,-26.894890106080567,-5.356362993413781,7.7581,12.1177,0.29160490326239674,low,No
1.2616,4.4303,-1.3335,-1.7517,0,5.105474296282374,-5.7638,1.3136107986501688,3.5116518706404563,1.7517,4.4303,-0.720214648627048,low,No
2.6799,3.1349,0.34073,0.58489,0,4.179432409430735,-2.7941700000000003,1.7165791095588885,1.1697824545692004,0.58489,3.1349,4.58188719246354,low,No
-0.39816,5.9781,1.3912,-1.1621,0,6.259562672072228,-4.5869,-0.8353220241518113,-15.014315852923449,1.1621,5.9781,0.3426211169434645,low,No
4.3937,0.35798,2.0416,1.2004,0,5.004182259910204,1.68362,0.5879702194357367,0.08147574936841387,1.2004,0.35798,3.660196601132956,low,No
2.9695,5.6222,0.27561,-1.1556,0,6.468263702269722,-5.34659,-4.192881245237835,1.8933153729584107,1.1556,5.6222,-2.5696607822776047,low,No
1.3049,-0.15521,6.4911,-0.75346,0,6.665503382018496,6.646310000000001,-0.11607585771286838,-0.11894398038163843,0.75346,0.15521,-1.7318769410453108,medium,No
2.2123,-5.8395,7.7687,-0.85302,0,10.00371802633401,13.6082,-0.1098021548006745,-2.6395606382497854,0.85302,5.8395,-2.5934913601087897,medium,No
1.9647,6.9383,0.57722,0.66377,0,7.264559623356394,-6.36108,1.14994282942379,3.5314806331755486,0.66377,6.9383,2.9599108124802265,low,No
3.0864,-2.5845,2.2309,0.30947,0,4.612829034432123,4.8154,0.13871979918418575,-0.8373833592534992,0.30947,2.5845,9.973179952822566,low,No
0.3798,0.7098,0.7572,-0.4444,0,1.1911789454150035,0.0474,-0.5868991019545695,1.8688783570300156,0.4444,0.7098,-0.8546354635463547,low,No
0.58982,7.4266,1.2353,-2.9595,0,8.110911263994941,-6.1913,-2.3957743058366385,12.591299040385202,2.9595,7.4266,-0.19929717857746243,low,No
0.14783,7.946,1.0742,-3.3409,0,8.687709028213364,-6.8717999999999995,-3.1101284676968906,53.750930122437936,3.3409,7.946,-0.04424855577838307,low,No
-0.062025,6.1975,1.099,-1.131,0,6.395296345801733,-5.0985,-1.0291173794358508,-99.91938734381299,1.131,6.1975,0.05484084880636605,low,No
4.223,1.1319,0.72202,0.96118,0,4.5343253613740595,-0.4098799999999999,1.3312373618459323,0.2680322045938906,0.96118,1.1319,4.393557918391976,low,No
0.64295,7.1018,0.3493,-0.41337,0,7.151351843490851,-6.7524999999999995,-1.1834239908388204,11.045648961816626,0.41337,7.1018,-1.5553862157389264,low,No
1.941,0.46351,4.6472,1.0879,0,5.1732307864718345,4.1836899999999995,0.23409795145463938,0.23879958784131888,1.0879,0.46351,1.784171339277507,medium,No
4.0047,0.45937,1.3621,1.6181,0,4.552165079047552,0.90273,1.1879450847955364,0.11470771843084376,1.6181,0.45937,2.4749397441443666,low,No
3.7767,9.7794,-3.9075,-3.5323,0,11.732255826992523,-13.686900000000001,0.9039795265515035,2.589403447454127,3.5323,9.7794,-1.0691900461455708,low,No
3.4769,-0.15314,2.53,2.4495,0,4.9510842973635585,2.68314,0.9681818181818183,-0.04404498259944203,2.4495,0.15314,1.4194325372525005,medium,No
1.9818,9.2621,-3.521,-1.872,0,10.276957363441769,-12.783100000000001,0.5316671400170406,4.673579574124533,1.872,9.2621,-1.0586538461538462,low,No
3.8023,-3.8696,4.044,0.95343,0,6.8333194140841975,7.9136,0.23576409495548964,-1.017699813270915,0.95343,3.8696,3.9880221935538,medium,No
4.3483,11.1079,-4.0857,-4.2539,0,13.307207257723162,-15.1936,1.0411679761118044,2.554538555297473,4.2539,11.1079,-1.0221914008321775,low,No
1.1518,1.3864,5.2727,-0.43536,0,5.5892442977204,3.8863000000000003,-0.08256870294156694,1.2036811946518493,0.43536,1.3864,-2.6456266078647555,medium,No
-1.2576,1.5892,7.0078,0.42455,0,7.307298949851443,5.4186,0.060582493792631066,-1.263676844783715,0.42455,1.5892,-2.9621952655753154,medium,No
1.9572,-5.1153,8.6127,-1.4297,0,10.306287853053592,13.728000000000002,-0.16599904791761003,-2.6135806253832006,1.4297,5.1153,-1.368958522767014,medium,No
-2.484,12.1611,2.8204,-3.7418,0,13.267190079666454,-9.3407,-1.3266912494681606,-4.895772946859903,3.7418,12.1611,0.6638516222139077,medium,No
-1.1497,1.2954,7.701,0.62627,0,7.918174433725238,6.4056,0.08132320477860018,-1.1267287118378708,0.62627,1.2954,-1.8357896753796286,medium,No
4.8368,10.0132,-4.3239,-4.3276,0,12.691849410152958,-14.3371,1.0008557089664425,2.070211710221634,4.3276,10.0132,-1.1176633699972272,low,No
-0.12196,8.8068,0.94566,-4.2267,0,9.814981722204072,-7.861140000000001,-4.469576803502316,-72.21056083961956,4.2267,8.8068,0.028854662029479262,low,No
1.9429,6.3961,0.092248,0.58102,0,6.7105178305332,-6.303852,6.298456335096696,3.2920376756395076,0.58102,6.3961,3.3439468520877083,low,No
1.742,-4.809,8.2142,-2.0659,0,9.89454746059667,13.0232,-0.2515034939495021,-2.7606199770378876,2.0659,4.809,-0.8432160317537151,medium,No
-1.5222,10.8409,2.7827,-4.0974,0,12.015586198767,-8.0582,-1.4724548100765444,-7.121863092891867,4.0974,10.8409,0.37150388050959143,medium,No
-1.3,10.2678,-2.953,-5.8638,0,12.256511586907589,-13.220799999999999,1.985709448018964,-7.898307692307691,5.8638,10.2678,0.22169923940107097,low,No
3.4246,-0.14693,0.80342,0.29136,0,3.5326828234218817,0.95035,0.3626496726494237,-0.042904280791917306,0.29136,0.14693,11.75384404173531,low,No
2.5503,-4.9518,6.3729,-0.41596,0,8.474150722143193,11.3247,-0.06527012819909304,-1.9416539230678744,0.41596,4.9518,-6.131118376766997,medium,No
1.5691,6.3465,-0.1828,-2.4099,0,6.970019433975776,-6.5293,13.183260393873086,4.044675291568415,2.4099,6.3465,-0.651105855014731,low,No
1.3087,4.9228,2.0013,0.22024,0,5.477258700992678,-2.9214999999999995,0.11004846849547793,3.7615954764269883,0.22024,4.9228,5.942154013803124,low,No
5.1776,8.2316,-3.2511,-1.5694,0,10.373015371144497,-11.482700000000001,0.48272892251853217,1.5898485784919654,1.5694,8.2316,-3.299095195616159,low,No
2.229,9.6325,-3.1123,-2.7164,0,10.715350554228266,-12.7448,0.8727950390386532,4.3214445939883355,2.7164,9.6325,-0.8205713444264467,low,No
5.6272,10.0857,-4.2931,-3.8142,0,12.89827715549639,-14.378799999999998,0.8884489063846638,1.7923123400625531,3.8142,10.0857,-1.4753290336112423,low,No
1.2138,8.7986,-2.1672,-0.74182,0,9.172552815459827,-10.9658,0.3422942045035069,7.248805404514748,0.74182,8.7986,-1.6362459895931627,low,No
0.3798,0.7098,0.7572,-0.4444,0,1.1911789454150035,0.0474,-0.5868991019545695,1.8688783570300156,0.4444,0.7098,-0.8546354635463547,low,No
0.5415,6.0319,1.6825,-0.46122,0,6.302425723354461,-4.3494,-0.27412778603268945,11.139242843951987,0.46122,6.0319,-1.1740601014700143,low,No
4.0524,5.6802,-1.9693,0.026279,0,7.250203505822508,-7.6495,-0.013344335550703296,1.4016878886585729,0.026279,5.6802,154.20678107994976,low,No
4.7285,2.1065,-0.28305,1.5625,0,5.414570901973674,-2.38955,-5.520226108461402,0.44549011314370307,1.5625,2.1065,3.02624,low,No
3.4359,0.66216,2.1041,1.8922,0,4.50016914411003,1.4419399999999998,0.8992918587519606,0.19271806513577228,1.8922,0.66216,1.8158228517070076,low,No
0.86816,10.2429,-1.4912,-4.0082,0,11.133734632889363,-11.734100000000002,2.6879023605150216,11.798401216365647,4.0082,10.2429,-0.21659597824459856,low,No
3.359,9.8022,-3.8209,-3.7133,0,11.651346683538344,-13.623099999999999,0.97183909550106,2.918189937481393,3.7133,9.8022,-0.9045862171114643,low,No
3.6702,2.9942,0.85141,0.30688,0,4.822310234991108,-2.14279,0.3604373920907671,0.8158138521061523,0.30688,2.9942,11.959723670490094,low,No
1.3349,6.1189,0.46497,0.49826,0,6.2997901035272585,-5.65393,1.07159601694733,4.583789047868755,0.49826,6.1189,2.6791233492554087,low,No
3.1887,-3.4143,2.7742,-0.2026,0,5.437139374707991,6.1884999999999994,-0.07303006272078437,-1.0707498353561011,0.2026,3.4143,-15.738894373149062,medium,No
2.4527,2.9653,0.20021,-0.056479,0,3.8538312497488785,-2.76509,-0.28209879626392287,1.208994169690545,0.056479,2.9653,-43.42676038881708,low,No
3.9121,2.9735,0.92852,0.60558,0,5.037370860558115,-2.04498,0.6521991987248524,0.7600777076250607,0.60558,2.9735,6.460087849664784,low,No
3.9364,10.5885,-3.725,-4.3133,0,12.652737217693252,-14.3135,1.1579328859060403,2.689894319682959,4.3133,10.5885,-0.9126191083393226,low,No
3.9414,-3.2902,3.1674,1.0866,0,6.1296959402567435,6.4576,0.34305739723432466,-0.8347795199675243,1.0866,3.2902,3.627277747101049,medium,No
3.6922,-3.9585,4.3439,1.3517,0,7.070970456026528,8.302399999999999,0.3111719883054398,-1.0721250203130923,1.3517,3.9585,2.7315232669971152,medium,No
5.681,7.795,-2.6848,-0.92544,0,10.054868285243721,-10.479800000000001,0.34469606674612635,1.3721175849322302,0.92544,7.795,-6.138701590594744,low,No
0.77124,9.0862,-1.2281,-1.4996,0,9.322600031514813,-10.3143,1.2210732025079392,11.781287277630828,1.4996,9.0862,-0.5142971459055748,low,No
3.5761,9.7753,-3.9795,-3.4638,0,11.66958919542586,-13.7548,0.8704108556351301,2.7335085707894073,3.4638,9.7753,-1.032421040475778,low,No
1.602,6.1251,0.52924,0.47886,0,6.371236605808954,-5.59586,0.9048068929030307,3.8234082397003744,0.47886,6.1251,3.345445432903145,low,No
2.6682,10.216,-3.4414,-4.0069,0,11.806118278672292,-13.657399999999999,1.1643226593828093,3.828798440896484,4.0069,10.216,-0.665901320222616,low,No
2.0007,1.8644,2.6491,0.47369,0,3.836782620386513,0.7846999999999997,0.17881167188856595,0.9318738441545459,0.47369,1.8644,4.223648377630941,medium,No
0.64215,3.1287,4.2933,0.64696,0,5.390000226725412,1.1646000000000005,0.15069061095194836,4.872226115393599,0.64696,3.1287,0.9925652281439348,medium,No
4.3848,-3.0729,3.0423,1.2741,0,6.288728452557003,6.1152,0.4187949906320876,-0.7008073344280241,1.2741,3.0729,3.4414881092535907,medium,No
0.77445,9.0552,-2.4089,-1.3884,0,9.50404511839564,-11.464099999999998,0.5763626551538047,11.692426883594809,1.3884,9.0552,-0.557800345721694,low,No
0.96574,8.393,-1.361,-1.4659,0,8.681951771209054,-9.754000000000001,1.0770756796473182,8.690744920993229,1.4659,8.393,-0.6588034654478477,low,No
3.0948,8.7324,-2.9007,-0.96682,0,9.756095438360575,-11.6331,0.33330575378356947,2.8216362931368746,0.96682,8.7324,-3.201009495045614,low,No
4.9362,7.6046,-2.3429,-0.85302,0,9.402809959283449,-9.9475,0.36408724230654316,1.5405777723755114,0.85302,7.6046,-5.786734191460927,low,No
-1.9458,11.2217,1.9079,-3.4405,0,12.049473481858035,-9.3138,-1.803291577126684,-5.767139479905437,3.4405,11.2217,0.565557331783171,low,No
5.7403,-0.44284,0.38015,1.3763,0,5.9317676175066065,0.82299,3.620412994870446,-0.07714579377384458,1.3763,0.44284,4.170820315338226,low,No
-2.6989,12.1984,0.67661,-8.5482,0,15.153037586639188,-11.52179,-12.633865890246964,-4.51976731260884,8.5482,12.1984,0.31572728761610636,low,No
1.1472,3.5985,1.9387,-0.43406,0,4.267579625923809,-1.6598,-0.22389229896322277,3.1367677824267783,0.43406,3.5985,-2.642952587199926,low,No
2.9742,8.96,-2.9024,-1.0379,0,9.931194681910128,-11.862400000000001,0.3576006063947078,3.0125748100329504,1.0379,8.96,-2.865593987860102,low,No
4.5707,7.2094,-3.2794,-1.4944,0,9.265767241302795,-10.4888,0.4556931145941331,1.5773076334040734,1.4944,7.2094,-3.0585519271948614,low,No
0.1848,6.5079,2.0133,-0.87242,0,6.870328012285876,-4.4946,-0.4333283663636815,35.21590909090909,0.87242,6.5079,-0.21182457990417458,low,No
0.87256,9.2931,-0.7843,-2.1978,0,9.621253551050405,-10.0774,2.802244039270687,10.650385073805813,2.1978,9.2931,-0.397015197015197,low,No
0.39559,6.8866,1.0588,-0.67587,0,7.011391353005479,-5.8278,-0.6383358519078202,17.408427917793674,0.67587,6.8866,-0.5853048663204463,low,No
3.8384,6.1851,-2.0439,-0.033204,0,7.5609130589906925,-8.229,0.016245413180683985,1.6113745310546062,0.033204,6.1851,-115.60053005661969,low,No
2.8209,7.3108,-0.81857,-1.8784,0,8.099612142251011,-8.12937,2.294733498662301,2.5916551455209333,1.8784,7.3108,-1.501756814310051,low,No
2.5817,9.7546,-3.1749,-2.9957,0,10.994162294145015,-12.9295,0.9435572773945635,3.7783630940852926,2.9957,9.7546,-0.8618019160797143,low,No
3.8213,0.23175,2.0133,2.0564,0,4.789384052516565,1.7815500000000002,1.0214076391993245,0.06064690026954178,2.0564,0.23175,1.8582474226804124,low,No
0.3798,0.7098,0.7572,-0.4444,0,1.1911789454150035,0.0474,-0.5868991019545695,1.8688783570300156,0.4444,0.7098,-0.8546354635463547,low,No
3.4893,6.69,-1.2042,-0.38751,0,7.650593188119468,-7.8942000000000005,0.32179870453413056,1.9172900008597713,0.38751,6.69,-9.004412789347372,low,No
-1.7781,0.8546,7.1303,0.027572,0,7.398237565473551,6.2757000000000005,0.003866877971473851,-0.48062538664866994,0.027572,0.8546,-64.48933700855942,medium,No
2.0962,2.4769,1.9379,-0.040962,0,3.779711939479516,-0.5390000000000001,-0.02113731358687239,1.1816143497757847,0.040962,2.4769,-51.17425906938138,low,No
0.94732,-0.57113,7.1903,-0.67587,0,7.306217831833376,7.76143,-0.0939974688121497,-0.6028902588354516,0.67587,0.57113,-1.4016304910707682,medium,No
2.8261,9.4007,-3.3034,-1.0509,0,10.410419975678215,-12.7041,0.31812677847066656,3.3263861859099118,1.0509,9.4007,-2.689218764868208,low,No
0.0071249,8.3661,0.50781,-3.8155,0,9.209103714276432,-7.858289999999999,-7.513636990212875,1174.2059537677721,3.8155,8.3661,-0.0018673568339667146,low,No
0.96788,7.1907,1.2798,-2.4565,0,7.766288590723371,-5.9109,-1.9194405375839976,7.4293300822416,2.4565,7.1907,-0.39400773458172195,low,No
4.7432,2.1086,0.1368,1.6543,0,5.44973053737522,-1.9718,12.092836257309942,0.4445522010457076,1.6543,2.1086,2.8671945838118837,low,No
3.6575,7.2797,-2.2692,-1.144,0,8.534010954996484,-9.5489,0.5041424290498854,1.9903485987696512,1.144,7.2797,-3.197115384615385,low,No
3.8832,6.4023,-2.432,-0.98363,0,7.934156508848311,-8.8343,0.404453125,1.6487175525339928,0.98363,6.4023,-3.9478259101491413,low,No
3.4776,8.811,-3.1886,-0.92285,0,10.037242890480433,-11.999600000000001,0.2894216897698049,2.5336438923395446,0.92285,8.811,-3.768326380235141,low,No
1.1315,7.9212,1.093,-2.8444,0,8.56218208460904,-6.8282,-2.6023787740164686,7.000618647812638,2.8444,7.9212,-0.39779918436225564,low,No
2.8237,2.8597,0.19678,0.57196,0,4.064114465661615,-2.66292,2.906596198800691,1.0127492297340368,0.57196,2.8597,4.9368836981607105,low,No
1.9321,6.0423,0.26019,-2.053,0,6.672698669661324,-5.78211,-7.890387793535494,3.127322602349775,2.053,6.0423,-0.9411105698977107,low,No
3.0632,-3.3315,5.1305,0.8267,0,6.891121072075283,8.462,0.16113439235941918,-1.0875881431183076,0.8267,3.3315,3.705334462320068,medium,No
-1.8411,10.8306,2.769,-3.0901,0,11.743407707305405,-8.0616,-1.115962441314554,-5.882678833306176,3.0901,10.8306,0.5958059609721368,medium,No
2.8084,11.3045,-3.3394,-4.4194,0,12.8981207751362,-14.6439,1.3234113912678926,4.025245691496939,4.4194,11.3045,-0.6354708783997827,low,No
2.5698,-4.4076,5.9856,0.078002,0,7.865386288797518,10.3932,0.0130316091954023,-1.71515293018912,0.078002,4.4076,32.945309094638596,medium,No
-0.12624,10.3216,-3.7121,-6.1185,0,12.560537080778035,-14.0337,1.648258398211255,-81.7617237008872,6.1185,10.3216,0.020632507967639126,low,No
3.3756,-4.0951,4.367,1.0698,0,6.955550331210321,8.4621,0.24497366613235633,-1.213147292333215,1.0698,4.0951,3.1553561413348286,medium,No
-0.048008,-1.6037,8.4756,0.75558,0,8.659148627576732,10.0793,0.08914767096134787,33.40484919180136,0.75558,1.6037,-0.06353794436062363,medium,No
0.5706,-0.0248,1.2421,-0.5621,0,1.4781638001250064,1.2669,-0.4525400531358184,-0.04346302138100245,0.5621,0.0248,-1.0151218644369329,low,No
0.88444,6.5906,0.55837,-0.44182,0,6.687692011665908,-6.03223,-0.7912674391532496,7.45172086291891,0.44182,6.5906,-2.0018106921370693,low,No
3.8644,3.7061,0.70403,0.35214,0,5.4118781758738805,-3.0020700000000002,0.5001775492521625,0.9590363316426872,0.35214,3.7061,10.974044414153461,low,No
1.2999,2.5762,2.0107,-0.18967,0,3.5221350980477735,-0.5655000000000001,-0.09433033271994828,1.981844757289022,0.18967,2.5762,-6.853482364106079,low,No
2.0051,-6.8638,8.132,-0.2401,0,10.831401038646847,14.9958,-0.029525332021642894,-3.4231709141688693,0.2401,6.8638,-8.351103706788837,medium,No
4.9294,0.27727,0.20792,0.33662,0,4.953019963991665,-0.06935000000000002,1.6189880723355137,0.0562482249360977,0.33662,0.27727,14.643812013546434,low,No
2.8297,6.3485,-0.73546,-0.58665,0,7.013965638217797,-7.083959999999999,0.7976640469909988,2.243524048485705,0.58665,6.3485,-4.8234893036734,low,No
2.565,8.633,-2.9941,-1.3082,0,9.580393313951154,-11.627099999999999,0.4369259543769413,3.3656920077972705,1.3082,8.633,-1.96070937165571,low,No
2.093,8.3061,0.022844,-3.2724,0,9.169573044495367,-8.283256000000002,-143.24986867448783,3.9685140946010513,3.2724,8.3061,-0.6395917369514729,low,No
4.6014,5.6264,-2.1235,0.19309,0,7.574681176003383,-7.7499,-0.09093006828349424,1.2227582909549268,0.19309,5.6264,23.830338184266402,low,No
5.0617,-0.35799,0.44698,0.99868,0,5.190964899987285,0.80497,2.234283413128104,-0.07072525040994132,0.99868,0.35799,5.068390275163216,low,No
-0.2951,9.0489,-0.52725,-2.0789,0,9.304272835235434,-9.57615,3.9429113323850165,-30.663842765164354,2.0789,9.0489,0.14195006974842464,low,No
3.577,2.4004,1.8908,0.73231,0,4.761118748372067,-0.5095999999999998,0.38730167125026443,0.6710651383841207,0.73231,2.4004,4.884543431060616,low,No
3.9433,2.5017,1.5215,0.903,0,4.993845114738742,-0.9802,0.5934932632270785,0.6344178733548044,0.903,2.5017,4.36688815060908,low,No
2.6648,10.754,-3.3994,-4.1685,0,12.31592414924678,-14.1534,1.2262458080837795,4.035574902431702,4.1685,10.754,-0.6392707208828116,low,No
5.9374,6.1664,-2.5905,-0.36553,0,8.951061956600457,-8.7569,0.14110403397027602,1.0385690706369792,0.36553,6.1664,-16.243263206850326,low,No
2.0153,1.8479,3.1375,0.42843,0,4.183733621408036,1.2896,0.13655139442231073,0.9169354438545131,0.42843,1.8479,4.703918959923441,medium,No
5.8782,5.9409,-2.8544,-0.60863,0,8.852432314731358,-8.795300000000001,0.2132251961883408,1.0106665305705829,0.60863,5.9409,-9.658084550547951,low,No
-2.3983,12.606,2.9464,-5.7888,0,14.382439198202785,-9.6596,-1.9647026880260656,-5.2562231580703,5.7888,12.606,0.41430002763957985,medium,No
1.762,4.3682,2.1384,0.75429,0,5.227573357122787,-2.2298,0.3527356902356903,2.4791146424517594,0.75429,4.3682,2.3359715759190762,low,No
4.2406,-2.4852,1.608,0.7155,0,5.220776920152785,4.0931999999999995,0.44496268656716415,-0.5860491439890582,0.7155,2.4852,5.926764500349406,low,No
3.4669,6.87,-1.0568,-0.73147,0,7.801805573769446,-7.9268,0.6921555639666919,1.9815973924831984,0.73147,6.87,-4.739633887924317,low,No
3.1896,5.7526,-0.18537,-0.30087,0,6.587172361021078,-5.93797,1.6230781679883477,1.8035490343616756,0.30087,5.7526,-10.601256356565958,low,No
0.81356,9.1566,-2.1492,-4.1814,0,10.325132930553485,-11.3058,1.9455611390284757,11.254978120851566,4.1814,9.1566,-0.19456641316305542,low,No
0.52855,0.96427,4.0243,-1.0483,0,4.301523580709515,3.0600300000000002,-0.26049250801381607,1.824368555481979,1.0483,0.96427,-0.5041972717733473,medium,No
2.1319,-2.0403,2.5574,-0.061652,0,3.905370331876863,4.5977,-0.02410729647298037,-0.9570336319714807,0.061652,2.0403,-34.57957568286511,medium,No
0.33111,4.5731,2.057,-0.18967,0,5.028926441199951,-2.5161000000000002,-0.0922070977151191,13.81142218598049,0.18967,4.5731,-1.7457162440027416,low,No
1.2746,8.8172,-1.5323,-1.7957,0,9.21629550198994,-10.349499999999999,1.1718984533054886,6.917621214498666,1.7957,8.8172,-0.7098067605947541,low,No
2.2091,7.4556,-1.3284,-3.3021,0,8.5518772874732,-8.783999999999999,2.485772357723577,3.374949074283645,3.3021,7.4556,-0.6689985160958178,low,No
2.5328,7.528,-0.41929,-2.6478,0,8.382869961063454,-7.94729,6.314961005509314,2.972204674668351,2.6478,7.528,-0.9565677165949089,low,No
3.6244,1.4609,1.3501,1.9284,0,4.562017178836573,-0.11080000000000001,1.4283386415821049,0.40307361218408566,1.9284,1.4609,1.8794855839037545,low,No
-1.3885,12.5026,0.69118,-7.5487,0,14.686849236388314,-11.81142,-10.921467635058885,-9.004393230104428,7.5487,12.5026,0.18393895637659466,low,No
5.7227,5.8312,-2.4097,-0.24527,0,8.52167824978742,-8.2409,0.10178445449641034,1.0189595820154822,0.24527,5.8312,-23.33224609613895,low,No
3.3583,10.3567,-3.7301,-3.6991,0,12.088688952901386,-14.0868,0.9916892308517198,3.083911502843701,3.6991,10.3567,-0.9078694817658349,low,No
2.5227,2.2369,2.7236,0.79438,0,4.406446804898477,0.4866999999999999,0.291665442796299,0.8867086851389384,0.79438,2.2369,3.1756841813741534,medium,No
0.045304,6.7334,1.0708,-0.9332,0,6.881729643949695,-5.662599999999999,-0.8714979454613374,148.62705279886987,0.9332,6.7334,-0.04854693527646806,low,No
4.8278,7.7598,-2.4491,-1.2216,0,9.540049593686607,-10.2089,0.4987954758891021,1.6073159617216952,1.2216,7.7598,-3.952030124426981,low,No
1.9476,-4.7738,8.527,-1.8668,0,10.137898373923461,13.300799999999999,-0.2189281107071655,-2.45111932635038,1.8668,4.7738,-1.0432826226698093,medium,No
2.7659,0.66216,4.1494,-0.28406,0,5.0385383911606745,3.48724,-0.06845809032631223,0.23940127987273582,0.28406,0.66216,-9.737027388579877,medium,No
-0.10648,-0.76771,7.7575,0.64179,0,7.822494313746735,8.52521,0.08273155011279407,7.209898572501878,0.64179,0.76771,-0.16591096776204056,medium,No
0.72252,-0.053811,5.6703,-1.3509,0,5.873854243520263,5.724111,-0.23824136289085232,-0.07447683109118086,1.3509,0.053811,-0.5348434377081945,medium,No
4.2475,1.4816,-0.48355,0.95343,0,4.623769477104151,-1.96515,-1.9717299141764038,0.348816951147734,0.95343,1.4816,4.454967852910019,low,No
3.9772,0.33521,2.2566,2.1625,0,5.0694314665552,1.9213900000000002,0.9583000974918018,0.08428291260183043,2.1625,0.33521,1.8391676300578033,low,No
3.6667,4.302,0.55923,0.33791,0,5.690238505634012,-3.7427699999999997,0.6042415464120308,1.1732620612539886,0.33791,4.302,10.851114202006451,low,No
2.8232,10.8513,-3.1466,-3.9784,0,12.306499423069097,-13.9979,1.2643488209495966,3.8436171720034005,3.9784,10.8513,-0.7096320128694952,low,No
-1.4217,11.6542,-0.057699,-7.1025,0,13.721896514498313,-11.711898999999999,123.09572089637602,-8.197369346556938,7.1025,11.6542,0.200168954593453,low,No
4.2458,1.1981,0.66633,0.94696,0,4.5610295066464985,-0.53177,1.4211576846307385,0.2821847472796646,0.94696,1.1981,4.483610712173693,low,No
4.1038,-4.8069,3.3491,-0.49225,0,7.1698147062877435,8.155999999999999,-0.14697978561404557,-1.1713290121350943,0.49225,4.8069,-8.336820721178261,medium,No
1.4507,8.7903,-2.2324,-0.65259,0,9.207789531049242,-11.0227,0.2923266439706146,6.059350658302888,0.65259,8.7903,-2.2229884000674236,low,No
3.4647,-3.9172,3.9746,0.36119,0,6.578488071441645,7.8918,0.09087455341418005,-1.130602938205328,0.36119,3.9172,9.59245826296409,medium,No
1.8533,6.1458,1.0176,-2.0401,0,6.811981818824828,-5.1282000000000005,-2.0048152515723268,3.3161387794744512,2.0401,6.1458,-0.9084358609872065,low,No
3.5288,0.71596,1.9507,1.9375,0,4.530360350082541,1.23474,0.9932331983390578,0.20289050102017683,1.9375,0.71596,1.821316129032258,low,No
3.9719,1.0367,0.75973,1.0013,0,4.2930790655309385,-0.27696999999999994,1.3179682255538152,0.2610085853118155,1.0013,1.0367,3.966743233796065,low,No
3.534,9.3614,-3.6316,-1.2461,0,10.717567341985774,-12.993,0.34312699636523847,2.648953027730617,1.2461,9.3614,-2.8360484712302383,low,No
3.6894,9.887,-4.0788,-4.3664,0,12.127097746781793,-13.965800000000002,1.0705109345886044,2.679839540304657,4.3664,9.887,-0.8449523635031148,low,No
3.0672,-4.4117,3.8238,-0.81682,0,6.645258014735019,8.2355,-0.21361472880380775,-1.43834767866458,0.81682,4.4117,-3.7550500722313362,medium,No
2.6463,-4.8152,6.3549,0.003003,0,8.400822445332896,11.1701,0.00047254874191568713,-1.8195971734119336,0.003003,4.8152,881.2187812187813,medium,No
2.2893,3.733,0.6312,-0.39786,0,4.4421717109540015,-3.1018,-0.6303231939163498,1.6306294500502339,0.39786,3.733,-5.754034082340522,low,No
1.5673,7.9274,-0.056842,-2.1694,0,8.367175594127566,-7.984241999999999,38.16544104711305,5.0579978306642,2.1694,7.9274,-0.7224578224393842,low,No
4.0405,0.51524,1.0279,1.106,0,4.344068014845071,0.51266,1.0759801537114506,0.12751887142680363,1.106,0.51524,3.6532549728752257,low,No
4.3846,-4.8794,3.3662,-0.029324,0,7.373291249976227,8.2456,-0.008711306517735131,-1.1128495187702414,0.029324,4.8794,-149.52257536488884,medium,No
2.0165,-0.25246,5.1707,1.0763,0,5.659025400331757,5.42316,0.20815363490436498,-0.1251971237292338,1.0763,0.25246,1.873548267211744,medium,No
4.0446,11.1741,-4.3582,-4.7401,0,13.515981474535987,-15.5323,1.087627919783397,2.7627206645898235,4.7401,11.1741,-0.8532731376975169,low,No
-0.33729,-0.64976,7.6659,0.72326,0,7.734667442062393,8.31566,0.09434769563912913,1.9264134720863353,0.72326,0.64976,-0.46634681857146804,medium,No
-2.4604,12.7302,0.91738,-7.6418,0,15.078138263870642,-11.81282,-8.330026815496305,-5.174036741993172,7.6418,12.7302,0.3219660289460598,low,No
4.1195,10.9258,-3.8929,-4.1802,0,12.998927968874973,-14.8187,1.0738010223740657,2.6522150746449813,4.1802,10.9258,-0.9854791636763792,low,No
2.0193,0.82356,4.6369,1.4202,0,5.317295667310592,3.8133399999999997,0.30628221441048975,0.4078443024810578,1.4202,0.82356,1.4218419940853402,medium,No
1.5701,7.9129,0.29018,-2.1953,0,8.365569134398449,-7.622719999999999,-7.565304293886554,5.039742691548309,2.1953,7.9129,-0.7152097663189542,low,No
2.6415,7.586,-0.28562,-1.6677,0,8.209002395200041,-7.87162,5.838876829353687,2.8718531137611203,1.6677,7.586,-1.5839179708580682,low,No
5.0214,8.0764,-3.0515,-1.7155,0,10.13396701297177,-11.1279,0.5621825331804031,1.6083960648424742,1.7155,8.0764,-2.927076654036724,low,No
4.3435,3.3295,0.83598,0.64955,0,5.574256924729967,-2.49352,0.7769922725424053,0.7665477149764015,0.64955,3.3295,6.686937110307135,low,No
1.8238,-6.7748,8.3873,-0.54139,0,10.948244877700718,15.162099999999999,-0.06454878208720327,-3.7146616953613334,0.54139,6.7748,-3.36873603132677,medium,No
3.9382,0.9291,0.78543,0.6767,0,4.177016785326581,-0.14367000000000008,0.8615662757979705,0.23591996343507185,0.6767,0.9291,5.819713314615044,low,No
2.2517,-5.1422,4.2916,-1.2487,0,7.175615372914018,9.4338,-0.2909637431261068,-2.2836967624461515,1.2487,5.1422,-1.8032353647793706,medium,No
5.504,10.3671,-4.413,-4.0211,0,13.168697453430996,-14.780100000000001,0.9111941989576251,1.883557412790698,4.0211,10.3671,-1.3687796871502822,low,No
2.8521,9.171,-3.6461,-1.2047,0,10.343455066369264,-12.8171,0.33040783302707005,3.215525402335121,1.2047,9.171,-2.3674773802606457,low,No
1.1676,9.1566,-2.0867,-0.80647,0,9.497964206655023,-11.2433,0.38648104662864813,7.84224049331963,0.80647,9.1566,-1.4477909903654196,low,No
2.6104,8.0081,-0.23592,-1.7608,0,8.60813154269845,-8.24402,7.463546965072906,3.0677673919705795,1.7608,8.0081,-1.4825079509313948,low,No
0.32444,10.067,-1.1982,-4.1284,0,10.95121546284247,-11.2652,3.4455015857119013,31.028849710270002,4.1284,10.067,-0.07858734618738494,low,No
3.8962,-4.7904,3.3954,-0.53751,0,7.067245910543937,8.1858,-0.15830535430288037,-1.2295056721934192,0.53751,4.7904,-7.248609328198544,medium,No
2.1752,-0.8091,5.1022,-0.67975,0,5.64629460376449,5.9113,-0.13322684332248833,-0.37196579624862086,0.67975,0.8091,-3.1999999999999997,medium,No
1.1588,8.9331,-2.0807,-1.1272,0,9.313591432954315,-11.0138,0.5417407603210458,7.708923023817742,1.1272,8.9331,-1.0280340667139816,low,No
4.7072,8.2957,-2.5605,-1.4905,0,9.987698475124288,-10.856200000000001,0.5821128685803553,1.762342794017675,1.4905,8.2957,-3.1581348540758136,low,No
-1.9667,11.8052,-0.40472,-7.8719,0,14.33043138982215,-12.209919999999999,19.45023720102787,-6.00254232979102,7.8719,11.8052,0.2498380314790584,low,No
4.0552,0.40143,1.4563,0.65343,0,4.37647958292964,1.05487,0.4486918904071963,0.098991418425725,0.65343,0.40143,6.206020537777574,low,No
2.3678,-6.839,8.4207,-0.44829,0,11.11249523077963,15.2597,-0.05323666678542164,-2.8883351634428585,0.44829,6.839,-5.2818488032300515,medium,No
0.33565,6.8369,0.69718,-0.55691,0,6.9030479668766604,-6.13972,-0.7988037522591009,20.369134515119917,0.55691,6.8369,-0.6027006158984396,low,No
4.3398,-5.3036,3.8803,-0.70432,0,7.9066321371618145,9.183900000000001,-0.18151173878308377,-1.2220839670030876,0.70432,5.3036,-6.161687869150387,medium,No
1.5456,8.5482,0.4187,-2.1784,0,8.965564056432813,-8.1295,-5.20277048005732,5.530667701863353,2.1784,8.5482,-0.7095115681233934,low,No
1.4276,8.3847,-2.0995,-1.9677,0,8.978918609164468,-10.484200000000001,0.9372231483686593,5.873283833006445,1.9677,8.3847,-0.7255171011841236,low,No
-0.27802,8.1881,-3.1338,-2.5276,0,9.128622071835377,-11.3219,0.8065607249984046,-29.451478310912886,2.5276,8.1881,0.10999366988447538,low,No
0.93611,8.6413,-1.6351,-1.3043,0,8.939973049293828,-10.276399999999999,0.7976882147880864,9.231073271303586,1.3043,8.6413,-0.7177106493904777,low,No
4.6352,-3.0087,2.6773,1.212,0,6.258932338666077,5.686,0.4526948791693124,-0.6490982050396963,1.212,3.0087,3.8244224422442246,medium,No
1.5268,-5.5871,8.6564,-1.722,0,10.556767952834807,14.243500000000001,-0.19892796081511946,-3.6593528949436736,1.722,5.5871,-0.8866434378629501,medium,No
0.95626,2.4728,4.4578,0.21636,0,5.191142987551007,1.9849999999999999,0.04853515186863475,2.5859075983519126,0.21636,2.4728,4.4197633573673505,medium,No
-2.7914,1.7734,6.7756,-0.39915,0,7.550161428903358,5.0022,-0.05890991203731035,-0.6353084473740775,0.39915,1.7734,6.993360891895277,medium,No
5.2032,3.5116,-1.2538,1.0129,0,6.4809417255519275,-4.7654,-0.8078640931568032,0.6748923739237392,1.0129,3.5116,5.136933557113239,low,No
3.1836,7.2321,-1.0713,-2.5909,0,8.384451435246076,-8.3034,2.418463548959209,2.271673577082548,2.5909,7.2321,-1.2287622061831798,low,No
0.65497,5.1815,1.0673,-0.42113,0,5.347280403887568,-4.1142,-0.39457509603672825,7.911049361039436,0.42113,5.1815,-1.5552679695106026,low,No
5.6084,10.3009,-4.8003,-4.3534,0,13.39991279897,-15.1012,0.9069016519800845,1.8366913914842025,4.3534,10.3009,-1.2882804244957964,low,No
1.105,7.4432,0.41099,-3.0332,0,8.123513172273434,-7.03221,-7.380228229397308,6.735927601809955,3.0332,7.4432,-0.3643017275484637,low,No
3.9292,-2.9156,2.2129,0.30817,0,5.378775990771506,5.1285,0.13926069863075602,-0.7420340018324341,0.30817,2.9156,12.750105461271376,low,No
1.1558,6.4003,1.5506,0.6961,0,6.7222488275873875,-4.8496999999999995,0.4489229975493358,5.537549749091538,0.6961,6.4003,1.6603936216060908,low,No
2.5581,2.6218,1.8513,0.40257,0,4.123964736136816,-0.7705,0.21745260087506077,1.024901293929088,0.40257,2.6218,6.3544228332960735,low,No
2.7831,10.9796,-3.557,-4.4039,0,12.662695052002162,-14.5366,1.2380938993533877,3.9450971937767236,4.4039,10.9796,-0.6319625786234928,low,No
3.7635,2.7811,0.66119,0.34179,0,4.738400793537837,-2.11991,0.5169315930367973,0.7389663876710508,0.34179,2.7811,11.01114719564645,low,No
-2.6479,10.1374,-1.331,-5.4707,0,11.894468153725915,-11.468399999999999,4.110217881292262,-3.8284678424411798,5.4707,10.1374,0.48401484270751455,low,No
1.0652,8.3682,-1.4004,-1.6509,0,8.709076486631634,-9.7686,1.1788774635818338,7.855989485542621,1.6509,8.3682,-0.6452238173117693,low,No
-1.4275,11.8797,0.41613,-6.9978,0,13.867494271024595,-11.463569999999999,-16.816379496791868,-8.322031523642732,6.9978,11.8797,0.20399268341478752,low,No
5.7456,10.1808,-4.7857,-4.3366,0,13.355509426824572,-14.9665,0.9061579288296382,1.7719298245614035,4.3366,10.1808,-1.3249089148180602,low,No
5.086,3.2798,-1.2701,1.1189,0,6.28407314247694,-4.5499,-0.8809542555704275,0.6448682658277625,1.1189,3.2798,4.5455357940834755,low,No
3.4092,5.4049,-2.5228,-0.89958,0,6.928878167957638,-7.9277,0.35657999048676076,1.5853866009621025,0.89958,5.4049,-3.789768558660708,low,No
-0.2361,9.3221,2.1307,-4.3793,0,10.520239664570385,-7.191400000000001,-2.055333927817149,-39.48369335027531,4.3793,9.3221,0.05391272577809239,low,No
3.8197,8.9951,-4.383,-4.0327,0,11.44444364702802,-13.3781,0.9200775724389688,2.3549231615048303,4.0327,8.9951,-0.9471817888759392,low,No
-1.1391,1.8127,6.9144,0.70127,0,7.272148037058926,5.101699999999999,0.1014216707161865,-1.591344043543148,0.70127,1.8127,-1.6243386997875284,medium,No
4.9249,0.68906,0.77344,1.2095,0,5.175958208602538,0.08438000000000001,1.5637929251137774,0.13991350078174175,1.2095,0.68906,4.071847871021083,low,No
2.5089,6.841,-0.029423,0.44912,0,7.300440719390097,-6.870423000000001,-15.26424905686028,2.7266929730160627,0.44912,6.841,5.586257570359815,low,No
-0.2062,9.2207,-3.7044,-6.8103,0,12.048509965136768,-12.9251,1.8384353741496597,-44.7172647914646,6.8103,9.2207,0.03027766765047061,low,No
3.946,6.8514,-1.5443,-0.5582,0,8.075211928488317,-8.3957,0.3614582658809817,1.7362899138367967,0.5582,6.8514,-7.069150841992117,low,No
-0.278,8.1881,-3.1338,-2.5276,0,9.128621462740144,-11.3219,0.8065607249984046,-29.453597122302156,2.5276,8.1881,0.10998575724006963,low,No
1.8592,3.2074,-0.15966,-0.26208,0,3.7199753550258903,-3.36706,1.641488162344983,1.7251506024096386,0.26208,3.2074,-7.094017094017095,low,No
0.56953,7.6294,1.5754,-3.2233,0,8.450068451255293,-6.054,-2.0460200583978674,13.395958070689868,3.2233,7.6294,-0.17669158936493654,low,No
3.4626,-4.449,3.5427,0.15429,0,6.660159791934425,7.9917,0.04355152849521552,-1.2848726390573557,0.15429,4.449,22.44215438460043,medium,No
3.3951,1.1484,2.1401,2.0862,0,4.666667442618983,0.9916999999999998,0.9748142610158403,0.33825218697534687,2.0862,1.1484,1.6274086856485477,low,No
5.0429,-0.52974,0.50439,1.106,0,5.214317802905765,1.03413,2.192747675409901,-0.1050466993198358,1.106,0.52974,4.559584086799276,low,No
3.7758,7.1783,-1.5195,0.40128,0,8.261631946437703,-8.6978,-0.2640868706811451,1.901133534615181,0.40128,7.1783,9.40938995215311,low,No
4.6562,7.6398,-2.4243,-1.2384,0,9.351877219574689,-10.0641,0.5108278678381388,1.6407800352218547,1.2384,7.6398,-3.759851421188631,low,No
4.0948,-2.9674,2.3689,0.75429,0,5.635023550447682,5.3363,0.31841360969226223,-0.724675197811859,0.75429,2.9674,5.428681276432141,low,No
1.8384,6.063,0.54723,0.51248,0,6.379794666233389,-5.51577,0.936498364490251,3.2979765013054827,0.51248,6.063,3.587261941929441,low,No
2.0153,0.43661,4.5864,-0.3151,0,5.038493361323403,4.14979,-0.06870312227455085,0.2166476455118345,0.3151,0.43661,-6.39574738178356,medium,No
3.5251,0.7201,1.6928,0.64438,0,4.028110157927661,0.9727000000000001,0.38065926275992434,0.2042778928257354,0.64438,0.7201,5.470529811601851,low,No
3.757,-5.4236,3.8255,-1.2526,0,7.728773704152555,9.2491,-0.32743432231080905,-1.4435986159169552,1.2526,5.4236,-2.9993613284368514,medium,No
2.5989,3.5178,0.7623,0.81119,0,4.513128466607172,-2.7554999999999996,1.064134855043946,1.3535726653584208,0.81119,3.5178,3.203811684069084,low,No
1.8994,0.97462,4.2265,0.81377,0,4.804490437840417,3.25188,0.1925399266532592,0.513119932610298,0.81377,0.97462,2.334074738562493,medium,No
3.6941,-3.9482,4.2625,1.1577,0,6.981678422127447,8.2107,0.27160117302052783,-1.0687853604396198,1.1577,3.9482,3.1908957415565347,medium,No
4.4295,-2.3507,1.7048,0.90946,0,5.373985603962853,4.0555,0.5334702017832004,-0.5306919516875493,0.90946,2.3507,4.8704725881292195,low,No
6.8248,5.2187,-2.5425,0.5461,0,8.976372106257628,-7.7612000000000005,-0.21478859390363816,0.7646670964716915,0.5461,5.2187,12.497344808643104,low,No
1.8967,-2.5163,2.8093,-0.79742,0,4.2961938650857,5.3256,-0.2838500694123091,-1.3266726419570833,0.79742,2.5163,-2.3785458102380175,medium,No
2.1526,-6.1665,8.0831,-0.34355,0,10.397785399906079,14.249600000000001,-0.04250225779713229,-2.864675276409923,0.34355,6.1665,-6.265754620870324,medium,No
3.3004,7.0811,-1.3258,0.22283,0,7.927295643465053,-8.4069,-0.1680721074068487,2.1455278148103263,0.22283,7.0811,14.811291118790107,low,No
2.7213,7.05,-0.58808,0.41809,0,7.591351067135546,-7.6380799999999995,-0.7109406883417222,2.5906735751295336,0.41809,7.05,6.508885646631107,low,No
3.8846,-3.0336,2.5334,0.20214,0,5.545432558385324,5.567,0.07979000552617037,-0.7809298254646553,0.20214,3.0336,19.217374097160384,medium,No
4.1665,-0.4449,0.23448,0.27843,0,4.2059674743511755,0.67938,1.1874360286591608,-0.10678027121084843,0.27843,0.4449,14.96426390834321,low,No
0.94225,5.8561,1.8762,-0.32544,0,6.229589063983274,-3.9798999999999998,-0.17345698752798208,6.215017245953834,0.32544,5.8561,-2.8953109636184857,low,No
5.1321,-0.031048,0.32616,1.1151,0,5.262056892879818,0.357208,3.4188741721854305,-0.006049765203328072,1.1151,0.031048,4.602367500672586,low,No
0.38251,6.8121,1.8128,-0.61251,0,7.086073147392708,-4.9993,-0.3378806266548985,17.808946171341926,0.61251,6.8121,-0.6244959265971168,low,No
3.0333,-2.5928,2.3183,0.303,0,4.624915633825119,4.911099999999999,0.13069921925548894,-0.8547786239409224,0.303,2.5928,10.010891089108911,low,No
2.9233,6.0464,-0.11168,-0.58665,0,6.742497051901468,-6.15808,5.2529548710601714,2.068347415591968,0.58665,6.0464,-4.983039290888946,low,No
1.162,10.2926,-1.2821,-4.0392,0,11.191370595686662,-11.5747,3.150456282661259,8.85765920826162,4.0392,10.2926,-0.2876807288571994,low,No
3.7791,2.5762,1.3098,0.5655,0,4.79100924023321,-1.2664,0.43174530462666055,0.6816967002725517,0.5655,2.5762,6.682758620689655,low,No
0.77765,5.9781,1.1941,-0.3526,0,6.155698230298494,-4.784000000000001,-0.2952851519973202,7.687391500032149,0.3526,5.9781,-2.2054736245036866,low,No
-0.38388,-1.0471,8.0514,0.49567,0,8.143372334193002,9.0985,0.061563206398887155,2.727675315202667,0.49567,1.0471,-0.7744668832085864,medium,No
0.21084,9.4359,-0.094543,-1.859,0,9.620056220960926,-9.530443,19.663010482002896,44.753841775754125,1.859,9.4359,-0.1134158149542765,low,No
2.9571,-4.5938,5.9068,0.57196,0,8.066279398309979,10.500599999999999,0.0968307713144173,-1.5534814514220012,0.57196,4.5938,5.170116791384013,medium,No
4.6439,-3.3729,2.5976,0.55257,0,6.324169588562597,5.9704999999999995,0.21272328303048968,-0.7263076293632507,0.55257,3.3729,8.404184085274265,medium,No
3.3577,-4.3062,6.0241,0.18274,0,8.132692201700491,10.3303,0.030334821799106924,-1.2824850343985466,0.18274,4.3062,18.374192842289588,medium,No
3.5127,2.9073,1.0579,0.40774,0,4.698601802408883,-1.8494000000000002,0.3854239531146611,0.8276539414125886,0.40774,2.9073,8.61504880561142,low,No
2.6562,10.7044,-3.3085,-4.0767,0,12.214959391663978,-14.0129,1.232189814115158,4.02996762291996,4.0767,10.7044,-0.6515564059165502,low,No
-1.3612,10.694,1.7022,-2.9026,0,11.293231293124215,-8.991800000000001,-1.7052050287862768,-7.8563032618278,2.9026,10.694,0.4689588644663405,low,No
-0.278,8.1881,-3.1338,-2.5276,0,9.128621462740144,-11.3219,0.8065607249984046,-29.453597122302156,2.5276,8.1881,0.10998575724006963,low,No
1.04,-6.9321,8.2888,-1.2991,0,10.932862235480698,15.2209,-0.1567295627835151,-6.665480769230769,1.2991,6.9321,-0.8005542298514357,medium,No
2.1881,2.7356,1.3278,-0.1832,0,3.7507204707895787,-1.4077999999999997,-0.1379725862328664,1.250217083314291,0.1832,2.7356,-11.943777292576419,low,No
4.2756,-2.6528,2.1375,0.94437,0,5.54786843273162,4.7903,0.44181052631578943,-0.6204509308635046,0.94437,2.6528,4.527462752946408,low,No
-0.11996,6.8741,0.91995,-0.6694,0,6.968647327430196,-5.95415,-0.727648241752269,-57.30326775591865,0.6694,6.8741,0.1792052584403944,low,No
2.9736,8.7944,-3.6359,-1.3754,0,10.064554748720878,-12.430299999999999,0.37828323111196677,2.957492601560398,1.3754,8.7944,-2.1619892394939653,low,No
3.7798,-3.3109,2.6491,0.066365,0,5.680764206796916,5.96,0.02505190442036918,-0.8759458172390074,0.066365,3.3109,56.954720108490925,medium,No
5.3586,3.7557,-1.7345,1.0789,0,6.855099700952569,-5.4902,-0.6220236379360046,0.7008733624454149,1.0789,3.7557,4.96672536843081,low,No
1.8373,6.1292,0.84027,0.55257,0,6.4772024214007695,-5.28893,0.6576100539112428,3.3359821477167584,0.55257,6.1292,3.325008596195957,low,No
1.2262,0.89599,5.7568,-0.11596,0,5.954876781403625,4.86081,-0.020143135075041688,0.7307046158864785,0.11596,0.89599,-10.574335977923422,medium,No
-0.048008,-0.56078,7.7215,0.453,0,7.755227283997807,8.28228,0.058667357378747655,11.680969838360271,0.453,0.56078,-0.10597792494481237,medium,No
0.5706,-0.024841,1.2421,-0.56208,0,1.4781568833114433,1.2669409999999999,-0.4525239513726753,-0.04353487556957588,0.56208,0.024841,-1.0151579846285226,low,No
4.3634,0.46351,1.4281,2.0202,0,5.037338456973087,0.96459,1.4146068202506827,0.10622679561809596,2.0202,0.46351,2.1598851598851603,low,No
3.482,-4.1634,3.5008,-0.078462,0,6.459100594157364,7.6642,-0.022412591407678248,-1.1956921309592188,0.078462,4.1634,-44.37817032448829,medium,No
0.51947,-3.2633,3.0895,-0.98492,0,4.629692606134882,6.3528,-0.3187959216701732,-6.2819797100891295,0.98492,3.2633,-0.527423547090119,medium,No
2.3164,-2.628,3.1529,-0.08622,0,4.713841878807561,5.7809,-0.027346252656284695,-1.1345190813331032,0.08622,2.628,-26.866156344235673,medium,No
-1.8348,11.0334,3.1863,-4.8888,0,12.615675952163642,-7.8471,-1.5343188023726577,-6.013407455853499,4.8888,11.0334,0.375306823760432,medium,No
1.3754,8.8793,-1.9136,-0.53751,0,9.202416835272135,-10.792900000000001,0.2808894230769231,6.45579467791188,0.53751,8.8793,-2.558836114676936,low,No
-0.16682,5.8974,0.49839,-0.70044,0,5.962060420534162,-5.3990100000000005,-1.4054054054054053,-35.35187627382808,0.70044,5.8974,0.2381645822625778,low,No
0.29961,7.1328,-0.31475,-1.1828,0,7.243251023856621,-7.44755,3.7579030976965853,23.806949033743866,1.1828,7.1328,-0.2533057152519445,low,No
0.25035,9.3262,-3.6873,-6.2543,0,11.82172285847118,-13.0135,1.6961733517750115,37.252646295186736,6.2543,9.3262,-0.040028460419231575,low,No
2.4673,1.3926,1.7125,0.41421,0,3.3363348489172964,0.31989999999999985,0.24187445255474455,0.5644226482389657,0.41421,1.3926,5.956640351512517,low,No
0.77805,6.6424,-1.1425,-1.0573,0,6.866587879179877,-7.7849,0.9254266958424506,8.537240537240537,1.0573,6.6424,-0.73588385510262,low,No
3.4465,2.9508,1.0271,0.5461,0,4.6838811374756295,-1.9237000000000002,0.5316911693116543,0.8561729290584652,0.5461,2.9508,6.311115180369895,low,No
2.2429,-4.1427,5.2333,-0.40173,0,7.052756878193094,9.376,-0.07676418321135803,-1.847028400731196,0.40173,4.1427,-5.5831030791825365,medium,No
3.7321,-3.884,3.3577,-0.0060486,0,6.347299605782128,7.2417,-0.0018014116806147067,-1.040700945848182,0.0060486,3.884,-617.0188142710709,medium,No
4.3365,-3.584,3.6884,0.74912,0,6.768734267527424,7.2724,0.20310161587680295,-0.8264729620661824,0.74912,3.584,5.7887921828278515,medium,No
-2.0759,10.8223,2.6439,-4.837,0,12.32145747507169,-8.1784,-1.8294943076515753,-5.213305072498676,4.837,10.8223,0.4291709737440562,medium,No
4.0715,7.6398,-2.0824,-1.1698,0,8.980449771030402,-9.7222,0.5617556665386093,1.8764091858037577,1.1698,7.6398,-3.480509488801505,low,No
0.76163,5.8209,1.1959,-0.64613,0,6.025829225409561,-4.625,-0.5402876494690192,7.642687394141512,0.64613,5.8209,-1.17875659696965,low,No
-0.53966,7.3273,0.46583,-1.4543,0,7.504168460562436,-6.86147,-3.1219543610329947,-13.577622947781936,1.4543,7.3273,0.37107886955923813,low,No
2.6213,5.7919,0.065686,-1.5759,0,6.550198070333141,-5.726214,-23.991413695460224,2.2095525121123107,1.5759,5.7919,-1.6633669649089409,low,No
3.0242,-3.3378,2.5865,-0.54785,0,5.222721163579385,5.924300000000001,-0.2118113280494877,-1.1036968454467297,0.54785,3.3378,-5.5201241215661225,medium,No
5.8519,5.3905,-2.4037,-0.061652,0,8.311666410480152,-7.7942,0.025648791446519947,0.9211538132914098,0.061652,5.3905,-94.91825082722377,low,No
0.5706,-0.0248,1.2421,-0.5621,0,1.4781638001250064,1.2669,-0.4525400531358184,-0.04346302138100245,0.5621,0.0248,-1.0151218644369329,low,No
3.9771,11.1513,-3.9272,-4.3444,0,13.20853993823693,-15.078500000000002,1.1062334487675698,2.8038771969525533,4.3444,11.1513,-0.9154543780499033,low,No
1.5478,9.1814,-1.6326,-1.7375,0,9.61135161202627,-10.814,1.0642533382334927,5.931903346685618,1.7375,9.1814,-0.8908201438848921,low,No
0.74054,0.36625,2.1992,0.48403,0,2.398604643329117,1.8329499999999999,0.22009367042560934,0.4945715288843277,0.48403,0.36625,1.5299464909199842,low,No
0.49571,10.2243,-1.097,-4.0159,0,11.050470610073582,-11.321299999999999,3.660802187784868,20.62556736801759,4.0159,10.2243,-0.12343683856669736,low,No
1.645,7.8612,-0.87598,-3.5569,0,8.827421424764992,-8.73718,4.0604808328957285,4.778844984802432,3.5569,7.8612,-0.4624813742303691,low,No
3.6077,6.8576,-1.1622,0.28231,0,7.840445448193616,-8.0198,-0.24290999827912582,1.9008232391828588,0.28231,6.8576,12.779214338847366,low,No
3.2403,-3.7082,5.2804,0.41291,0,7.232109661647837,8.9886,0.07819672752064237,-1.144400209857112,0.41291,3.7082,7.84747281489913,medium,No
3.9166,10.2491,-4.0926,-4.4659,0,12.533054054778507,-14.3417,1.0912134095684896,2.616836031251596,4.4659,10.2491,-0.8770012763384759,low,No
3.9262,6.0299,-2.0156,-0.065531,0,7.472728960825556,-8.0455,0.03251190712442945,1.535810707554378,0.065531,6.0299,-59.91362866429628,low,No
5.591,10.4643,-4.3839,-4.3379,0,13.371492478777379,-14.848199999999999,0.9895070599238123,1.8716329815775352,4.3379,10.4643,-1.2888724959081583,low,No
3.7522,-3.6978,3.9943,1.3051,0,6.738727489667467,7.6921,0.32674060536264177,-0.9855018389211662,1.3051,3.6978,2.875028733430389,medium,No
1.3114,4.5462,2.2935,0.22541,0,5.262951293532936,-2.2527,0.09828210159145412,3.4666768339179503,0.22541,4.5462,5.817843041568697,low,No
3.7022,6.9942,-1.8511,-0.12889,0,8.128241034941079,-8.8453,0.06962886932094431,1.8892010156123387,0.12889,6.9942,-28.72371789898363,low,No
4.364,-3.1039,2.3757,0.78532,0,5.910953324329334,5.4796,0.33056362335311695,-0.7112511457378552,0.78532,3.1039,5.55697040696786,low,No
3.5829,1.4423,1.0219,1.4008,0,4.233665309161791,-0.4203999999999999,1.3707799197573147,0.4025510061681878,1.4008,1.4423,2.5577527127355797,low,No
4.65,-4.8297,3.4553,-0.25174,0,7.5465868581498485,8.285,-0.07285619193702429,-1.0386451612903225,0.25174,4.8297,-18.4714387860491,medium,No
5.1731,3.9606,-1.983,0.40774,0,6.822452409331999,-5.9436,-0.20561775088250125,0.7656144284858208,0.40774,3.9606,12.687251679992151,low,No
3.2692,3.4184,0.20706,-0.066824,0,4.735025500520139,-3.2113400000000003,-0.3227277117743649,1.0456380765936621,0.066824,3.4184,-48.92254279899438,low,No
2.4012,1.6223,3.0312,0.71679,0,4.254360125106947,1.4089,0.23647070467141726,0.6756205230717975,0.71679,1.6223,3.349935127443184,medium,No
1.7257,-4.4697,8.2219,-1.8073,0,9.686187664917503,12.6916,-0.21981537114292315,-2.5900793880744044,1.8073,4.4697,-0.9548497759088143,medium,No
4.7965,6.9859,-1.9967,-0.35001,0,8.713123948969164,-8.9826,0.1752942354885561,1.456457833837173,0.35001,6.9859,-13.70389417445216,low,No
4.0962,10.1891,-3.9323,-4.1827,0,12.391713998878444,-14.1214,1.0636777458484854,2.487451784580831,4.1827,10.1891,-0.9793195782628445,low,No
2.5559,3.3605,2.0321,0.26809,0,4.693281124980689,-1.3284000000000002,0.1319275626199498,1.3148010485543253,0.26809,3.3605,9.533738669849678,low,No
3.4916,8.5709,-3.0326,-0.59182,0,9.756972432184073,-11.6035,0.19515267427290114,2.4547198991866193,0.59182,8.5709,-5.89976682099287,low,No
0.5195,-3.2633,3.0895,-0.9849,0,4.629691717598484,6.3528,-0.3187894481307655,-6.281616939364774,0.9849,3.2633,-0.5274647172301756,medium,No
2.9856,7.2673,-0.409,-2.2431,0,8.180845632329214,-7.6762999999999995,5.48435207823961,2.434117095391211,2.2431,7.2673,-1.3310151130132404,low,No
4.0932,5.4132,-1.8219,0.23576,0,7.030783944027864,-7.2351,-0.12940337010812886,1.322486074464966,0.23576,5.4132,17.361723786901937,low,No
1.7748,-0.76978,5.5854,1.3039,0,6.0530425951251985,6.35518,0.23344791778565546,-0.4337277439711517,1.3039,0.76978,1.361147327249022,medium,No
5.2012,0.32694,0.17965,1.1797,0,5.346338692610112,-0.14729,6.566657389368216,0.06285857109897716,1.1797,0.32694,4.408917521403747,low,No
-0.45062,-1.3678,7.0858,-0.40303,0,7.241887188109188,8.4536,-0.056878545824042455,3.0353734854200876,0.40303,1.3678,1.1180805399101805,medium,No
4.8451,8.1116,-2.9512,-1.4724,0,10.007526755897281,-11.0628,0.4989156953103822,1.6741862913046168,1.4724,8.1116,-3.290613963596849,low,No
0.74841,7.2756,1.1504,-0.5388,0,7.423489643563867,-6.1251999999999995,-0.46835883171070924,9.721409387902353,0.5388,7.2756,-1.389031180400891,low,No
5.1213,8.5565,-3.3917,-1.5474,0,10.64610170860677,-11.9482,0.4562313883893033,1.6707671880186672,1.5474,8.5565,-3.309616130283055,low,No
3.6181,-3.7454,2.8273,-0.71208,0,5.9681950358881535,6.5727,-0.2518586637427935,-1.0351842127083275,0.71208,3.7454,-5.081030221323447,medium,No
0.040498,8.5234,1.4461,-3.9306,0,9.496884184721008,-7.077300000000001,-2.7180692898139824,210.46471430687936,3.9306,8.5234,-0.010303261588561543,low,No
-2.6479,10.1374,-1.331,-5.4707,0,11.894468153725915,-11.468399999999999,4.110217881292262,-3.8284678424411798,5.4707,10.1374,0.48401484270751455,low,No
0.37984,0.70975,0.75716,-0.44441,0,1.1911402108064357,0.04741000000000006,-0.5869433144909927,1.8685499157540015,0.44441,0.70975,-0.8547062397335793,low,No
-0.95923,0.091039,6.2204,-1.4828,0,6.46687577524271,6.129360999999999,-0.23837695325059483,-0.09490841612543394,1.4828,0.091039,0.6469045049905585,medium,No
2.8672,10.0008,-3.2049,-3.1095,0,11.321537472446046,-13.2057,0.9702330805953385,3.488002232142857,3.1095,10.0008,-0.9220775044219327,low,No
1.0182,9.109,-0.62064,-1.7129,0,9.34504321336183,-9.72964,2.7598930136633157,8.946179532508348,1.7129,9.109,-0.5944304979858719,low,No
-2.7143,11.4535,2.1092,-3.9629,0,12.597753283423199,-9.3443,-1.8788640242746064,-4.219688317429908,3.9629,11.4535,0.684927704458856,low,No
3.8244,-3.1081,2.4537,0.52024,0,5.529702914045202,5.5618,0.21202265965684478,-0.812702646166719,0.52024,3.1081,7.351222512686451,medium,No
2.7961,2.121,1.8385,0.38317,0,3.980416775778637,-0.2825,0.2084144683165624,0.7585565609241444,0.38317,2.121,7.29728319022888,low,No
3.5358,6.7086,-0.81857,0.47886,0,7.642418422495591,-7.52717,-0.5849957853329587,1.8973358221618868,0.47886,6.7086,7.383786492920686,low,No
-0.7056,8.7241,2.2215,-4.5965,0,10.132653486130867,-6.5026,-2.069097456673419,-12.364087301587302,4.5965,8.7241,0.15350810399216797,low,No
4.1542,7.2756,-2.4766,-1.2099,0,8.819815109740112,-9.7522,0.48853266575143345,1.7513841413509217,1.2099,7.2756,-3.43350690139681,low,No
0.92703,9.4318,-0.66263,-1.6728,0,9.646531719628564,-10.094430000000001,2.524485761284578,10.174212269290098,1.6728,9.4318,-0.5541786226685796,low,No
1.8216,-6.4748,8.0514,-0.41855,0,10.499594642770738,14.5262,-0.051984747994137666,-3.5544576196750106,0.41855,6.4748,-4.352168199737188,medium,No
-2.4473,12.6247,0.73573,-7.6612,0,14.986914674238324,-11.88897,-10.413059138542671,-5.158623789482287,7.6612,12.6247,0.3194408186707043,low,No
3.5862,-3.0957,2.8093,0.24481,0,5.513282811184276,5.904999999999999,0.08714270458833162,-0.8632256985109587,0.24481,3.0957,14.648911400678076,medium,No
0.66191,9.6594,-0.28819,-1.6638,0,9.828195008453994,-9.94759,5.773274575800687,14.593222643561813,1.6638,9.6594,-0.39783026806106503,low,No
4.7926,1.7071,-0.051701,1.4926,0,5.302238482320557,-1.758801,-28.86984777857295,0.35619496724116345,1.4926,1.7071,3.2109071419000403,low,No
4.9852,8.3516,-2.5425,-1.2823,0,10.134596249481277,-10.8941,0.504346116027532,1.6752788253229558,1.2823,8.3516,-3.8877017858535443,low,No
0.75736,3.0294,2.9164,-0.068117,0,4.27327595824199,-0.11299999999999999,-0.02335653545467014,3.999947184958276,0.068117,3.0294,-11.11851666984747,medium,No
4.6499,7.6336,-1.9427,-0.37458,0,9.154660694771817,-9.5763,0.19281412467184847,1.6416697133271685,0.37458,7.6336,-12.413636606332425,low,No
-0.023579,7.1742,0.78457,-0.75734,0,7.25663941296114,-6.38963,-0.9652930904826849,-304.26226727172485,0.75734,7.1742,0.031133968891118916,low,No
0.85574,0.0082678,6.6042,-0.53104,0,6.680555397997747,6.5959322,-0.08040943641924836,0.009661579451702621,0.53104,0.0082678,-1.6114416993070202,medium,No
0.88298,0.66009,6.0096,-0.43277,0,6.125190162060277,5.3495099999999995,-0.07201311235356762,0.747570726403769,0.43277,0.66009,-2.0402985419506896,medium,No
4.0422,-4.391,4.7466,1.137,0,7.709944383716396,9.137599999999999,0.23953988117810643,-1.0862896442531293,1.137,4.391,3.5551451187335092,medium,No
2.2546,8.0992,-0.24877,-3.2698,0,9.024064514003653,-8.34797,13.143867829722234,3.5923001862858155,3.2698,8.0992,-0.6895222949415866,low,No
0.38478,6.5989,-0.3336,-0.56466,0,6.642564770779432,-6.9325,1.6926258992805756,17.149799885648942,0.56466,6.5989,-0.6814366167251089,low,No
3.1541,-5.1711,6.5991,0.57455,0,8.97590388387153,11.770199999999999,0.08706490278977437,-1.6394851146127263,0.57455,5.1711,5.489687581585589,medium,No
2.3969,0.23589,4.8477,1.437,0,5.600530152771253,4.611809999999999,0.2964292344823319,0.09841461888272351,1.437,0.23589,1.6679888656924147,medium,No
4.7114,2.0755,-0.2702,1.2379,0,5.301923675421969,-2.3457,-4.581421169504071,0.4405272318206902,1.2379,2.0755,3.805961709346474,low,No
4.0127,10.1477,-3.9366,-4.0728,0,12.294799550216343,-14.0843,1.0345983843926232,2.5288957559747804,4.0728,10.1477,-0.9852435670791593,low,No
2.6606,3.1681,1.9619,0.18662,0,4.58252426119055,-1.2062,0.0951220755390183,1.1907464481695857,0.18662,3.1681,14.256778480334368,low,No
3.931,1.8541,-0.023425,1.2314,0,4.517448671609341,-1.877525,-52.567769477054426,0.4716611549224116,1.2314,1.8541,3.1923014455091763,low,No
0.01727,8.693,1.3989,-3.9668,0,9.657171982671738,-7.294099999999999,-2.8356565873186077,503.3584250144759,3.9668,8.693,-0.004353635171926994,low,No
3.2414,0.40971,1.4015,1.1952,0,3.7506321512646372,0.99179,0.8528005708169819,0.12639908681433948,1.1952,0.40971,2.712014725568942,low,No
2.2504,3.5757,0.35273,0.2836,0,4.249091439696255,-3.22297,0.8040144019505004,1.5889175257731958,0.2836,3.5757,7.935119887165021,low,No
-1.3971,3.3191,-1.3927,-1.9948,1,4.345935290590508,-4.7118,1.4323256982839088,-2.375706821272636,1.9948,3.3191,0.7003709645077201,low,Sí
0.39012,-0.14279,-0.031994,0.35084,1,0.5446970902584298,0.110796,-10.965806088641619,-0.36601558494822106,0.35084,0.14279,1.1119598677459812,low,Sí
-1.6677,-7.1535,7.8929,0.96765,1,10.825340755491258,15.0464,0.1225975243573338,4.289440546860947,0.96765,7.1535,-1.7234537281041697,medium,Sí
-3.8483,-12.8047,15.6824,-1.281,1,20.648205387878143,28.487099999999998,-0.08168392592970464,3.3273653301457786,1.281,12.8047,3.004137392661983,high,Sí
-3.5681,-8.213,10.083,0.96765,1,13.519909102227722,18.296,0.09596846176733115,2.301785263865923,0.96765,8.213,-3.687386968428667,medium,Sí
-2.2804,-0.30626,1.3347,1.3763,1,2.994936581565627,1.64096,1.0311680527459355,0.13430099982459215,1.3763,0.30626,-1.6569061977766475,low,Sí
-1.7582,2.7397,-2.5323,-2.234,1,4.690471470971762,-5.272,0.8822019507957192,-1.5582413832328519,2.234,2.7397,0.787018800358102,low,Sí
-0.89409,3.1991,-1.8219,-2.9452,1,4.798662354042009,-5.021,1.6165541467698554,-3.578051426590164,2.9452,3.1991,0.30357530897731905,low,Sí
0.3434,0.12415,-0.28733,0.14654,1,0.48720558596961916,-0.41147999999999996,-0.5100059165419553,0.36153174140943506,0.14654,0.12415,2.34338747099768,low,Sí
-0.9854,-6.661,5.8245,0.5461,1,8.919807151502772,12.485499999999998,0.09375912095458838,6.759691495839252,0.5461,6.661,-1.804431422816334,medium,Sí
-2.4115,-9.1359,9.3444,-0.65259,1,13.305024845076389,18.4803,-0.06983754976242455,3.788471905453037,0.65259,9.1359,3.6952757474064883,medium,Sí
-1.5252,-6.2534,5.3524,0.59912,1,8.39275742139614,11.6058,0.11193483297212464,4.100052452137425,0.59912,6.2534,-2.5457337428228066,medium,Sí
-0.61442,-0.091058,-0.31818,0.50214,1,0.8597596104516657,-0.22712200000000002,-1.5781633037903073,0.14820155593893428,0.50214,0.091058,-1.223602979248815,low,Sí
-0.36506,2.8928,-3.6461,-3.0603,1,5.582207622760014,-6.5389,0.8393351800554015,-7.924176847641483,3.0603,2.8928,0.11928895859883018,low,Sí
-5.9034,6.5679,0.67661,-6.6797,1,11.09340502966064,-5.89129,-9.872304577230606,-1.1125622522614085,6.6797,6.5679,0.8837822057876851,low,Sí
-1.8215,2.7521,-0.72261,-2.353,1,4.117121673220261,-3.47471,3.256251643348418,-1.5108976118583586,2.353,2.7521,0.7741181470463238,low,Sí
-0.77461,-1.8768,2.4023,1.1319,1,3.3428493522891514,4.2791,0.47117345876868,2.422896683492338,1.1319,1.8768,-0.6843449067938865,low,Sí
-1.8187,-9.0366,9.0162,-0.12243,1,12.894753227375078,18.052799999999998,-0.01357889132894124,4.968713916533788,0.12243,9.0366,14.855019194641836,medium,Sí
-3.5801,-12.9309,13.1779,-2.5677,1,18.980922594015286,26.1088,-0.1948489516539054,3.6118823496550374,2.5677,12.9309,1.3942828212018539,high,Sí
-1.8219,-6.8824,5.4681,0.057313,1,8.977201777835285,12.3505,0.010481337210365576,3.7775948185959707,0.057313,6.8824,-31.78859944515206,medium,Sí
-0.3481,-0.38696,-0.47841,0.62627,1,0.9444585181997143,-0.09144999999999998,-1.3090654459563973,1.1116345877621374,0.62627,0.38696,-0.5558305523176905,low,Sí
0.47368,3.3605,-4.5064,-4.0431,1,6.940578618703198,-7.8669,0.897190662169359,7.0944519506840065,4.0431,3.3605,-0.11715762657366872,low,Sí
-3.4083,4.8587,-0.76888,-4.8668,1,7.713649802421679,-5.62758,6.3297263552179786,-1.4255493941261037,4.8668,4.8587,0.700316429686858,low,Sí
-1.6662,-0.30005,1.4238,0.024986,1,2.212257485623226,1.7238499999999999,0.0175488130355387,0.18008042251830514,0.024986,0.30005,-66.68534379252381,low,Sí
-2.0962,-7.1059,6.6188,-0.33708,1,9.940322208882366,13.7247,-0.050927660603130476,3.389896002289858,0.33708,7.1059,6.2187017918595,medium,Sí
-2.6685,-10.4519,9.1139,-1.7323,1,14.227689283928013,19.5658,-0.19007230713525494,3.9167697208169385,1.7323,10.4519,1.540437568550482,medium,Sí
-0.47465,-4.3496,1.9901,0.7517,1,4.865168412552642,6.3397,0.37771971257725745,9.163804908880227,0.7517,4.3496,-0.6314354130637222,low,Sí
1.0552,1.1857,-2.6411,0.11033,1,3.0833283070247317,-3.8267999999999995,-0.041774260724698045,1.1236732373009857,0.11033,1.1857,9.564035167225596,low,Sí
1.1644,3.8095,-4.9408,-4.0909,1,7.550833401684876,-8.7503,0.8279833225388601,3.271642047406389,4.0909,3.8095,-0.28463174362609694,low,Sí
-4.4779,7.3708,-0.31218,-6.7754,1,10.97195436384968,-7.68298,21.70350438849382,-1.6460394381294803,6.7754,7.3708,0.6609056291879446,low,Sí
-2.7338,0.45523,2.4391,0.21766,1,3.6983079209957626,1.9838699999999998,0.08923783362715756,-0.16651913088009365,0.21766,0.45523,-12.559955894514381,low,Sí
-2.286,-5.4484,5.8039,0.88231,1,8.329140694339362,11.2523,0.152020193318286,2.383377077865267,0.88231,5.4484,-2.5909260917364643,medium,Sí
-1.6244,-6.3444,4.6575,0.16981,1,8.038110997373698,11.0019,0.03645947396672034,3.9056882541245996,0.16981,6.3444,-9.56598551322066,medium,Sí
0.50813,0.47799,-1.9804,0.57714,1,2.1775548848651325,-2.45839,-0.2914259745505958,0.9406844705095154,0.57714,0.47799,0.880427625879336,low,Sí
1.6408,4.2503,-4.9023,-2.6621,1,7.202540970379829,-9.1526,0.5430308222670991,2.5903827401267674,2.6621,4.2503,-0.6163555088088352,low,Sí
0.81583,4.84,-5.2613,-6.0823,1,9.421615019140827,-10.1013,1.156045083914622,5.932608509125675,6.0823,4.84,-0.13413182513194022,low,Sí
-5.4901,9.1048,-0.38758,-5.9763,1,12.202662045488271,-9.492379999999999,15.419526291346305,-1.6584033077721716,5.9763,9.1048,0.9186453156635376,low,Sí
-3.2238,2.7935,0.32274,-0.86078,1,4.363671849028064,-2.47076,-2.6671004523765256,-0.8665239779142626,0.86078,2.7935,3.7452078347545252,low,Sí
-2.0631,-1.5147,1.219,0.44524,1,2.869651086386636,2.7337,0.36525020508613615,0.7341864184964374,0.44524,1.5147,-4.633680711526368,low,Sí
-0.91318,-2.0113,-0.19565,0.066365,1,2.2185374998239267,1.8156499999999998,-0.33920265780730896,2.2025230513151843,0.066365,2.0113,-13.759963836359528,low,Sí
0.6005,1.9327,-3.2888,-0.32415,1,3.875204278809054,-5.221500000000001,0.0985617854536609,3.2184845961698585,0.32415,1.9327,-1.8525374055221349,low,Sí
0.91315,3.3377,-4.0557,-1.6741,1,5.587968997095456,-7.3934,0.4127770791725226,3.6551497563379507,1.6741,3.3377,-0.5454572606176453,low,Sí
-0.28015,3.0729,-3.3857,-2.9155,1,5.4299450432301795,-6.458600000000001,0.8611217768851346,-10.968766732107799,2.9155,3.0729,0.09608986451723546,low,Sí
-3.6085,3.3253,-0.51954,-3.5737,1,6.092630453392032,-3.84484,6.8785849020287175,-0.9215186365525841,3.5737,3.3253,1.0097378067549039,low,Sí
-6.2003,8.6806,0.0091344,-3.703,1,11.291980733567666,-8.6714656,-405.39061131546674,-1.4000290308533458,3.703,8.6806,1.674399135835809,low,Sí
-4.2932,3.3419,0.77258,-0.99785,1,5.585019814548557,-2.56932,-1.2915814543477697,-0.7784170315848319,0.99785,3.3419,4.302450268076364,low,Sí
-3.0265,-0.062088,0.68604,-0.055186,1,3.1043926210999793,0.748128,-0.08044137368083494,0.020514786056500908,0.055186,0.062088,54.841807704852684,low,Sí
-1.7015,-0.010356,-0.99337,-0.53104,1,2.0405873995582744,-0.9830139999999999,0.5345842938683472,0.006086394357919483,0.53104,0.010356,3.204090087375716,low,Sí
-0.64326,2.4748,-2.9452,-1.0276,1,4.0334331862075015,-5.42,0.34890669564036403,-3.847277928053975,1.0276,2.4748,0.6259828727131179,low,Sí
-0.86339,1.9348,-2.3729,-1.0897,1,3.362587371667835,-4.3077000000000005,0.459227106072738,-2.2409339927495107,1.0897,1.9348,0.7923189868771222,low,Sí
-2.0659,1.0512,-0.46298,-1.0974,1,2.606070123845481,-1.5141799999999999,2.3702967730787505,-0.508833922261484,1.0974,1.0512,1.8825405503918353,low,Sí
-2.1333,1.5685,-0.084261,-1.7453,1,3.172433316260722,-1.652761,20.71302263205991,-0.7352458632166127,1.7453,1.5685,1.2223113504841576,low,Sí
-1.2568,-1.4733,2.8718,0.44653,1,3.492389355570195,4.3451,0.15548784734312973,1.1722628898790581,0.44653,1.4733,-2.8145925245784156,medium,Sí
-3.1128,-6.841,10.7402,-1.0172,1,13.148208878778888,17.5812,-0.09470959572447442,2.1976998200976614,1.0172,6.841,3.0601651592607153,high,Sí
-4.8554,-5.9037,10.9818,-0.82199,1,13.405378832770822,16.8855,-0.07485020670564024,1.2159039420027185,0.82199,5.9037,5.906884511977032,high,Sí
-2.588,3.8654,-0.3336,-1.2797,1,4.836112303286598,-4.199,3.836031175059952,-1.4935857805255024,1.2797,3.8654,2.022348988044073,low,Sí
0.24394,1.4733,-1.4192,-0.58535,1,2.141700930592318,-2.8925,0.41245067643742955,6.039599901615151,0.58535,1.4733,-0.41674212009908596,low,Sí
-1.5322,-5.0966,6.6779,0.17498,1,8.540956317087684,11.7745,0.02620284820078168,3.3263281555932642,0.17498,5.0966,-8.756429306206424,medium,Sí
-4.0025,-13.4979,17.6772,-3.3202,1,22.841200461884657,31.1751,-0.18782386350779534,3.3723672704559644,3.3202,13.4979,1.205499668694657,high,Sí
-4.0173,-8.3123,12.4547,-1.4375,1,15.569810176106838,20.767000000000003,-0.11541827583161376,2.069126029920594,1.4375,8.3123,2.7946434782608693,high,Sí
-3.0731,-0.53181,2.3877,0.77627,1,4.003807174302979,2.9195100000000003,0.3251120324998953,0.17305326868634277,0.77627,0.53181,-3.9588029938037024,low,Sí
-1.979,3.2301,-1.3575,-2.5819,1,4.781108749024645,-4.5876,1.9019521178637202,-1.6321879737241032,2.5819,3.2301,0.7664897943375034,low,Sí
-0.4294,-0.14693,0.044265,-0.15605,1,0.48195827373850525,0.191195,-3.525358635490794,0.342175128085701,0.15605,0.14693,2.75168215315604,low,Sí
-2.234,-7.0314,7.4936,0.61334,1,10.533829734507767,14.524999999999999,0.08184851072915554,3.147448522829006,0.61334,7.0314,-3.6423517135683308,medium,Sí
-4.211,-12.4736,14.9704,-1.3884,1,19.984087386718464,27.444,-0.09274301287874741,2.9621467584896695,1.3884,12.4736,3.032987611639297,high,Sí
-3.8073,-8.0971,10.1772,0.65084,1,13.566781278018746,18.274299999999997,0.06395079196635617,2.126730228771045,0.65084,8.0971,-5.849824841742978,medium,Sí
-2.5912,-0.10554,1.2798,1.0414,1,3.0737368351243086,1.38534,0.8137208938896703,0.04073016363075023,1.0414,0.10554,-2.4881889763779528,low,Sí
-2.2482,3.0915,-2.3969,-2.6711,1,5.243250929528359,-5.4884,1.1143977637782134,-1.3751000800640512,2.6711,3.0915,0.8416757141252668,low,Sí
-1.4427,3.2922,-1.9702,-3.4392,1,5.3506774159913615,-5.2623999999999995,1.745609582783474,-2.281971303805365,3.4392,3.2922,0.41948709002093515,low,Sí
-0.39416,-0.020702,-0.066267,-0.44699,1,0.5999850446411144,-0.04556500000000001,6.745288001569408,0.0525218185508423,0.44699,0.020702,0.8818094364527171,low,Sí
-1.522,-6.6383,5.7491,-0.10691,1,8.913309791996461,12.3874,-0.018595954149345114,4.3615637319316685,0.10691,6.6383,14.23627350107567,medium,Sí
-2.8267,-9.0407,9.0694,-0.98233,1,13.150797617213186,18.1101,-0.10831256753478731,3.1983231329819217,0.98233,9.0407,2.8775462420978695,medium,Sí
-1.7263,-6.0237,5.2419,0.29524,1,8.174946828426469,11.2656,0.056323088956294474,3.489370329606673,0.29524,6.0237,-5.847107438016529,medium,Sí
-0.94255,0.039307,-0.24192,0.31593,1,1.0238567253522342,-0.281227,-1.3059275793650793,-0.04170282743621028,0.31593,0.039307,-2.983414047415567,low,Sí
-0.89569,3.0025,-3.6067,-3.4457,1,5.890534797970385,-6.6091999999999995,0.9553608561843236,-3.3521642532572655,3.4457,3.0025,0.2599442783759468,low,Sí
-6.2815,6.6651,0.52581,-7.0107,1,11.545873327994725,-6.13929,-13.333143150567695,-1.0610682161904004,7.0107,6.6651,0.8959875618697135,low,Sí
-2.3211,3.166,-1.0002,-2.7151,1,4.876805230886302,-4.1662,2.714557088582284,-1.3640084442721123,2.7151,3.166,0.8548856395712865,low,Sí
-1.3414,-2.0776,2.8093,0.60688,1,3.791601975999063,4.8869,0.21602534439184137,1.5488295810347399,0.60688,2.0776,-2.2103216451357763,medium,Sí
-2.258,-9.3263,9.3727,-0.85949,1,13.441155606572673,18.698999999999998,-0.0917014307510109,4.130336581045173,0.85949,9.3263,2.6271393500796987,medium,Sí
-3.8858,-12.8461,12.7957,-3.1353,1,18.806428991969742,25.6418,-0.24502762646826667,3.305908693190591,3.1353,12.8461,1.239371033074985,high,Sí
-1.8969,-6.7893,5.2761,-0.32544,1,8.811127425227715,12.0654,-0.0616819241485188,3.5791554641783963,0.32544,6.7893,5.82872418879056,medium,Sí
-0.52645,-0.24832,-0.45613,0.41938,1,0.8501450383316954,-0.20780999999999997,-0.9194308640080678,0.47168771963149403,0.41938,0.24832,-1.255305450903715,low,Sí
0.0096613,3.5612,-4.407,-4.4103,1,7.180155560342525,-7.9681999999999995,1.0007488087134107,368.60463912723964,4.4103,3.5612,-0.0021906219531551137,low,Sí
-3.8826,4.898,-0.92311,-5.0801,1,8.107066969138714,-5.82111,5.503244467073263,-1.2615257816926801,5.0801,4.898,0.7642762937737446,low,Sí
-2.1405,-0.16762,1.321,-0.20906,1,2.5295422111520494,1.48862,-0.15825889477668434,0.07830880635365568,0.20906,0.16762,10.238687458145986,low,Sí
-2.4824,-7.3046,6.839,-0.59053,1,10.3266711771461,14.1436,-0.08634741921333527,2.9425555913631967,0.59053,7.3046,4.203681438707602,medium,Sí
-2.9098,-10.0712,8.4156,-1.9948,1,13.59034789400183,18.4868,-0.23703598079756644,3.4611313492336238,1.9948,10.0712,1.4586926007619814,medium,Sí
-0.60975,-4.002,1.8471,0.6017,1,4.490169302208994,5.8491,0.3257538844675437,6.5633456334563345,0.6017,4.002,-1.0133787601794915,low,Sí
0.83625,1.1071,-2.4706,-0.062945,1,2.83422139317397,-3.5777,0.02547761677325346,1.3238863976083706,0.062945,1.1071,-13.285407895782033,low,Sí
0.60731,3.9544,-4.772,-4.4853,1,7.674373256892057,-8.7264,0.9399203688181055,6.511336879023892,4.4853,3.9544,-0.13540008472120038,low,Sí
-4.8861,7.0542,-0.17252,-6.959,1,11.049577141248438,-7.22672,40.33735219105031,-1.4437281267268374,6.959,7.0542,0.7021267423480385,low,Sí
-3.1366,0.42212,2.6225,-0.064238,1,4.110727140670371,2.20038,-0.024494947569113443,-0.13457884333354586,0.064238,0.42212,48.82779663127744,medium,Sí
-2.5754,-5.6574,6.103,0.65214,1,8.7356027553684,11.7604,0.10685564476486975,2.1967073076027024,0.65214,5.6574,-3.94915202257184,medium,Sí
-1.8782,-6.5865,4.8486,-0.021566,1,8.391603216451312,11.4351,-0.004447881862805758,3.506815035672452,0.021566,6.5865,87.09079106000186,medium,Sí
0.24261,0.57318,-1.9402,0.44007,1,2.084570116211014,-2.5133799999999997,-0.22681682300793735,2.362557190552739,0.44007,0.57318,0.5512986570318358,low,Sí
1.296,4.2855,-4.8457,-2.9013,1,7.207182280891749,-9.1312,0.5987370245784923,3.306712962962963,2.9013,4.2855,-0.44669630855133907,low,Sí
0.25943,5.0097,-5.0394,-6.3862,1,9.557379390549482,-10.0491,1.2672540381791484,19.31041128628146,6.3862,5.0097,-0.040623531990855284,low,Sí
-5.873,9.1752,-0.27448,-6.0422,1,12.460334832997065,-9.44968,22.013261439813466,-1.5622680061297463,6.0422,9.1752,0.9719969547515805,low,Sí
-3.4605,2.6901,0.16165,-1.0224,1,4.503679689154192,-2.5284500000000003,-6.324775750077328,-0.7773732119635891,1.0224,2.6901,3.3846830985915495,low,Sí
-2.3797,-1.4402,1.1273,0.16076,1,3.0056275879755967,2.5675,0.1426062272686951,0.6052023364289616,0.16076,1.4402,-14.802811644687736,low,Sí
-1.2424,-1.7175,-0.52553,-0.21036,1,2.1940367181293934,1.19197,0.40028162045934573,1.3824050225370252,0.21036,1.7175,5.906065791975661,low,Sí
0.20216,1.9182,-3.2828,-0.61768,1,3.8572871720938795,-5.201,0.18815645180943097,9.488523941432527,0.61768,1.9182,-0.3272892112420671,low,Sí
0.59823,3.5012,-3.9795,-1.7841,1,5.624563417092921,-7.4807,0.4483226535996985,5.8525984989051025,1.7841,3.5012,-0.3353119219774677,low,Sí
-0.77995,3.2322,-3.282,-3.1004,1,5.607088638723308,-6.514200000000001,0.9446678854357099,-4.1441118020385925,3.1004,3.2322,0.25156431428202813,low,Sí
-4.1409,3.4619,-0.47841,-3.8879,1,6.669066423278449,-3.94031,8.126711398173116,-0.8360259846893187,3.8879,3.4619,1.0650736901669282,low,Sí
-6.5084,8.7696,0.23191,-3.937,1,11.61115437706777,-8.537690000000001,-16.976413263766116,-1.347427939278471,3.937,8.7696,1.6531369062738126,low,Sí
-4.4996,3.4288,0.56265,-1.1672,1,5.803619600085795,-2.8661499999999998,-2.0744690304807607,-0.7620232909591963,1.1672,3.4288,3.8550376970527758,low,Sí
-3.3125,0.10139,0.55323,-0.2957,1,3.3728975829396304,0.45184,-0.5344974061421109,-0.03060830188679245,0.2957,0.10139,11.202231991883664,low,Sí
-1.9423,0.3766,-1.2898,-0.82458,1,2.5015741177106867,-1.6664,0.6393084199100635,-0.19389383720331566,0.82458,0.3766,2.3555021950568773,low,Sí
-0.75793,2.5349,-3.0464,-1.2629,1,4.227959941260087,-5.581300000000001,0.41455488445378147,-3.344504109878221,1.2629,2.5349,0.6001504473830074,low,Sí
-0.95403,1.9824,-2.3163,-1.1957,1,3.411015564447046,-4.2987,0.5162111988947891,-2.0779220779220777,1.1957,1.9824,0.7978840846366145,low,Sí
-2.2173,1.4671,-0.72689,-1.1724,1,2.995278373056501,-2.1939900000000003,1.6128987879871783,-0.6616605781806703,1.1724,1.4671,1.891248720573183,low,Sí
-2.799,1.9679,-0.42357,-2.1125,1,4.04340193462139,-2.39147,4.987369266000897,-0.7030725259021079,2.1125,1.9679,1.3249704142011836,low,Sí
-1.8629,-0.84841,2.5377,0.097399,1,3.261840553016196,3.38611,0.038380817275485674,0.45542433839712276,0.097399,0.84841,-19.12647973798499,medium,Sí
-3.5916,-6.2285,10.2389,-1.1543,1,12.564286072435632,16.467399999999998,-0.1127367197648185,1.7341853213052678,1.1543,6.2285,3.1114961448496925,high,Sí
-5.1216,-5.3118,10.3846,-1.0612,1,12.783272992469495,15.6964,-0.1021897810218978,1.037136832239925,1.0612,5.3118,4.826234451564267,high,Sí
-3.2854,4.0372,-0.45356,-1.8228,1,5.533638361295397,-4.490760000000001,4.018872916482935,-1.2288305837949718,1.8228,4.0372,1.8023919245117404,low,Sí
-0.56877,1.4174,-1.4252,-1.1246,1,2.3724338289823805,-2.8426,0.789082234072411,-2.4920442358070924,1.1246,1.4174,0.5057531566779299,low,Sí
-2.3518,-4.8359,6.6479,-0.060358,1,8.55073736868137,11.483799999999999,-0.00907925811158411,2.0562547835700316,0.060358,4.8359,38.964180390337646,medium,Sí
-4.4861,-13.2889,17.3087,-3.2194,1,22.50945553473029,30.5976,-0.18599894850566476,2.96223891576202,3.2194,13.2889,1.3934584083990809,high,Sí
-4.3876,-7.7267,11.9655,-1.4543,1,14.974682146543211,19.6922,-0.12154109732146587,1.7610310876105388,1.4543,7.7267,3.0169841160695867,high,Sí
-3.3604,-0.32696,2.1324,0.6017,1,4.038361505809008,2.45936,0.28217032451697616,0.0972979407213427,0.6017,0.32696,-5.584842944989197,low,Sí
-1.0112,2.9984,-1.1664,-1.6185,1,3.7407164033110023,-4.1648000000000005,1.3876028806584362,-2.9651898734177213,1.6185,2.9984,0.6247760271856658,low,Sí
0.030219,-1.0512,1.4024,0.77369,1,1.9160523489876262,2.4536,0.551689960068454,-34.78606174923061,0.77369,1.0512,0.03905827915573421,low,Sí
-1.6514,-8.4985,9.1122,1.2379,1,12.629972662678252,17.6107,0.13585083733895217,5.146239554317549,1.2379,8.4985,-1.3340334437353583,medium,Sí
-3.2692,-12.7406,15.5573,-0.14182,1,20.373027590478543,28.2979,-0.009115977708214151,3.8971613850483298,0.14182,12.7406,23.051755746721195,high,Sí
-2.5701,-6.8452,8.9999,2.1353,1,11.790669325784691,15.8451,0.2372581917576862,2.663398311349753,2.1353,6.8452,-1.2036247834028007,medium,Sí
-1.3066,0.25244,0.7623,1.7758,1,2.346379432998849,0.50986,2.329529056801784,-0.19320373488443288,1.7758,0.25244,-0.7357810564252731,low,Sí
-1.6637,3.2881,-2.2701,-2.2224,1,4.865379231879053,-5.558199999999999,0.9789877097925203,-1.9763779527559056,2.2224,3.2881,0.7486051115910727,low,Sí
-0.55008,2.8659,-1.6488,-2.4319,1,4.141092834796148,-4.5146999999999995,1.4749514798641437,-5.209969458987783,2.4319,2.8659,0.2261935112463506,low,Sí
0.21431,-0.69529,0.87711,0.29653,1,1.1775436098930687,1.5724,0.3380761820068179,-3.2443189771825858,0.29653,0.69529,0.7227261997099788,low,Sí
-0.77288,-7.4473,6.492,0.36119,1,9.916458188309978,13.9393,0.05563616759088109,9.635777869785736,0.36119,7.4473,-2.1398156095129988,medium,Sí
-1.8391,-9.0883,9.2416,-0.10432,1,13.09188828711886,18.329900000000002,-0.01128808864265928,4.94171061932467,0.10432,9.0883,17.629409509202453,medium,Sí
-0.63298,-5.1277,4.5624,1.4797,1,7.049750124678179,9.690100000000001,0.32432491671050323,8.100887863755569,1.4797,5.1277,-0.42777590052037573,medium,Sí
0.0040545,0.62905,-0.64121,0.75817,1,1.1754541056418366,-1.27026,-1.182405140281655,155.1486003206314,0.75817,0.62905,0.005347745228642653,low,Sí
-0.28696,3.1784,-3.5767,-3.1896,1,5.757682142286078,-6.7551000000000005,0.8917717449045208,-11.076108168385838,3.1896,3.1784,0.08996739403059945,low,Sí
-5.2406,6.6258,-0.19908,-6.8607,1,10.88457400803541,-6.82488,34.462025316455694,-1.2643208792886311,6.8607,6.6258,0.7638579153730669,low,Sí
-1.4446,2.1438,-0.47241,-1.6677,1,3.1124174042213557,-2.61621,3.530196227852924,-1.48400941437076,1.6677,2.1438,0.8662229417760989,low,Sí
-0.65767,-2.8018,3.7115,0.99739,1,4.801315666668876,6.5133,0.2687296241411828,4.260191281341706,0.99739,2.8018,-0.6593910105375028,medium,Sí
-1.5449,-10.1498,9.6152,-1.2332,1,14.120127808557541,19.765,-0.12825526250104002,6.569875072820248,1.2332,10.1498,1.2527570548167368,medium,Sí
-2.8957,-12.0205,11.9149,-2.7552,1,17.39061435918812,23.9354,-0.23123987612149494,4.1511551611009425,2.7552,12.0205,1.0509944831591174,high,Sí
-0.81479,-5.7381,4.3919,0.3211,1,7.2788436701237105,10.129999999999999,0.07311186502424918,7.042428110310632,0.3211,5.7381,-2.5374961071317346,medium,Sí
0.50225,0.65388,-1.1793,0.39998,1,1.493501458753891,-1.83318,-0.3391673026371576,1.301901443504231,0.39998,0.65388,1.2556877843892194,low,Sí
0.74521,3.6357,-4.4044,-4.1414,1,7.093911879499209,-8.040099999999999,0.9402869857415312,4.878759007528079,4.1414,3.6357,-0.17994156565412664,low,Sí
-2.9146,4.0537,-0.45699,-4.0327,1,6.4341966087538855,-4.51069,8.8244819361474,-1.3908254992108695,4.0327,4.0537,0.7227415875220076,low,Sí
-1.3907,-1.3781,2.3055,-0.021566,1,3.0247316314602193,3.6836,-0.009354153112123183,0.9909398144819156,0.021566,1.3781,64.48576462950942,low,Sí
-1.786,-8.1157,7.0858,-1.2112,1,10.987718123887234,15.2015,-0.17093341612803073,4.544064949608063,1.2112,8.1157,1.474570673712021,medium,Sí
-1.7322,-9.2828,7.719,-1.7168,1,12.316706374676633,17.0018,-0.22241222956341494,5.358965477427549,1.7168,9.2828,1.0089701770736252,medium,Sí
0.55298,-3.4619,1.7048,1.1008,1,4.050758221666655,5.1667000000000005,0.6457062412013139,-6.260443415675069,1.1008,3.4619,0.50234375,low,Sí
2.031,1.852,-3.0121,0.003003,1,4.077697932413459,-4.8641000000000005,-0.0009969788519637462,0.9118660758247169,0.003003,1.852,676.3236763236764,low,Sí
1.2279,4.0309,-4.6435,-3.9125,1,7.390916162425332,-8.6744,0.842575643372456,3.282759182343839,3.9125,4.0309,-0.31384025559105433,low,Sí
-4.2249,6.2699,0.15822,-5.5457,1,9.377699508856104,-6.11168,-35.050562507900395,-1.484035125091718,5.5457,6.2699,0.7618334926159006,low,Sí
-2.5346,-0.77392,3.3602,0.00171,1,4.27949720066505,4.13412,0.0005088982798642938,0.30534206580920065,0.00171,0.77392,-1482.2222222222224,medium,Sí
-1.749,-6.332,6.0987,0.14266,1,8.964804435435276,12.4307,0.02339187039860954,3.620354488279016,0.14266,6.332,-12.259918687789149,medium,Sí
-0.539,-5.167,3.4399,0.052141,1,6.2308940525321885,8.6069,0.015157708072909096,9.586270871985157,0.052141,5.167,-10.337354481118506,medium,Sí
1.5631,0.89599,-1.9702,0.65472,1,2.748895416071699,-2.86619,-0.3323114404628972,0.5732134860213678,0.65472,0.89599,2.3874327956989245,low,Sí
2.3917,4.5565,-4.9888,-2.8987,1,7.731268218733587,-9.545300000000001,0.5810415330339961,1.905130242087218,2.8987,4.5565,-0.8250940076586056,low,Sí
0.89512,4.7738,-4.8431,-5.5909,1,8.848965288348689,-9.6169,1.1544052363155832,5.333139690767718,5.5909,4.7738,-0.1601030245577635,low,Sí
-5.4808,8.1819,0.27818,-5.0323,1,11.062734004413196,-7.903720000000001,-18.090085556114747,-1.4928295139395709,5.0323,8.1819,1.089124257297856,low,Sí
-2.8833,1.7713,0.68946,-0.4638,1,3.4844494703754854,-1.0818400000000001,-0.6727003742059003,-0.6143308015121562,0.4638,1.7713,6.216688227684347,low,Sí
-1.4174,-2.2535,1.518,0.61981,1,3.1266233297440866,3.7714999999999996,0.40830698287220024,1.5898828841540849,0.61981,2.2535,-2.2868298349494203,low,Sí
0.4283,-0.94981,-1.0731,0.3211,1,1.5297806202524595,-0.1232899999999999,-0.2992265399310409,-2.2176278309596076,0.3211,0.94981,1.3338523824353785,low,Sí
1.5904,2.2121,-3.1183,-0.11725,1,4.142499369040387,-5.3304,0.0376006157201039,1.3909079476861166,0.11725,2.2121,-13.564179104477613,low,Sí
1.7425,3.6833,-4.0129,-1.7207,1,5.97220060279291,-7.6962,0.4287921453313065,2.1138020086083213,1.7207,3.6833,-1.0126692625094438,low,Sí
-0.23356,3.2405,-3.0669,-2.7784,1,5.261252008182082,-6.3073999999999995,0.90593107046203,-13.874379174516184,2.7784,3.2405,0.08406276993953354,low,Sí
-3.6227,3.9958,-0.35845,-3.9047,1,6.668248752296212,-4.35425,10.89329055656298,-1.102989482982306,3.9047,3.9958,0.9277793428432402,low,Sí
-6.1536,7.9295,0.61663,-3.2646,1,10.572682201168254,-7.31287,-5.294260739827774,-1.2885952938117524,3.2646,7.9295,1.8849476199228081,low,Sí
-3.9172,2.6652,0.78886,-0.7819,1,4.866355370254005,-1.87634,-0.9911771416981467,-0.6803839477177577,0.7819,2.6652,5.0098478066248875,low,Sí
-2.2214,-0.23798,0.56008,0.05602,1,2.303927144507829,0.79806,0.10002142551064133,0.10713063833618439,0.05602,0.23798,-39.653695108889686,low,Sí
-0.49241,0.89392,-1.6283,-0.56854,1,2.004035727251388,-2.52222,0.3491617023889947,-1.8153977376576431,0.56854,0.89392,0.8660956133253597,low,Sí
0.26517,2.4066,-2.8416,-0.59958,1,3.7810349674791426,-5.248200000000001,0.2110008445945946,9.075687294942867,0.59958,2.4066,-0.44225958170719504,low,Sí
-0.10234,1.8189,-2.2169,-0.56725,1,2.9249425392817545,-4.0358,0.25587532139474045,-17.77310924369748,0.56725,1.8189,0.18041427941824592,low,Sí
-1.6176,1.0926,-0.35502,-0.59958,1,2.072664926320702,-1.4476200000000001,1.688862599290181,-0.6754451038575668,0.59958,1.0926,2.6978885219653757,low,Sí
-1.8448,1.254,0.27218,-1.0728,1,2.490137512749045,-0.98182,-3.9415092953192743,-0.6797484822202949,1.0728,1.254,1.719612229679344,low,Sí
-1.2786,-2.4087,4.5735,0.47627,1,5.346062945093333,6.982200000000001,0.1041368754782989,1.8838573439699673,0.47627,2.4087,-2.6846116698511344,medium,Sí
-2.902,-7.6563,11.8318,-0.84268,1,14.413262452075172,19.4881,-0.0712216230835545,2.6382839421088904,0.84268,7.6563,3.4437746238192437,high,Sí
-4.3773,-5.5167,10.939,-0.4082,1,13.016262229226944,16.4557,-0.037316025230825486,1.2602974436296348,0.4082,5.5167,10.723419892209701,high,Sí
-2.0529,3.8385,-0.79544,-1.2138,1,4.588520011245456,-4.63394,1.52594790304737,-1.86979395002192,1.2138,3.8385,1.6913000494315376,low,Sí
0.18868,0.70148,-0.51182,0.0055892,1,0.8886311295226158,-1.2133,-0.010920245398773004,3.7178291286834857,0.0055892,0.70148,33.75796178343949,low,Sí
-1.7279,-6.841,8.9494,0.68058,1,11.416648759876955,15.790400000000002,0.0760475562607549,3.959141154001968,0.68058,6.841,-2.5388639101942463,medium,Sí
-3.3793,-13.7731,17.9274,-2.0323,1,22.94863538753448,31.700499999999998,-0.1133627854568984,4.075725742017577,2.0323,13.7731,1.6627958470698223,high,Sí
-3.1273,-7.1121,11.3897,-0.083634,1,13.787466498090067,18.5018,-0.0073429502093997215,2.2741981901320627,0.083634,7.1121,37.39268718463783,high,Sí
-2.121,-0.05588,1.949,1.353,1,3.182919033591649,2.00488,0.694202154951257,0.026346063177746345,1.353,0.05588,-1.5676274944567627,low,Sí
-1.7697,3.4329,-1.2144,-2.3789,1,4.695803772518609,-4.6472999999999995,1.9589097496706191,-1.939820308526869,2.3789,3.4329,0.7439152549497667,low,Sí
-0.0012852,0.13863,-0.19651,0.0081754,1,0.24063030961248416,-0.33514,-0.04160297185893848,-107.86647992530345,0.0081754,0.13863,-0.15720331726887982,low,Sí
-1.682,-6.8121,7.1398,1.3323,1,10.09879189507339,13.9519,0.18660186559847616,4.05,1.3323,6.8121,-1.2624784207761015,medium,Sí
-3.4917,-12.1736,14.3689,-0.61639,1,19.163343385017658,26.5425,-0.04289750781201066,3.4864392702694964,0.61639,12.1736,5.664757702104187,high,Sí
-3.1158,-8.6289,10.4403,0.97153,1,13.932331444553709,19.069200000000002,0.09305575510282271,2.7694011168881185,0.97153,8.6289,-3.2071063168404477,high,Sí
-2.0891,-0.48422,1.704,1.7435,1,3.246877895517477,2.18822,1.023180751173709,0.23178402182758123,1.7435,0.48422,-1.1982219673071408,low,Sí
-1.6936,2.7852,-2.1835,-1.9276,1,4.371376672170908,-4.9687,0.8828028394779024,-1.644544166273028,1.9276,2.7852,0.8786055198173895,low,Sí
-1.2846,3.2715,-1.7671,-3.2608,1,5.109634865623962,-5.0386,1.8452832324146908,-2.5467071461933677,3.2608,3.2715,0.39395240431795875,low,Sí
-0.092194,0.39315,-0.32846,-0.13794,1,0.5384979770955505,-0.72161,0.419959812458138,-4.264377291363863,0.13794,0.39315,0.6683630564013339,low,Sí
-1.0292,-6.3879,5.5255,0.79955,1,8.546048765511463,11.9134,0.14470183693783367,6.206665371162068,0.79955,6.3879,-1.2872240635357388,medium,Sí
-2.2083,-9.1069,8.9991,-0.28406,1,12.995257111484943,18.106,-0.031565378760098226,4.123941493456505,0.28406,9.1069,7.774061817925791,medium,Sí
-1.0744,-6.3113,5.355,0.80472,1,8.385132218897922,11.6663,0.15027450980392157,5.874255398361877,0.80472,6.3113,-1.3351227756238195,medium,Sí
-0.51003,-0.23591,0.020273,0.76334,1,0.9480944463127078,0.256183,37.65303605781089,0.4625414191322079,0.76334,0.23591,-0.668155736631121,low,Sí
-0.36372,3.0439,-3.4816,-2.7836,1,5.409952584672069,-6.525499999999999,0.7995174632352942,-8.36880017595953,2.7836,3.0439,0.13066532547779855,low,Sí
-6.3979,6.4479,1.0836,-6.6176,1,11.290498551436954,-5.3643,-6.107050572166852,-1.0078150643179793,6.6176,6.4479,0.9668006528046421,low,Sí
-2.2501,3.3129,-0.88369,-2.8974,1,5.0213634797831554,-4.19659,3.278751598411208,-1.472334562908315,2.8974,3.3129,0.7765928073445157,low,Sí
-1.1859,-1.2519,2.2635,0.77239,1,2.948496393435135,3.5154,0.34123702231058095,1.0556539337212245,0.77239,1.2519,-1.5353642589883347,low,Sí
-1.8076,-8.8131,8.7086,-0.21682,1,12.522973857770365,17.521700000000003,-0.024897228027467102,4.875580880725824,0.21682,8.8131,8.336869292500692,medium,Sí
-3.3863,-12.9889,13.0545,-2.7202,1,18.9208353195624,26.0434,-0.20837259182657322,3.8357204027995158,2.7202,12.9889,1.2448717006102492,high,Sí
-1.4106,-7.108,5.6454,0.31335,1,9.19141913648268,12.7534,0.055505367201615474,5.038990500496242,0.31335,7.108,-4.501675442795596,medium,Sí
-0.21394,-0.68287,0.096532,1.1965,1,1.3975022137814308,0.7794019999999999,12.394853520076243,3.191876226979527,1.1965,0.68287,-0.17880484747179273,low,Sí
0.48797,3.5674,-4.3882,-3.8116,1,6.837327788025085,-7.9556000000000004,0.8686021603390911,7.31069532963092,3.8116,3.5674,-0.12802235281771435,low,Sí
-3.8167,5.1401,-0.65063,-5.4306,1,8.42036594554536,-5.79073,8.346679372300693,-1.3467393297875128,5.4306,5.1401,0.7028136854122933,low,Sí
-1.9555,0.20692,1.2473,-0.3707,1,2.357959269453143,1.04038,-0.29720195622544693,-0.10581436972641267,0.3707,0.20692,5.275155111950364,low,Sí
-2.1786,-6.4479,6.0344,-0.20777,1,9.098289075584486,12.482299999999999,-0.0344309293384595,2.9596529881575324,0.20777,6.4479,10.485633152043123,medium,Sí
-2.3299,-9.9532,8.4756,-1.8733,1,13.41043148075408,18.428800000000003,-0.2210227004577847,4.271943001845574,1.8733,9.9532,1.2437409918325948,medium,Sí
0.0031201,-4.0061,1.7956,0.91722,1,4.484898976947419,5.8017,0.5108153263533081,-1283.9652575237974,0.91722,4.0061,0.003401692069514402,low,Sí
1.3518,1.0595,-2.3437,0.39998,1,2.9330559456648624,-3.4032,-0.17066177411784783,0.7837697884302413,0.39998,1.0595,3.379668983449172,low,Sí
1.2309,3.8923,-4.8277,-4.0069,1,7.485121842695682,-8.72,0.8299811504443109,3.162157770736859,4.0069,3.8923,-0.3071950884723852,low,Sí
-5.0301,7.5032,-0.13396,-7.5034,1,11.743886626309026,-7.63716,56.01224246043596,-1.4916602055625137,7.5034,7.5032,0.6703760961697364,low,Sí
-3.0799,0.60836,2.7039,-0.23751,1,4.150105072127693,2.0955399999999997,-0.08783978697437035,-0.19752589369784734,0.23751,0.60836,12.96745400193676,medium,Sí
-2.2987,-5.227,5.63,0.91722,1,8.071167401212788,10.857,0.16291651865008883,2.2738939400530733,0.91722,5.227,-2.5061599180131267,medium,Sí
-1.239,-6.541,4.8151,-0.033204,1,8.216209132904057,11.356100000000001,-0.006895806940665821,5.2792574656981435,0.033204,6.541,37.314781351644385,medium,Sí
0.75896,0.29176,-1.6506,0.83834,1,2.0219887474464344,-1.94236,-0.5079001575184781,0.38442078633920107,0.83834,0.29176,0.9053128802156643,low,Sí
1.6799,4.2068,-4.5398,-2.3931,1,6.845140020481685,-8.7466,0.5271377593726596,2.504196678373713,2.3931,4.2068,-0.7019765158163052,low,Sí
0.63655,5.2022,-5.2159,-6.1211,1,9.599039470827277,-10.4181,1.1735462719760732,8.172492341528553,6.1211,5.2022,-0.10399274640179051,low,Sí
-6.0598,9.2952,-0.43642,-6.3694,1,12.80162637544152,-9.73162,14.594656523532377,-1.5339120102973693,6.3694,9.2952,0.9513925958489026,low,Sí
-3.518,2.8763,0.1548,-1.2086,1,4.704689436083959,-2.7215000000000003,-7.807493540051679,-0.8175952245594088,1.2086,2.8763,2.9108058911136854,low,Sí
-2.0336,-1.4092,1.1582,0.36507,1,2.756098137748364,2.5674,0.3152046278708341,0.6929583005507475,0.36507,1.4092,-5.570438546032268,low,Sí
-0.69745,-1.7672,-0.34474,-0.12372,1,1.9348345274208851,1.42246,0.35887915530544756,2.5338017062154994,0.12372,1.7672,5.637326220497899,low,Sí
0.75108,1.9161,-3.1098,-0.20518,1,3.734771110630476,-5.0259,0.06597851951894013,2.5511263780156574,0.20518,1.9161,-3.6605907008480356,low,Sí
0.84546,3.4826,-3.6307,-1.3961,1,5.289081496025562,-7.113300000000001,0.3845263998677941,4.119177725735103,1.3961,3.4826,-0.6055869923357926,low,Sí
-0.55648,3.2136,-3.3085,-2.7965,1,5.4224975288514425,-6.5221,0.8452470908266586,-5.774870615296147,2.7965,3.2136,0.19899159663865545,low,Sí
-3.6817,3.2239,-0.69347,-3.4004,1,5.999338871984145,-3.91737,4.90345653020318,-0.8756552679468723,3.4004,3.2239,1.0827255616986238,low,Sí
-6.7526,8.8172,-0.061983,-3.725,1,11.714097894942189,-8.879183,60.09712340480454,-1.305748896721263,3.725,8.8172,1.812778523489933,low,Sí
-4.577,3.4515,0.66719,-0.94742,1,5.8484637643145225,-2.7843099999999996,-1.420015287998921,-0.7540965698055494,0.94742,3.4515,4.831014755863292,low,Sí
-2.9883,0.31245,0.45041,0.068951,1,3.038944767678577,0.13795999999999997,0.1530849670300393,-0.10455777532376268,0.068951,0.31245,-43.339472959057886,low,Sí
-1.4781,0.14277,-1.1622,-0.48579,1,1.9472708201480349,-1.30497,0.4179917398038204,-0.0965902171706921,0.48579,0.14277,3.0426727598344963,low,Sí
-0.46651,2.3383,-2.9812,-1.0431,1,3.9573841764605064,-5.3195,0.3498926606735543,-5.012325566440162,1.0431,2.3383,0.4472342057329115,low,Sí
-0.8734,1.6533,-2.1964,-0.78061,1,2.9882692954451078,-3.8497000000000003,0.35540429794208706,-1.8929471032745593,0.78061,1.6533,1.1188685771383917,low,Sí
-2.1234,1.1815,-0.55552,-0.81165,1,2.6214782095031803,-1.73702,1.461063508064516,-0.5564189507393802,0.81165,1.1815,2.616152282387729,low,Sí
-2.3142,2.0838,-0.46813,-1.6767,1,3.567662072968795,-2.55193,3.581697391750155,-0.9004407570650765,1.6767,2.0838,1.3802111290033996,low,Sí
-1.4233,-0.98912,2.3586,0.39481,1,2.9534742525541,3.34772,0.16739167302637156,0.694948359446357,0.39481,0.98912,-3.605025201995897,low,Sí
-3.0866,-6.6362,10.5405,-0.89182,1,12.863270702368041,17.1767,-0.08460888952136995,2.150003239810795,0.89182,6.6362,3.461012311901505,high,Sí
-4.7331,-6.1789,11.388,-1.0741,1,13.83550778359797,17.5669,-0.09431858096241659,1.3054657623967376,1.0741,6.1789,4.406572944790988,high,Sí
-2.8829,3.8964,-0.1888,-1.1672,1,4.9890927682295105,-4.0851999999999995,6.182203389830509,-1.351555725137882,1.1672,3.8964,2.469928032899246,low,Sí
-0.036127,1.525,-1.4089,-0.76121,1,2.211644192502266,-2.9339,0.5402867485272198,-42.21219586458881,0.76121,1.525,0.0474599650556351,low,Sí
-1.7104,-4.778,6.2109,0.3974,1,8.030439448124865,10.9889,0.06398428569128467,2.7934985968194574,0.3974,4.778,-4.303975842979366,medium,Sí
-3.8203,-13.0551,16.9583,-2.3052,1,21.861569340511675,30.0134,-0.13593343672419994,3.4172970709106614,2.3052,13.0551,1.657253166753427,high,Sí
-3.7181,-8.5089,12.363,-0.95518,1,15.491345475858449,20.8719,-0.07726118256086711,2.288507571071246,0.95518,8.5089,3.892564752193304,high,Sí
-2.899,-0.60424,2.6045,1.3776,1,4.177380637145722,3.2087399999999997,0.5289306968708005,0.2084304932735426,1.3776,0.60424,-2.10438443670151,medium,Sí
-0.98193,2.7956,-1.2341,-1.5668,1,3.571754601718881,-4.0297,1.2695891742970586,-2.847046123450755,1.5668,2.7956,0.6267104927240235,low,Sí
-0.17296,-1.1816,1.3818,0.7336,1,1.9681549536558345,2.5633999999999997,0.5309017223910841,6.83163737280296,0.7336,1.1816,-0.23576881134133043,low,Sí
-1.9409,-8.6848,9.155,0.94049,1,12.802007275818115,17.839799999999997,0.10272965592572367,4.474625173888402,0.94049,8.6848,-2.0637114695531054,medium,Sí
-3.5713,-12.4922,14.8881,-0.47027,1,19.76577648393556,27.3803,-0.03158697214553906,3.4979419259093327,0.47027,12.4922,7.594148042613817,high,Sí
-2.9915,-6.6258,8.6521,1.8198,1,11.44643194799148,15.2779,0.21033044000878398,2.214875480528163,1.8198,6.6258,-1.6438619628530606,medium,Sí
-1.8483,0.31038,0.77344,1.4189,1,2.4746788232011037,0.46306,1.834531443938767,-0.16792728453173186,1.4189,0.31038,-1.302628796955388,low,Sí
-2.2677,3.2964,-2.2563,-2.4642,1,5.212666072174583,-5.5527,1.0921420023932988,-1.453631432729197,2.4642,3.2964,0.9202580959337716,low,Sí
-0.50816,2.868,-1.8108,-2.2612,1,4.108001054722357,-4.6788,1.2487298431632428,-5.643891687657431,2.2612,2.868,0.22473023173536172,low,Sí
0.14329,-1.0885,1.0039,0.48791,1,1.5656422491105688,2.0924,0.4860145432812033,-7.5964826575476305,0.48791,1.0885,0.2936812116988789,low,Sí
-0.90784,-7.9026,6.7807,0.34179,1,10.458009998068466,14.6833,0.05040630023448906,8.704837856891082,0.34179,7.9026,-2.6561338833786827,medium,Sí
-2.0042,-9.3676,9.3333,-0.10303,1,13.374971082993039,18.700899999999997,-0.011038967996314273,4.673984632272228,0.10303,9.3676,19.45258662525478,medium,Sí
-0.93587,-5.1008,4.5367,1.3866,1,7.028393824117996,9.6375,0.3056406639187075,5.450329639800399,1.3866,5.1008,-0.6749386989759123,medium,Sí
-0.40804,0.54214,-0.52725,0.6586,1,1.0826628947645707,-1.0693899999999998,-1.2491228070175437,-1.32864425056367,0.6586,0.54214,-0.6195566352869725,low,Sí
-0.8172,3.3812,-3.6684,-3.456,1,6.123840611903612,-7.0496,0.9421000981354268,-4.137542829172785,3.456,3.3812,0.23645833333333335,low,Sí
-4.8392,6.6755,-0.24278,-6.5775,1,10.550004989022518,-6.91828,27.092429359914323,-1.3794635476938337,6.5775,6.6755,0.7357202584568605,low,Sí
-1.2792,2.1376,-0.47584,-1.3974,1,2.895658278457595,-2.6134399999999998,2.936701412239408,-1.67104440275172,1.3974,2.1376,0.9154143409188492,low,Sí
-0.66008,-3.226,3.8058,1.1836,1,5.169894022743599,7.0318000000000005,0.3109990015239897,4.887286389528542,1.1836,3.226,-0.557688408246029,medium,Sí
-1.7713,-10.7665,10.2184,-1.0043,1,14.982634714562057,20.984900000000003,-0.09828348860878415,6.078304070456727,1.0043,10.7665,1.7637160211092304,high,Sí
-3.0061,-12.2377,11.9552,-2.1603,1,17.5040464358959,24.1929,-0.1806996118843683,4.070955723362497,2.1603,12.2377,1.3915196963384715,high,Sí
-1.1022,-5.8395,4.5641,0.68705,1,7.524470187494932,10.4036,0.15053351153568065,5.298040283070223,0.68705,5.8395,-1.6042500545811804,medium,Sí
0.11806,0.39108,-0.98223,0.42843,1,1.1468259535779612,-1.37331,-0.4361809352188387,3.312552939183466,0.42843,0.39108,0.2755642695422823,low,Sí
0.11686,3.735,-4.4379,-4.3741,1,7.265782028082043,-8.1729,0.985623831091282,31.961321239089507,4.3741,3.735,-0.026716353078347545,low,Sí
-2.7264,3.9213,-0.49212,-3.6371,1,6.023332064098741,-4.41342,7.3906770706331795,-1.4382702464788732,3.6371,3.9213,0.7496082043386214,low,Sí
-1.2369,-1.6906,2.518,0.51636,1,3.315871170537239,4.2086,0.20506751389992062,1.366804107041798,0.51636,1.6906,-2.3954217987450614,medium,Sí
-1.8439,-8.6475,7.6796,-0.66682,1,11.730308117538943,16.3271,-0.0868300432314183,4.68978794945496,0.66682,8.6475,2.765214000779821,medium,Sí
-1.8554,-9.6035,7.7764,-0.97716,1,12.533832615588896,17.3799,-0.12565711640347718,5.175972836046136,0.97716,9.6035,1.8987678578738383,medium,Sí
0.16358,-3.3584,1.3749,1.3569,1,3.8777746964464037,4.7333,0.986908138773729,-20.53062721604108,1.3569,3.3584,0.12055420443658339,low,Sí
1.5077,1.9596,-3.0584,-0.12243,1,3.934716141591411,-5.018,0.0400307350248496,1.2997280626119254,0.12243,1.9596,-12.31479212611288,low,Sí
0.67886,4.1199,-4.569,-4.1414,1,7.447239882641085,-8.6889,0.9064127817903261,6.068850720325251,4.1414,4.1199,-0.16392041338677743,low,Sí
-3.9934,5.8333,0.54723,-4.9379,1,8.640425309722897,-5.2860700000000005,-9.023445352045758,-1.4607352131016178,4.9379,5.8333,0.8087243565078271,low,Sí
-2.3898,-0.78427,3.0141,0.76205,1,3.998967677463773,3.7983700000000002,0.2528283733120998,0.3281739057661729,0.76205,0.78427,-3.136014697198347,medium,Sí
-1.7976,-6.7686,6.6753,0.89912,1,9.716653672144542,13.4439,0.1346935718244873,3.765353805073431,0.89912,6.7686,-1.9992881928997241,medium,Sí
-0.70867,-5.5602,4.0483,0.903,1,6.972960569148516,9.6085,0.22305659165575673,7.8459649766463935,0.903,5.5602,-0.7847951273532668,medium,Sí
1.0194,1.1029,-2.3,0.59395,1,2.810398792431423,-3.4029,-0.25823913043478264,1.0819109279968608,0.59395,1.1029,1.7163060863709068,low,Sí
1.7875,4.78,-5.1362,-3.2362,1,7.930769012523313,-9.9162,0.6300767104084732,2.674125874125874,3.2362,4.78,-0.5523453433038749,low,Sí
0.27331,4.8773,-4.9194,-5.8198,1,9.051702715296168,-9.796700000000001,1.1830304508679919,17.845303867403317,5.8198,4.8773,-0.046962094917351115,low,Sí
-5.1661,8.0433,0.044265,-4.4983,1,10.565033193522158,-7.999035,-101.6220490229301,-1.5569385029325797,4.4983,8.0433,1.1484560834092878,low,Sí
-2.7028,1.6327,0.83598,-0.091393,1,3.267728931666303,-0.7967200000000001,-0.10932438575085529,-0.6040772532188842,0.091393,1.6327,29.573380893503877,low,Sí
-1.4904,-2.2183,1.6054,0.89394,1,3.243236798878552,3.8237,0.5568331879905319,1.4883923778851316,0.89394,2.2183,-1.6672259883213638,low,Sí
-0.014902,-1.0243,-0.94024,0.64955,1,1.5347244116465992,0.08406000000000002,-0.6908342550838084,68.73574016910482,0.64955,1.0243,-0.022942036794704027,low,Sí
0.88992,2.2638,-3.1046,-0.11855,1,3.945800718346024,-5.368399999999999,0.0381852734651807,2.5438241639697945,0.11855,2.2638,-7.50670603121046,low,Sí
1.0637,3.6957,-4.1594,-1.9379,1,5.987129608585403,-7.8551,0.46590854450161084,3.4743818745886994,1.9379,3.6957,-0.548893131740544,low,Sí
-0.8471,3.1329,-3.0112,-2.9388,1,5.313803882342667,-6.1441,0.9759564293304994,-3.698382717506788,2.9388,3.1329,0.2882469034980264,low,Sí
-3.9594,4.0289,-0.35845,-3.8957,1,6.871233401835511,-4.3873500000000005,10.868182452224858,-1.0175531646209022,3.8957,4.0289,1.0163513617578355,low,Sí
-5.8818,7.6584,0.5558,-2.9155,1,10.102262899469604,-7.102600000000001,-5.245591939546601,-1.3020503927369174,2.9155,7.6584,2.0174241125021437,low,Sí
-3.7747,2.5162,0.83341,-0.30993,1,4.62279691993927,-1.68279,-0.3718817868756074,-0.6665960208758311,0.30993,2.5162,12.179201755235054,low,Sí
-2.4198,-0.24418,0.70146,0.41809,1,2.565521641323651,0.94564,0.5960282838650814,0.10090916604678073,0.41809,0.24418,-5.787749049247769,low,Sí
-0.83535,0.80494,-1.6411,-0.19225,1,2.0188876389239696,-2.44604,0.11714703552495277,-0.9635960974441851,0.19225,0.80494,4.345123537061118,low,Sí
-0.30432,2.6528,-2.7756,-0.65647,1,3.907027863133305,-5.4284,0.23651462746793486,-8.717139852786541,0.65647,2.6528,0.4635703078586988,low,Sí
-0.60254,1.7237,-2.1501,-0.77027,1,2.924113887060489,-3.8738,0.3582484535602995,-2.86072293955588,0.77027,1.7237,0.782245186752697,low,Sí
-2.1059,1.1815,-0.53324,-0.82716,1,2.6075459004972474,-1.71474,1.5511964593803915,-0.5610427845576713,0.82716,1.1815,2.5459403259345232,low,Sí
-2.0441,1.2271,0.18564,-1.091,1,2.6284715006254107,-1.04146,-5.876966171083818,-0.600313096228169,1.091,1.2271,1.8736021998166819,low,Sí
-1.5621,-2.2121,4.2591,0.27972,1,5.054870810258161,6.4712,0.06567584700993168,1.416106523269957,0.27972,2.2121,-5.584513084513084,medium,Sí
-3.2305,-7.2135,11.6433,-0.94613,1,14.104336544726236,18.8568,-0.08125960853022769,2.2329360780065004,0.94613,7.2135,3.41443564837813,high,Sí
-4.8426,-4.9932,10.4052,-0.53104,1,12.52729066963803,15.3984,-0.0510360204513128,1.0310989964068888,0.53104,4.9932,9.119087074420007,high,Sí
-2.3147,3.6668,-0.6969,-1.2474,1,4.565625335044477,-4.3637,1.7899268187688335,-1.5841361731541883,1.2474,3.6668,1.8556196889530223,low,Sí
-0.11716,0.60422,-0.38587,-0.059065,1,0.72882961323275,-0.9900899999999999,0.15306968668204318,-5.157220894503244,0.059065,0.60422,1.9835774147126048,low,Sí
-2.0066,-6.719,9.0162,0.099985,1,11.422489395934013,15.735199999999999,0.011089483374370579,3.3484501146217482,0.099985,6.719,-20.069010351552734,medium,Sí
-3.6961,-13.6779,17.5795,-2.6181,1,22.729702406322875,31.257399999999997,-0.14892915043089963,3.700630394199291,2.6181,13.6779,1.4117489782666819,high,Sí
-3.6012,-6.5389,10.5234,-0.48967,1,12.911528914845832,17.0623,-0.04653153923636847,1.8157558591580585,0.48967,6.5389,7.354340678416076,high,Sí
-2.6286,0.18002,1.7956,0.97282,1,3.333542151045941,1.61558,0.5417799064379595,-0.06848512516168304,0.97282,0.18002,-2.702041487633889,low,Sí
-0.82601,2.9611,-1.2864,-1.4647,1,3.640134170617891,-4.2475000000000005,1.1386038557213929,-3.5848234282877933,1.4647,2.9611,0.5639448351198199,low,Sí
0.31803,-0.99326,1.0947,0.88619,1,1.7525436698125385,2.08796,0.8095277244907281,-3.1231644813382387,0.88619,0.99326,0.3588733792978932,low,Sí
-1.4454,-8.4385,8.8483,0.96894,1,12.350251860735472,17.2868,0.10950578077144763,5.838176283381762,0.96894,8.4385,-1.491733234255991,medium,Sí
-3.1423,-13.0365,15.6773,-0.66165,1,20.640733939288594,28.7138,-0.042204333654392016,4.148712726346943,0.66165,13.0365,4.749187636968186,high,Sí
-2.5373,-6.959,8.8054,1.5289,1,11.607677487766448,15.7644,0.17363208939968652,2.742679225948843,1.5289,6.959,-1.6595591601805222,medium,Sí
-1.366,0.18416,0.90539,1.5806,1,2.2842719447780295,0.72123,1.745767017528358,-0.13481698389458271,1.5806,0.18416,-0.8642287738833355,low,Sí
-1.7064,3.3088,-2.2829,-2.1978,1,4.8889585445164085,-5.5917,0.9627228525121555,-1.9390529770276608,2.1978,3.3088,0.7764127764127764,low,Sí
-0.41965,2.9094,-1.7859,-2.2069,1,4.08663197541692,-4.6953000000000005,1.235735483509715,-6.932920290718456,2.2069,2.9094,0.19015360913498572,low,Sí
0.37637,-0.82358,0.78543,0.74524,1,1.411460709973891,1.60901,0.9488305768814536,-2.18821903977469,0.74524,0.82358,0.5050319360206108,low,Sí
-0.55355,-7.9233,6.7156,0.74394,1,10.427743311766934,14.6389,0.11077789028530585,14.313612139824768,0.74394,7.9233,-0.7440788235610398,medium,Sí
-1.6001,-9.5828,9.4044,0.081882,1,13.521827534469,18.9872,0.008706775551869337,5.988875695269046,0.081882,9.5828,-19.541535380181237,medium,Sí
-0.37013,-5.554,4.7749,1.547,1,7.495117826085191,10.3289,0.3239858426354479,15.005538594547861,1.547,5.554,-0.23925662572721398,medium,Sí
0.12126,0.22347,-0.47327,0.97024,1,1.1090504853251721,-0.69674,-2.0500771229953303,1.8428995546759028,0.97024,0.22347,0.12497938654353563,low,Sí
-0.27068,3.2674,-3.5562,-3.0888,1,5.739025553384477,-6.8236,0.8685675721275519,-12.071080242352593,3.0888,3.2674,0.08763273763273763,low,Sí
-5.119,6.6486,-0.049987,-6.5206,1,10.626794719959966,-6.698587,130.4459159381439,-1.2988083610080094,6.5206,6.6486,0.7850504554795571,low,Sí
-1.3946,2.3134,-0.44499,-1.4905,1,3.1171036348026675,-2.7583900000000003,3.3495134722128586,-1.6588269037716907,1.4905,2.3134,0.935659174773566,low,Sí
-0.69879,-3.3771,4.1211,1.5043,1,5.580277374297805,7.498200000000001,0.36502390138555235,4.832782380972824,1.5043,3.3771,-0.46452835205743537,medium,Sí
-1.48,-10.5244,9.9176,-0.5026,1,14.545266992393092,20.442,-0.05067758328627894,7.111081081081081,0.5026,10.5244,2.9446876243533624,medium,Sí
-2.6649,-12.813,12.6689,-1.9082,1,18.31439093882185,25.481900000000003,-0.1506208115937453,4.808060339975234,1.9082,12.813,1.396551724137931,high,Sí
-0.62684,-6.301,4.7843,1.106,1,8.013007667262025,11.0853,0.23117279434818053,10.052006891710805,1.106,6.301,-0.566763110307414,medium,Sí
0.518,0.25865,-0.84085,0.96118,1,1.4021838457919846,-1.0995,-1.1431051911755963,0.4993243243243243,0.96118,0.25865,0.5389209097151418,low,Sí
0.64376,3.764,-4.4738,-4.0483,1,7.1404301178290375,-8.2378,0.9048906969466673,5.8468994656393685,4.0483,3.764,-0.1590198354865005,low,Sí
-2.9821,4.1986,-0.5898,-3.9642,1,6.5256346856072165,-4.7884,6.721261444557477,-1.4079340062372154,3.9642,4.1986,0.7522577064729328,low,Sí
-1.4628,-1.5706,2.4357,0.49826,1,3.284427761056711,4.0063,0.2045654226711007,1.0736942849330051,0.49826,1.5706,-2.9358166419138607,low,Sí
-1.7101,-8.7903,7.9735,-0.45475,1,11.999054792461777,16.7638,-0.05703267072176585,5.140225717794281,0.45475,8.7903,3.760527762506872,medium,Sí
-1.5572,-9.8808,8.1088,-1.0806,1,12.92189669824055,17.989600000000003,-0.13326262825572216,6.34523503724634,1.0806,9.8808,1.4410512678141771,medium,Sí
0.74428,-3.7723,1.6131,1.5754,1,4.457373304806318,5.3854,0.9766288512801438,-5.068388240984575,1.5754,3.7723,0.4724387457153739,low,No
2.0177,1.7982,-2.9581,0.2099,1,4.012362165856916,-4.7562999999999995,-0.07095770934045502,0.8912127670119443,0.2099,1.7982,9.612672701286327,low,Sí
1.164,3.913,-4.5544,-3.8672,1,7.236315374553544,-8.4674,0.8491129457228175,3.361683848797251,3.8672,3.913,-0.30099296648738105,low,Sí
-4.3667,6.0692,0.57208,-5.4668,1,9.279894142521238,-5.497120000000001,-9.556006152985596,-1.3898825199807636,5.4668,6.0692,0.7987671032413843,low,Sí
-2.5919,-1.0553,3.8949,0.77757,1,4.858648455578979,4.9502,0.19963798813833475,0.4071530537443574,0.77757,1.0553,-3.333333333333333,medium,Sí
-1.8046,-6.8141,6.7019,1.1681,1,9.796349380764246,13.516,0.17429385696593502,3.775961431896265,1.1681,6.8141,-1.5449019775704136,medium,Sí
-0.71868,-5.7154,3.8298,1.0233,1,6.992625331905035,9.5452,0.26719410935296883,7.952635387098569,1.0233,5.7154,-0.7023160363529756,medium,Sí
1.4378,0.66837,-2.0267,1.0271,1,2.770637940420942,-2.69507,-0.5067844278876992,0.4648560300459035,1.0271,0.66837,1.3998636938954339,low,Sí
2.1943,4.5503,-4.976,-2.7254,1,7.59661528182124,-9.526299999999999,0.5477090032154341,2.0736909264913637,2.7254,4.5503,-0.8051295222719601,low,Sí
0.7376,4.8525,-4.7986,-5.6659,1,8.900550251529395,-9.6511,1.180740215896303,6.578768980477223,5.6659,4.8525,-0.1301823187843061,low,Sí
-5.637,8.1261,0.13081,-5.0142,1,11.089120032991795,-7.995289999999999,-38.331931809494684,-1.4415646620542841,5.0142,8.1261,1.1242072514060069,low,Sí
-3.0193,1.7775,0.73745,-0.45346,1,3.609035496375728,-1.04005,-0.6149027052681537,-0.5887126155069057,0.45346,1.7775,6.658360164071803,low,Sí
-1.6706,-2.09,1.584,0.71162,1,3.189743466863754,3.674,0.4492550505050505,1.251047527834311,0.71162,2.09,-2.3476012478570025,low,Sí
-0.1269,-1.1505,-0.95138,0.57843,1,1.6060694347692446,0.19912000000000007,-0.6079904980134121,9.066193853427896,0.57843,1.1505,-0.21938696125719623,low,Sí
1.2198,2.0982,-3.1954,0.12843,1,4.014652002963644,-5.2936,-0.040192151217374975,1.7201180521396948,0.12843,2.0982,9.49778089231488,low,Sí
1.4501,3.6067,-4.0557,-1.5966,1,5.840283293642527,-7.6624,0.3936681707226866,2.4872077787738776,1.5966,3.6067,-0.9082425153451084,low,Sí
-0.40857,3.0977,-2.9607,-2.6892,1,5.075452281807011,-6.058400000000001,0.9082987131421623,-7.581809726607436,2.6892,3.0977,0.15192994199018295,low,Sí
-3.8952,3.8157,-0.31304,-3.8194,1,6.664680032199596,-4.1287400000000005,12.200996677740864,-0.9795902649414664,3.8194,3.8157,1.0198460491176624,low,Sí
-6.3679,8.0102,0.4247,-3.2207,1,10.736234583409583,-7.5855,-7.583470685189545,-1.2579029193297633,3.2207,8.0102,1.9771788741577918,low,Sí
-4.1429,2.7749,0.68261,-0.71984,1,5.084074788759504,-2.09229,-1.0545406601133882,-0.6697965193463516,0.71984,2.7749,5.755306734829962,low,Sí
-2.6864,-0.097265,0.61663,0.061192,1,2.7586559151131915,0.7138950000000001,0.09923617079934482,0.03620644729005361,0.061192,0.097265,-43.90116355079095,low,Sí
-1.0555,0.79459,-1.6968,-0.46768,1,2.2007517671241343,-2.49139,0.2756247053276756,-0.7528090952155376,0.46768,0.79459,2.256885049606569,low,Sí
-0.29858,2.4769,-2.9512,-0.66165,1,3.9206562956857107,-5.428100000000001,0.22419693683925182,-8.295599169401836,0.66165,2.4769,0.45126577495654807,low,Sí
-0.49948,1.7734,-2.2469,-0.68104,1,2.9844267325568574,-4.020300000000001,0.30310205171569715,-3.5504925122127013,0.68104,1.7734,0.7334077293551039,low,Sí
-1.9881,0.99945,-0.28562,-0.70044,1,2.3502418791477613,-1.28507,2.4523492752608362,-0.5027161611588954,0.70044,0.99945,2.8383587459311292,low,Sí
-1.9389,1.5706,0.045979,-1.122,1,2.736259424550421,-1.524621,-24.4024445942713,-0.8100469338284594,1.122,1.5706,1.7280748663101604,low,Sí
-1.4375,-1.8624,4.026,0.55127,1,4.695478103761107,5.8884,0.13692747143566816,1.2955826086956521,0.55127,1.8624,-2.6076151432147583,medium,Sí
-3.1875,-7.5756,11.8678,-0.57889,1,14.447479436984848,19.4434,-0.048778206575776466,2.3766588235294117,0.57889,7.5756,5.50622743526404,high,Sí
-4.6765,-5.6636,10.969,-0.33449,1,13.205183140346824,16.6326,-0.03049411979214149,1.2110766598952207,0.33449,5.6636,13.98098597865407,high,Sí
-2.0285,3.8468,-0.63435,-1.175,1,4.549253500575671,-4.4811499999999995,1.8522897454086862,-1.8963766329800342,1.175,3.8468,1.7263829787234044,low,Sí
0.26637,0.73252,-0.67891,0.03533,1,1.0342656932819536,-1.41143,-0.05203929828695998,2.7500093854413032,0.03533,0.73252,7.539484857061987,low,Sí
-1.7589,-6.4624,8.4773,0.31981,1,10.808479851306565,14.939699999999998,0.03772545503875054,3.674114503382796,0.31981,6.4624,-5.4998280228885905,medium,Sí
-3.5985,-13.6593,17.6052,-2.4927,1,22.70863930467874,31.264499999999998,-0.1415888487492332,3.795831596498541,2.4927,13.6593,1.4436153568419785,high,Sí
-3.3582,-7.2404,11.4419,-0.57113,1,13.962240668563911,18.6823,-0.04991566086052142,2.15603597165148,0.57113,7.2404,5.8799222593805265,high,Sí
-2.3629,-0.10554,1.9336,1.1358,1,3.2593382306228973,2.03914,0.5874017376913528,0.044665453468195865,1.1358,0.10554,-2.0803838703997184,low,Sí
-2.1802,3.3791,-1.2256,-2.6621,1,4.975988406336977,-4.6047,2.1720789817232378,-1.5499036785615998,2.6621,3.3791,0.818977498966981,low,Sí
-0.40951,-0.15521,0.060545,-0.088807,1,0.4509334368551527,0.21575499999999997,-1.4667932942439508,0.37901394349344336,0.088807,0.15521,4.611235600797235,low,Sí
-2.2918,-7.257,7.9597,0.9211,1,11.050866280070535,15.2167,0.11572044172519065,3.1665066759752163,0.9211,7.257,-2.488112039952231,medium,Sí
-4.0214,-12.8006,15.6199,-0.95647,1,20.613663652803204,28.420499999999997,-0.06123406679940333,3.1831203063609688,0.95647,12.8006,4.204418329900571,high,Sí
-3.3884,-8.215,10.3315,0.98187,1,13.662775724826195,18.5465,0.09503653874074433,2.4244481171054186,0.98187,8.215,-3.4509660138307514,high,Sí
-2.0046,-0.49457,1.333,1.6543,1,2.962535760948718,1.82757,1.2410352588147038,0.24671754963583759,1.6543,0.49457,-1.2117511938584293,low,Sí
-1.7063,2.7956,-2.378,-2.3491,1,4.679742926700141,-5.1736,0.9878469301934398,-1.6383988747582487,2.3491,2.7956,0.7263632880677706,low,Sí
-1.6386,3.3584,-1.7302,-3.5646,1,5.446450745210131,-5.0886,2.060224251531615,-2.049554497741975,3.5646,3.3584,0.45968692139370476,low,Sí
-0.41645,0.32487,-0.33617,-0.36036,1,0.7223854358304852,-0.6610400000000001,1.0719576404795192,-0.7800936486973226,0.36036,0.32487,1.1556499056499057,low,Sí
-1.5877,-6.6072,5.8022,0.31593,1,8.94098538948029,12.4094,0.05445003619316811,4.161491465642124,0.31593,6.6072,-5.025480327920742,medium,Sí
-2.5961,-9.349,9.7942,-0.28018,1,13.789430397315185,19.1432,-0.028606726429927915,3.6011709872501063,0.28018,9.349,9.265829109857949,medium,Sí
-1.5228,-6.4789,5.7568,0.87325,1,8.84298461225055,12.235700000000001,0.15169017509727625,4.254596795376938,0.87325,6.4789,-1.7438305181792155,medium,Sí
-0.53072,-0.097265,-0.21793,1.0426,1,1.1939985106879323,-0.12066500000000001,-4.784104987840132,0.18326989749773895,1.0426,0.097265,-0.5090351045463265,low,Sí
-0.49081,2.8452,-3.6436,-3.1004,1,5.587876038004064,-6.4888,0.8509166758151279,-5.796947902446975,3.1004,2.8452,0.15830537995097407,low,Sí
-6.5773,6.8017,0.85483,-7.5344,1,12.125259414499139,-5.9468700000000005,-8.813916217259573,-1.0341173429826829,7.5344,6.8017,0.8729693140794225,low,Sí
-2.4621,2.7645,-0.62578,-2.8573,1,4.718067460136618,-3.3902799999999997,4.565981654894691,-1.1228219812355307,2.8573,2.7645,0.861687607181605,low,Sí
-1.3995,-1.9162,2.5154,0.59912,1,3.5095020479264574,4.4315999999999995,0.238180806233601,1.3692032868881743,0.59912,1.9162,-2.335926024836427,medium,Sí
-2.3221,-9.3304,9.233,-0.79871,1,13.35420305499733,18.5634,-0.08650601104733023,4.018087076353301,0.79871,9.3304,2.9073130422806774,medium,Sí
-3.73,-12.9723,12.9817,-2.684,1,18.918822853972706,25.954,-0.2067525824814932,3.477828418230563,2.684,12.9723,1.3897168405365126,high,Sí
-1.6988,-7.1163,5.7902,0.16723,1,9.331775235339736,12.9065,0.02888155849538876,4.189015775841771,0.16723,7.1163,-10.158464390360582,medium,Sí
-0.26654,-0.64562,-0.42014,0.89136,1,1.2078530644080845,0.22547999999999996,-2.1215785214452327,2.422225557139641,0.89136,0.64562,-0.2990262071441393,low,Sí
0.33325,3.3108,-4.5081,-4.012,1,6.891412178392756,-7.818899999999999,0.8899536390053459,9.934883720930232,4.012,3.3108,-0.08306331006979063,low,Sí
-4.2091,4.7283,-0.49126,-5.2159,1,8.21707325619043,-5.2195599999999995,10.61739201237634,-1.12335178541731,5.2159,4.7283,0.806974826971376,low,Sí
-2.3142,-0.68494,1.9833,-0.44829,1,3.155805326331141,2.66824,-0.22603237029193768,0.29597269034655604,0.44829,0.68494,5.162283343371478,low,Sí
-2.4835,-7.4494,6.8964,-0.64484,1,10.47079195646633,14.3458,-0.09350385708485587,2.9995570767062616,0.64484,7.4494,3.8513429687984617,medium,Sí
-2.7611,-10.5099,9.0239,-1.9547,1,14.259498396507501,19.5338,-0.21661365928257187,3.8064177320633084,1.9547,10.5099,1.4125441244180692,medium,Sí
-0.36025,-4.449,2.1067,0.94308,1,5.025033914203963,6.5557,0.44765747377414916,12.34975711311589,0.94308,4.449,-0.3819930440683717,low,Sí
1.0117,0.9022,-2.3506,0.42714,1,2.746865608216026,-3.2528,-0.18171530673019656,0.8917663338934466,0.42714,0.9022,2.3685442711991382,low,Sí
0.96708,3.8426,-4.9314,-4.1323,1,7.556151648584086,-8.774000000000001,0.8379567668410594,3.973404475327791,4.1323,3.8426,-0.23402947511071318,low,Sí
-5.2049,7.259,0.070827,-7.3004,1,11.53624382691043,-7.188173,-103.0736865884479,-1.3946473515341313,7.3004,7.259,0.7129609336474715,low,Sí
-3.3203,-0.02691,2.9618,-0.44958,1,4.472079790712594,2.98871,-0.15179282868525895,0.008104689335301027,0.44958,0.02691,7.385337426042084,medium,Sí
-2.565,-5.7899,6.0122,0.046968,1,8.732177382704958,11.8021,0.007812115365423639,2.257270955165692,0.046968,5.7899,-54.61165048543689,medium,Sí
-1.5951,-6.572,4.7689,-0.94354,1,8.32875758751568,11.340900000000001,-0.1978527543039275,4.120117860949157,0.94354,6.572,1.6905483604298703,medium,Sí
0.7049,0.17174,-1.7859,0.36119,1,1.9611924086381733,-1.95764,-0.20224536648188587,0.24363739537523055,0.36119,0.17174,1.9516044187269856,low,Sí
1.7331,3.9544,-4.7412,-2.5017,1,6.883196590247878,-8.6956,0.5276512275373323,2.281691766199296,2.5017,3.9544,-0.6927689171363474,low,Sí
0.6818,4.8504,-5.2133,-6.1043,1,9.40384000182904,-10.0637,1.1709090211574242,7.114109709592255,6.1043,4.8504,-0.11169175826876135,low,Sí
-6.3364,9.2848,0.014275,-6.7844,1,13.129575893212431,-9.270525000000001,-475.2644483362522,-1.4653115333627929,6.7844,9.2848,0.9339661576557987,low,Sí
-3.8053,2.4273,0.6809,-1.0871,1,4.692281385424365,-1.7464,-1.596563372007637,-0.637873492234515,1.0871,2.4273,3.5004139453592127,low,Sí
-2.1979,-2.1252,1.7151,0.45171,1,3.53452251147167,3.8403,0.2633723981108973,0.9669229719277491,0.45171,2.1252,-4.865732438954197,low,Sí
-0.87874,-2.2121,-0.051701,0.099985,1,2.3829058712475404,2.160399,-1.9339084350399414,2.51735439379111,0.099985,2.2121,-8.78871830774616,low,Sí
0.74067,1.7299,-3.1963,-0.1457,1,3.711968243250473,-4.9262,0.0455839564496449,2.335588048658647,0.1457,1.7299,-5.083527796842828,low,Sí
0.98296,3.4226,-3.9692,-1.7116,1,5.60040394271699,-7.3918,0.43122039705734155,3.481932123382437,1.7116,3.4226,-0.574293059125964,low,Sí
-0.3489,3.1929,-3.4054,-3.1832,1,5.660905671356836,-6.5983,0.9347506900804603,-9.151332760103182,3.1832,3.1929,0.10960668509675799,low,Sí
-3.8552,3.5219,-0.38415,-3.8608,1,6.505358907277907,-3.90605,10.050240791357542,-0.9135453413571281,3.8608,3.5219,0.9985495234148364,low,Sí
-6.9599,8.9931,0.2182,-4.572,1,12.258338013776584,-8.7749,-20.95325389550871,-1.2921306340608343,4.572,8.9931,1.5222878390201224,low,Sí
-4.7462,3.1205,1.075,-1.2966,1,5.924587010923209,-2.0454999999999997,-1.206139534883721,-0.6574733470987316,1.2966,3.1205,3.66049668363412,low,Sí
-3.2051,-0.14279,0.97565,0.045675,1,3.353659810151441,1.11844,0.0468149438835648,0.04455087204767402,0.045675,0.14279,-70.17186644772852,low,Sí
-1.7549,-0.080711,-0.75774,-0.3707,1,1.9487885142110726,-0.677029,0.4892179375511389,0.04599179440423956,0.3707,0.080711,4.734016725114648,low,Sí
-0.59587,2.4811,-2.8673,-0.89828,1,3.941983576234178,-5.3484,0.313284274404492,-4.163827680534345,0.89828,2.4811,0.6633455047423966,low,Sí
-0.89542,2.0279,-2.3652,-1.2746,1,3.483235792535441,-4.3931000000000004,0.5388973448334178,-2.2647472694378057,1.2746,2.0279,0.7025105915581359,low,Sí
-2.0754,1.2767,-0.64206,-1.2642,1,2.819164900036889,-1.9187599999999998,1.9689748621624148,-0.61515852365809,1.2642,1.2767,1.6416706217370671,low,Sí
-3.2778,1.8023,0.1805,-2.3931,1,4.444295893614646,-1.6218,-13.258171745152355,-0.5498505094880712,2.3931,1.8023,1.3696878525761564,low,Sí
-2.2183,-1.254,2.9986,0.36378,1,3.9518740792692273,4.2526,0.12131661442006268,0.5652977505296849,0.36378,1.254,-6.097916323052395,medium,Sí
-3.5895,-6.572,10.5251,-0.16381,1,12.9182141945433,17.0971,-0.015563747612849285,1.8308956679203232,0.16381,6.572,21.91258164947195,high,Sí
-5.0477,-5.8023,11.244,-0.3901,1,13.628120728479036,17.0463,-0.03469405905371754,1.1494938288725558,0.3901,5.8023,12.939502691617534,high,Sí
-3.5741,3.944,-0.07912,-2.1203,1,5.729856793533324,-4.02312,26.798533872598583,-1.1034945860496348,2.1203,3.944,1.6856576899495357,low,Sí
-0.7351,1.7361,-1.4938,-1.1582,1,2.669696780535198,-3.2298999999999998,0.7753380639978578,-2.361719493946402,1.1582,1.7361,0.6346917630806425,low,Sí
-2.2617,-4.7428,6.3489,0.11162,1,8.241991808076492,11.0917,0.01758099828316716,2.097006676393863,0.11162,4.7428,-20.262497760258018,medium,Sí
-4.244,-13.0634,17.1116,-2.8017,1,22.120586181428376,30.174999999999997,-0.16373103625610697,3.07808671065033,2.8017,13.0634,1.514794588999536,high,Sí
-4.0218,-8.304,12.555,-1.5099,1,15.653725251517608,20.859,-0.12026284348864995,2.064747128151574,1.5099,8.304,2.6636201072918735,high,Sí
-3.0201,-0.67253,2.7056,0.85774,1,4.198724791945764,3.37813,0.3170239503252513,0.22268467931525446,0.85774,0.67253,-3.520997038729685,medium,Sí
-2.4941,3.5447,-1.3721,-2.8483,1,5.3647837048663956,-4.9168,2.07586910575031,-1.421234112505513,2.8483,3.5447,0.8756451216515114,low,Sí
-0.83121,0.039307,0.05369,-0.23105,1,0.8652871332390191,0.014383,-4.303408455950829,-0.04728889209706332,0.23105,0.039307,3.5975330015148237,low,Sí
-2.5665,-6.8824,7.5416,0.70774,1,10.551349604557704,14.424,0.09384480746791132,2.68162867718683,0.70774,6.8824,-3.626331703733009,medium,Sí
-4.4018,-12.9371,15.6559,-1.6806,1,20.848885361572687,28.593,-0.10734611232825964,2.93904766231996,1.6806,12.9371,2.61918362489587,high,Sí
-3.7573,-8.2916,10.3032,0.38059,1,13.75386174272884,18.5948,0.03693900923984781,2.206797434327842,0.38059,8.2916,-9.872303528731706,high,Sí
-2.4725,-0.40145,1.4855,1.1189,1,3.119786180573919,1.8869500000000001,0.7532144059239313,0.16236602628918098,1.1189,0.40145,-2.209759585306998,low,Sí
-1.9725,2.8825,-2.3086,-2.3724,1,4.812221755073222,-5.1911000000000005,1.0276357965866758,-1.4613434727503167,2.3724,2.8825,0.8314365199797673,low,Sí
-2.0149,3.6874,-1.9385,-3.8918,1,6.046538700777495,-5.6259,2.0076347691514056,-1.8300660082386222,3.8918,3.6874,0.5177295852818747,low,Sí
-0.82053,0.65181,-0.48869,-0.52716,1,1.270764076727069,-1.1405,1.0787206613599623,-0.7943768052356404,0.52716,0.65181,1.5565103573867518,low,Sí
-1.7886,-6.3486,5.6154,0.42584,1,8.672823576298551,11.964,0.07583431278270471,3.5494800402549482,0.42584,6.3486,-4.200169077587827,medium,Sí
-2.9138,-9.4711,9.7668,-0.60216,1,13.9264117616707,19.2379,-0.06165376581889667,3.2504289930674717,0.60216,9.4711,4.838913245648997,medium,Sí
-1.8343,-6.5907,5.6429,0.54998,1,8.88520013226489,12.2336,0.09746406989314006,3.593032764542332,0.54998,6.5907,-3.3352121895341647,medium,Sí
-0.8734,-0.033118,-0.20165,0.55774,1,1.0562485465192366,-0.168532,-2.7658814778080836,0.03791847950538127,0.55774,0.033118,-1.5659626349194964,low,Sí
-0.70346,2.957,-3.5947,-3.1457,1,5.661801970362439,-6.5517,0.8750938882243303,-4.203508372899667,3.1457,2.957,0.22362590202498647,low,Sí
-6.7387,6.9879,0.67833,-7.5887,1,12.340556040102083,-6.30957,-11.187327701856029,-1.0369804264917566,7.5887,6.9879,0.8879913555681473,low,Sí
-2.7723,3.2777,-0.9351,-3.1457,1,5.403591868377922,-4.2128,3.364025237942466,-1.1823035025069437,3.1457,3.2777,0.8812982801920081,low,Sí
-1.6641,-1.3678,1.997,0.52283,1,2.9835324464299022,3.3648,0.261807711567351,0.821945796526651,0.52283,1.3678,-3.1828701489968054,low,Sí
-2.4349,-9.2497,8.9922,-0.50001,1,13.137555287803739,18.2419,-0.0556048575432041,3.798800772105631,0.50001,9.2497,4.869702605947881,medium,Sí
-3.793,-12.7095,12.7957,-2.825,1,18.64480632079615,25.505200000000002,-0.2207772923716561,3.3507777484840493,2.825,12.7095,1.3426548672566372,high,Sí
-1.9551,-6.9756,5.5383,-0.12889,1,9.119802130095806,12.5139,-0.023272484336348702,3.5678993401872026,0.12889,6.9756,15.16874854527116,medium,Sí
-0.69078,-0.50077,-0.35417,0.47498,1,1.0387444298767623,0.14660000000000006,-1.3411073778129148,0.7249341324300068,0.47498,0.50077,-1.4543349193650257,low,Sí
0.025013,3.3998,-4.4327,-4.2655,1,7.0286972640859275,-7.8325,0.9622803257608231,135.92132091312516,4.2655,3.3998,-0.00586402531942328,low,Sí
-4.3967,4.9601,-0.64892,-5.4719,1,8.619533031226227,-5.60902,8.432318313505515,-1.1281415607159915,5.4719,4.9601,0.803505181015735,low,Sí
-2.456,-0.24418,1.4041,-0.45863,1,2.876351536113067,1.64828,-0.3266362794672744,0.09942182410423453,0.45863,0.24418,5.355079257789503,low,Sí
-2.62,-6.8555,6.2169,-0.62285,1,9.63846813464152,13.0724,-0.10018658817095337,2.6166030534351146,0.62285,6.8555,4.2064702576864414,medium,Sí
-2.9662,-10.3257,8.784,-2.1138,1,14.037279984740634,19.1097,-0.2406420765027322,3.4811206257164042,2.1138,10.3257,1.4032548017787871,medium,Sí
-0.71494,-4.4448,2.2241,0.49826,1,5.046015267634453,6.6689,0.22402769659637606,6.2170252049123,0.49826,4.4448,-1.4348733592903304,low,Sí
0.6005,0.99945,-2.2126,0.097399,1,2.502915475540674,-3.21205,-0.044020157281026845,1.66436303080766,0.097399,0.99945,6.1653610406677695,low,Sí
0.61652,3.8944,-4.7275,-4.3948,1,7.56372735894149,-8.6219,0.9296245372818615,6.316745604359957,4.3948,3.8944,-0.14028397196686992,low,Sí
-5.4414,7.2363,0.10938,-7.5642,1,11.798387909981601,-7.12692,-69.15523861766319,-1.3298599625096483,7.5642,7.2363,0.7193622590624257,low,Sí
-3.5798,0.45937,2.3457,-0.45734,1,4.328678459125833,1.8863299999999998,-0.19496951869378013,-0.1283228113302419,0.45734,0.45937,7.827436917829186,low,Sí
-2.7769,-5.6967,5.9179,0.37671,1,8.679113741281423,11.6146,0.06365602663106845,2.051460261442616,0.37671,5.6967,-7.371452841708476,medium,Sí
-1.8356,-6.7562,5.0585,-0.55044,1,8.65488718838091,11.8147,-0.10881486606701592,3.680649378949662,0.55044,6.7562,3.3347867160816795,medium,Sí
0.30081,0.17381,-1.7542,0.48921,1,1.8539796752661557,-1.92801,-0.2788792612016874,0.5778065888766996,0.48921,0.17381,0.614889311338689,low,Sí
1.3403,4.1323,-4.7018,-2.5987,1,6.9088691049983,-8.8341,0.5527032200433876,3.083115720361113,2.5987,4.1323,-0.5157578789394698,low,Sí
0.26877,4.987,-5.1508,-6.3913,1,9.608426647630715,-10.1378,1.2408363749320495,18.554898240130967,6.3913,4.987,-0.04205247758671945,low,Sí
-6.5235,9.6014,-0.25392,-6.9642,1,13.539109690684981,-9.85532,27.426748582230626,-1.471817276002146,6.9642,9.6014,0.9367192211596451,low,Sí
-4.0679,2.4955,0.79571,-1.1039,1,4.962567911283432,-1.6997899999999997,-1.3873144738661072,-0.613461491187099,1.1039,2.4955,3.6850258175559376,low,Sí
-2.564,-1.7051,1.5026,0.32757,1,3.4418847852448518,3.2077,0.21800212964195395,0.665015600624025,0.32757,1.7051,-7.827334615502031,low,Sí
-1.3414,-1.9162,-0.15538,-0.11984,1,2.3472709622027024,1.7608199999999998,0.7712704337752607,1.4285075294468466,0.11984,1.9162,11.193257676902537,low,Sí
0.23874,2.0879,-3.3522,-0.66553,1,4.012044144635001,-5.440099999999999,0.19853529025714456,8.74549719359973,0.66553,2.0879,-0.3587216203627185,low,Sí
0.6212,3.6771,-4.0771,-2.0711,1,5.900775666808559,-7.754199999999999,0.5079836158053519,5.919349645846748,2.0711,3.6771,-0.29993723142291534,low,Sí
-0.77848,3.4019,-3.4859,-3.5569,1,6.081282030986558,-6.8878,1.020367767291087,-4.36992600965985,3.5569,3.4019,0.21886474176951837,low,Sí
-4.1244,3.7909,-0.6532,-4.1802,1,7.020138207328969,-4.444100000000001,6.399571341090018,-0.9191397536611388,4.1802,3.7909,0.9866513563944308,low,Sí
-7.0421,9.2,0.25933,-4.6832,1,12.499231444328887,-8.940669999999999,-18.058843944009563,-1.306428480140867,4.6832,9.2,1.5036940553467713,low,Sí
-4.9462,3.5716,0.82742,-1.4957,1,6.335847484464884,-2.74418,-1.8076672064973047,-0.7220896850107152,1.4957,3.5716,3.3069465801965636,low,Sí
-3.5359,0.30417,0.6569,-0.2957,1,3.6213346018974826,0.35273000000000004,-0.4501446186634191,-0.08602336038915127,0.2957,0.30417,11.95772742644572,low,Sí
-2.0662,0.16967,-1.0054,-0.82975,1,2.448935395513732,-1.17507,0.8252934155559976,-0.08211692962927113,0.82975,0.16967,2.4901476348297678,low,Sí
-0.88728,2.808,-3.1432,-1.2035,1,4.4721637144004465,-5.9512,0.3828900483583609,-3.1647281579659183,1.2035,2.808,0.7372496884088076,low,Sí
-1.0941,2.3072,-2.5237,-1.4453,1,3.8701654266969,-4.8309,0.572690890359393,-2.108765195137556,1.4453,2.3072,0.7570054659932194,low,Sí
-2.4458,1.6285,-0.88541,-1.4802,1,3.4071825307869843,-2.51391,1.671767881546402,-0.6658353095101807,1.4802,1.6285,1.6523442778002975,low,Sí
-3.551,1.8955,0.1865,-2.4409,1,4.711188418010895,-1.709,-13.087935656836462,-0.5337932976626302,2.4409,1.8955,1.4547912655168176,low,Sí
-2.2811,-0.85669,2.7185,0.044382,1,3.6509652118342624,3.57519,0.016325915026669118,0.37556003682433914,0.044382,0.85669,-51.39696273263936,medium,Sí
-3.6053,-5.974,10.0916,-0.82846,1,12.296893942032678,16.0656,-0.08209401878790282,1.6570049649127674,0.82846,5.974,4.351809381261618,medium,Sí
-5.0676,-5.1877,10.4266,-0.86725,1,12.730236100422491,15.6143,-0.08317668271536262,1.0236995816560108,0.86725,5.1877,5.843297780340156,high,Sí
-3.9204,4.0723,-0.23678,-2.1151,1,6.040105647122408,-4.30908,8.932764591604021,-1.038746046321804,2.1151,4.0723,1.8535293839534774,low,Sí
-1.1306,1.8458,-1.3575,-1.3806,1,2.9041516162211645,-3.2033,1.0170165745856354,-1.6325844684238457,1.3806,1.8458,0.8189193104447342,low,Sí
-2.4561,-4.5566,6.4534,-0.056479,1,8.273124694300275,11.010000000000002,-0.008751820745653454,1.8552176214323521,0.056479,4.5566,43.48695975495317,medium,Sí
-4.4775,-13.0303,17.0834,-3.0345,1,22.15598046013762,30.1137,-0.17762857510799956,2.910173087660525,3.0345,13.0303,1.4755313890261987,high,Sí
-4.1958,-8.1819,12.1291,-1.6017,1,15.304533150344703,20.311,-0.1320543156540881,1.95002145002145,1.6017,8.1819,2.6195916838359246,high,Sí
-3.38,-0.7077,2.5325,0.71808,1,4.342169322631259,3.2402,0.28354590325765056,0.20937869822485208,0.71808,0.7077,-4.7069964349376106,medium,Sí
-2.4365,3.6026,-1.4166,-2.8948,1,5.413121244716398,-5.0192,2.043484399265848,-1.478596347219372,2.8948,3.6026,0.8416816360370319,low,Sí
-0.77688,0.13036,-0.031137,-0.35389,1,0.8641434538715201,-0.161497,11.365577929794135,-0.16779940273916177,0.35389,0.13036,2.1952584136313544,low,Sí
-2.7083,-6.8266,7.5339,0.59007,1,10.537798074782986,14.3605,0.07832198462947478,2.5206217922682126,0.59007,6.8266,-4.589794431169183,medium,Sí
-4.5531,-12.5854,15.4417,-1.4983,1,20.489363449116716,28.0271,-0.09702947214361113,2.7641387186751887,1.4983,12.5854,3.038844023226323,high,Sí
-3.8894,-7.8322,9.8208,0.47498,1,13.158438655114065,17.653,0.04836469534050179,2.013729624106546,0.47498,7.8322,-8.1885553075919,medium,Sí
-2.5084,-0.22763,1.488,1.2069,1,3.164591219557433,1.71563,0.8110887096774194,0.09074708977834477,1.2069,0.22763,-2.0783826331924766,low,Sí
-2.1652,3.0211,-2.4132,-2.4241,1,5.0512306718264215,-5.4343,1.0045168241339302,-1.3952983558100869,2.4241,3.0211,0.8931974753516768,low,Sí
-1.8974,3.5074,-1.7842,-3.8491,1,5.82244982546007,-5.2916,2.157325411949333,-1.8485295667755877,3.8491,3.5074,0.49294640305525966,low,Sí
-0.62043,0.5587,-0.38587,-0.66423,1,1.134537890376518,-0.9445699999999999,1.7213828491460854,-0.9005044888222683,0.66423,0.5587,0.9340589855923401,low,Sí
-1.8387,-6.301,5.6506,0.19567,1,8.663197204202385,11.9516,0.0346281810781156,3.426877685321151,0.19567,6.301,-9.396943834006235,medium,Sí
-3.0,-9.1566,9.5766,-0.73018,1,13.604696025725822,18.733199999999997,-0.07624626694233863,3.0521999999999996,0.73018,9.1566,4.1085759675696405,medium,Sí
-1.9116,-6.1603,5.606,0.48533,1,8.559573111954824,11.766300000000001,0.0865733143061006,3.2225884076166564,0.48533,6.1603,-3.938763315682113,medium,Sí
-1.005,0.084831,-0.2462,0.45688,1,1.134272927015804,-0.331031,-1.8557270511779043,-0.08440895522388062,0.45688,0.084831,-2.199702328839082,low,Sí
-0.87834,3.257,-3.6778,-3.2944,1,5.979867419567093,-6.9348,0.8957528957528957,-3.708131247580664,3.2944,3.257,0.26661607576493446,low,Sí
-6.651,6.7934,0.68604,-7.5887,1,12.183804952952915,-6.10736,-11.06159990671098,-1.0214103142384605,7.5887,6.7934,0.8764346989602961,low,Sí
-2.5463,3.1101,-0.83228,-3.0358,1,5.10540275966549,-3.94238,3.6475705291488443,-1.2214193142991792,3.0358,3.1101,0.8387574939060544,low,Sí
-1.4377,-1.432,2.1144,0.42067,1,2.9606174860829286,3.5463999999999998,0.1989547862277715,0.9960353342143702,0.42067,1.432,-3.4176432833337294,low,Sí
-2.4554,-9.0407,8.862,-0.86983,1,12.924971716754353,17.9027,-0.0981527871812232,3.6819662784067764,0.86983,9.0407,2.822850442040399,medium,Sí
-3.9411,-12.8792,13.0597,-3.3125,1,19.050839409065418,25.9389,-0.2536428861306156,3.2679201238232984,3.3125,12.8792,1.189766037735849,high,Sí
-2.1241,-6.8969,5.5992,-0.47156,1,9.146170777631477,12.496099999999998,-0.08421917416773825,3.2469751894920202,0.47156,6.8969,4.504410891509034,medium,Sí
-0.74324,-0.32902,-0.42785,0.23317,1,0.9476727965917351,-0.09883000000000003,-0.5449807175411943,0.4426833862547763,0.23317,0.32902,-3.1875455676116142,low,Sí
-0.071503,3.7412,-4.5415,-4.2526,1,7.260269907448965,-8.2827,0.9363866563910602,-52.322280184048225,4.2526,3.7412,0.016813949113483516,low,Sí
-4.2333,4.9166,-0.49212,-5.3207,1,8.405106485607424,-5.40872,10.811793871413478,-1.161410719769447,5.3207,4.9166,0.7956283947600878,low,Sí
-2.3675,-0.43663,1.692,-0.43018,1,2.9738225971466425,2.12863,-0.25424349881796693,0.18442661034846886,0.43018,0.43663,5.503510158538287,low,Sí
-2.5526,-7.3625,6.9255,-0.66811,1,10.446582897392812,14.288,-0.09647101292325463,2.8843140327509205,0.66811,7.3625,3.8206283396446694,medium,Sí
-3.0986,-10.4602,8.9717,-2.3427,1,14.317707574189383,19.4319,-0.26112108073163387,3.375782611501969,2.3427,10.4602,1.3226618858581978,medium,Sí
-0.89809,-4.4862,2.2009,0.50731,1,5.1023406721033435,6.6871,0.23050115861692946,4.995267734859535,0.50731,4.4862,-1.7702982397350733,low,Sí
0.56232,1.0015,-2.2726,-0.0060486,1,2.546360810639757,-3.2741000000000002,0.0026615330458505675,1.781014369042538,0.0060486,1.0015,-92.9669675627418,low,Sí
0.53936,3.8944,-4.8166,-4.3418,1,7.583411064263891,-8.711,0.9014242411659676,7.220409374072976,4.3418,3.8944,-0.12422497581648163,low,Sí
-5.3012,7.3915,0.029699,-7.3987,1,11.725128460302725,-7.361801,-249.12286608976734,-1.394306949369954,7.3987,7.3915,0.7165042507467528,low,Sí
-3.3553,0.35591,2.6473,-0.37846,1,4.305361689765449,2.29139,-0.14296075246477544,-0.10607397252108604,0.37846,0.35591,8.865666120593986,medium,Sí
-2.7908,-5.7133,5.953,0.45946,1,8.722366308611443,11.6663,0.07718125314967243,2.047190769671779,0.45946,5.7133,-6.074086971662386,medium,Sí
-1.9983,-6.6072,4.8254,-0.41984,1,8.432617951478651,11.4326,-0.08700625854851411,3.3064104488815493,0.41984,6.6072,4.759670350609756,medium,Sí
0.15423,0.11794,-1.6823,0.59524,1,1.7950322236940484,-1.8002399999999998,-0.3538251203709208,0.764702068339493,0.59524,0.11794,0.25910557086217323,low,Sí
1.208,4.0744,-4.7635,-2.6129,1,6.897693673975382,-8.8379,0.5485252440432455,3.3728476821192053,2.6129,4.0744,-0.4623215584216771,low,Sí
0.2952,4.8856,-5.149,-6.2323,1,9.45039653612482,-10.034600000000001,1.2103903670615654,16.55013550135501,6.2323,4.8856,-0.047366140911060124,low,Sí
-6.4247,9.5311,0.022844,-6.8517,1,13.381515311740147,-9.508256000000001,-299.93433724391525,-1.4835089576166982,6.8517,9.5311,0.9376796999284849,low,Sí
-3.9933,2.6218,0.62863,-1.1595,1,4.955794190329135,-1.9931699999999999,-1.8444872182364824,-0.6565497207823103,1.1595,2.6218,3.4439844760672704,low,Sí
-2.659,-1.6058,1.3647,0.16464,1,3.3968201394245177,2.9705,0.12064189931853155,0.603911244828883,0.16464,1.6058,-16.15038872691934,low,Sí
-1.4094,-2.1252,-0.10397,-0.19225,1,2.5594243929837037,2.02123,1.8490910839665287,1.5078756917837377,0.19225,2.1252,7.331079323797139,low,Sí
0.11032,1.9741,-3.3668,-0.65259,1,3.9585928384338795,-5.3408999999999995,0.19383093738861829,17.894307469180564,0.65259,1.9741,-0.16904947976524312,low,Sí
0.52374,3.644,-4.0746,-1.9909,1,5.84115464250006,-7.7186,0.4886123791292396,6.957650742734946,1.9909,3.644,-0.2630669546436285,low,Sí
-0.76794,3.4598,-3.4405,-3.4276,1,6.012106942961012,-6.9003,0.9962505449789274,-4.505299893220824,3.4276,3.4598,0.2240459796942467,low,Sí
-3.9698,3.6812,-0.60008,-4.0133,1,6.765886370343504,-4.28128,6.687941607785629,-0.9273011234822912,4.0133,3.6812,0.9891610395435179,low,Sí
-7.0364,9.2931,0.16594,-4.5396,1,12.51032121144777,-9.12716,-27.356875979269617,-1.320717980785629,4.5396,9.2931,1.5500044056745088,low,Sí
-4.9447,3.3005,1.063,-1.444,1,6.209546146056087,-2.2375,-1.3584195672624648,-0.6674823548445811,1.444,3.3005,3.424307479224377,low,Sí
-3.5933,0.22968,0.7126,-0.3332,1,3.6855635651010012,0.48292,-0.4675834970530452,-0.06391896028720118,0.3332,0.22968,10.78421368547419,low,Sí
-2.1674,0.12415,-1.0465,-0.86208,1,2.559566400564752,-1.17065,0.823774486383182,-0.05728061271569622,0.86208,0.12415,2.514151818856719,low,Sí
-0.9607,2.6963,-3.1226,-1.3121,1,4.43454793073657,-5.818899999999999,0.4201947095369244,-2.8065993546372434,1.3121,2.6963,0.7321850468714275,low,Sí
-1.0802,2.1996,-2.5862,-1.2759,1,3.784365660186658,-4.7858,0.49334931559817496,-2.0362895760044437,1.2759,2.1996,0.8466180735167333,low,Sí
-2.3277,1.4381,-0.82114,-1.2862,1,3.1328741180583686,-2.25924,1.5663589643666123,-0.6178201658289297,1.2862,1.4381,1.8097496501321724,low,Sí
-3.7244,1.9037,-0.035421,-2.5095,1,4.877916968055217,-1.9391209999999999,70.8478021512662,-0.5111427344001718,2.5095,1.9037,1.4841203426977485,low,Sí
-2.5724,-0.95602,2.7073,-0.16639,1,3.8585457004550303,3.66332,-0.061459756953422234,0.37164515627429634,0.16639,0.95602,15.460063705751546,medium,Sí
-3.9297,-6.0816,10.0958,-1.0147,1,12.465279554827482,16.1774,-0.10050714158362882,1.547599053362852,1.0147,6.0816,3.872770276929142,medium,Sí
-5.2943,-5.1463,10.3332,-1.1181,1,12.74908569388409,15.4795,-0.10820462199512253,0.9720454073248589,1.1181,5.1463,4.735086307128164,high,Sí
-3.8953,4.0392,-0.3019,-2.1836,1,6.028909627785111,-4.3411,7.232858562437894,-1.0369419556901907,2.1836,4.0392,1.7838889906576296,low,Sí
-1.2244,1.7485,-1.4801,-1.4181,1,2.959410622066495,-3.2286,0.9581109384501046,-1.4280463900686051,1.4181,1.7485,0.8634087864043438,low,Sí
-2.6406,-4.4159,5.983,-0.13924,1,7.892313852578342,10.3989,-0.02327260571619589,1.6723093236385669,0.13924,4.4159,18.964378052283827,medium,Sí
-4.6338,-12.7509,16.7166,-3.2168,1,21.76809755238156,29.4675,-0.1924314753000012,2.751715654538392,3.2168,12.7509,1.4404998756528227,high,Sí
-4.2887,-7.8633,11.8387,-1.8978,1,14.965991350725819,19.701999999999998,-0.1603047631919045,1.8334926667754796,1.8978,7.8633,2.2598271683001374,high,Sí
-3.3458,-0.50491,2.6328,0.53705,1,4.320806671282575,3.13771,0.20398435126101488,0.15090860182915894,0.53705,0.50491,-6.229959966483568,medium,Sí
-1.1188,3.3357,-1.3455,-1.9573,1,4.244997228503218,-4.6812000000000005,1.4547008547008549,-2.9814980336074366,1.9573,3.3357,0.5716037398457058,low,Sí
0.55939,-0.3104,0.18307,0.44653,1,0.8013544770574381,0.49347,2.4391216474572563,-0.5548901481971433,0.44653,0.3104,1.2527489754327819,low,Sí
-1.5078,-7.3191,7.8981,1.2289,1,10.9422513437592,15.2172,0.155594383459313,4.8541583764424985,1.2289,7.3191,-1.226950931727561,medium,Sí
-3.506,-12.5667,15.1606,-0.75216,1,20.01558197793909,27.7273,-0.049612812157830165,3.5843411294922993,0.75216,12.5667,4.661242288874707,high,Sí
-2.9498,-8.273,10.2646,1.1629,1,13.559432090246256,18.537599999999998,0.11329228610954153,2.8045969218252083,1.1629,8.273,-2.5365895605813056,high,Sí
-1.6029,-0.38903,1.62,1.9103,1,2.9990463218996806,2.00903,1.1791975308641975,0.24270384927319233,1.9103,0.38903,-0.8390828665654608,low,Sí
-1.2667,2.8183,-2.426,-1.8862,1,4.357817139348552,-5.2443,0.7774938169826875,-2.224915133812268,1.8862,2.8183,0.6715618704273141,low,Sí
-0.49281,3.0605,-1.8356,-2.834,1,4.583721774508135,-4.896100000000001,1.5439093484419264,-6.2103041740224425,2.834,3.0605,0.17389202540578688,low,Sí
0.66365,-0.045533,-0.18794,0.23447,1,0.7299330113709065,-0.142407,-1.247579014579121,-0.06860996006931365,0.23447,0.045533,2.8304260673007207,low,Sí
-0.72068,-6.7583,5.8408,0.62369,1,8.983202792350843,12.5991,0.10678160525955348,9.377671088416497,0.62369,6.7583,-1.1555099488527956,medium,Sí
-1.9966,-9.5001,9.682,-0.12889,1,13.711165092803018,19.1821,-0.013312332162776285,4.758138836021236,0.12889,9.5001,15.490728528202341,medium,Sí
-0.97325,-6.4168,5.6026,1.0323,1,8.635815413294798,12.019400000000001,0.18425373933530861,6.593167223221167,1.0323,6.4168,-0.9427976363460234,medium,Sí
-0.025314,-0.17383,-0.11339,1.2198,1,1.2375891885419814,0.06044000000000001,-10.75756239527295,6.866951094256144,1.2198,0.17383,-0.02075258239055583,low,Sí
0.062525,2.9301,-3.5467,-2.6737,1,5.321385906474459,-6.4768,0.7538556968449546,46.86285485805678,2.6737,2.9301,-0.023385196544114896,low,Sí
-5.525,6.3258,0.89768,-6.6241,1,10.73433280797647,-5.42812,-7.379132875857767,-1.1449411764705881,6.6241,6.3258,0.8340755725306079,low,Sí
-1.2943,2.6735,-0.84085,-2.0323,1,3.695955458673711,-3.5143500000000003,2.4169590295534285,-2.065595302480105,2.0323,2.6735,0.6368646361265561,low,Sí
-0.24037,-1.7837,2.135,1.2418,1,3.056085022851949,3.9187,0.5816393442622951,7.420643175105047,1.2418,1.7837,-0.1935657915928491,low,Sí
-1.3968,-9.6698,9.4652,-0.34872,1,13.607633848630703,19.134999999999998,-0.036842327684570846,6.922823596792669,0.34872,9.6698,4.005505849965589,medium,Sí
-2.9672,-13.2869,13.4727,-2.6271,1,19.33290684687639,26.7596,-0.19499432185085394,4.47792531679698,2.6271,13.2869,1.1294583380914316,high,Sí
-1.1005,-7.2508,6.0139,0.36895,1,9.491486617095342,13.2647,0.06134954023179634,6.588641526578828,0.36895,7.2508,-2.982788995798889,medium,Sí
0.22432,-0.52147,-0.40386,1.2017,1,1.3890414727069886,0.11760999999999999,-2.9755360768583174,-2.3246701141226818,1.2017,0.52147,0.1866688857451943,low,Sí
0.90407,3.3708,-4.4987,-3.6965,1,6.788376031489416,-7.8695,0.821681819192211,3.7284723528045394,3.6965,3.3708,-0.24457459759231706,low,Sí
-2.8619,4.5193,-0.58123,-4.2629,1,6.864742444032405,-5.10053,7.334273867487913,-1.579125755616898,4.2629,4.5193,0.6713504891036618,low,Sí
-1.0833,-0.31247,1.2815,0.41291,1,1.756107430939235,1.59397,0.3222083495903238,0.28844272131450205,0.41291,0.31247,-2.623574144486692,low,Sí
-1.5681,-7.2446,6.5537,-0.1276,1,9.894970046442788,13.798300000000001,-0.01946991775638189,4.6199859702825075,0.1276,7.2446,12.289184952978058,medium,Sí
-2.0545,-10.8679,9.4926,-1.4116,1,14.64357504095226,20.360500000000002,-0.14870530729199588,5.289802871744951,1.4116,10.8679,1.4554406347407198,medium,Sí
0.2346,-4.5152,2.1195,1.4448,1,5.198249271629825,6.6347000000000005,0.6816702052370843,-19.246376811594203,1.4448,4.5152,0.16237541528239202,low,Sí
1.581,0.86909,-2.3138,0.82412,1,3.0475765195479507,-3.18289,-0.35617598755294316,0.549709044908286,0.82412,0.86909,1.9184099402999564,low,Sí
1.5514,3.8013,-4.9143,-3.7483,1,7.42002837123956,-8.7156,0.7627332478684655,2.450238494263246,3.7483,3.8013,-0.4138942987487661,low,Sí
-4.1479,7.1225,-0.083404,-6.4172,1,10.446171199402007,-7.205903999999999,76.94115390149153,-1.717133971407218,6.4172,7.1225,0.6463722495792558,low,Sí
-2.2625,-0.099335,2.8127,0.48662,1,3.643741759047285,2.912035,0.17300814164326092,0.043904972375690604,0.48662,0.099335,-4.649418437384407,medium,Sí
-1.7479,-5.823,5.8699,1.212,1,8.537397344624415,11.692900000000002,0.20647711204620178,3.3314262829681334,1.212,5.823,-1.4421617161716171,medium,Sí
-0.95923,-6.7128,4.9857,0.32886,1,8.423013678161754,11.6985,0.0659606474517119,6.998113069858115,0.32886,6.7128,-2.9168339110867847,medium,Sí
1.3451,0.23589,-1.8785,1.3258,1,2.6742187629474143,-2.11439,-0.7057758850146394,0.17536986097687904,1.3258,0.23589,1.0145572484537637,low,Sí
2.2279,4.0951,-4.8037,-2.1112,1,7.018980093289908,-8.898800000000001,0.43949455627953454,1.8380986579289915,2.1112,4.0951,-1.0552766199317922,low,Sí
1.2572,4.8731,-5.2861,-5.8741,1,9.368861161848862,-10.1592,1.1112351260853939,3.876153356665606,5.8741,4.8731,-0.2140242760593112,low,Sí
-5.3857,9.1214,-0.41929,-5.9181,1,12.141063139778987,-9.54069,14.114574638078656,-1.6936331396104498,5.9181,9.1214,0.9100386948513881,low,Sí
-2.9786,2.3445,0.52667,-0.40173,1,3.848052298475165,-1.81783,-0.762773653331308,-0.7871147518968643,0.40173,2.3445,7.414432579095413,low,Sí
-1.5851,-2.1562,1.7082,0.9017,1,3.3004167282329666,3.8644,0.5278655895094251,1.3602927260109774,0.9017,2.1562,-1.757901741155595,low,Sí
-0.21888,-2.2038,-0.0954,0.56421,1,2.2873733797742775,2.1084,-5.914150943396226,10.068530701754387,0.56421,2.2038,-0.3879406603924071,low,Sí
1.3183,1.9017,-3.3111,0.065071,1,4.040048913694116,-5.2128,-0.019652381383830148,1.4425396343776073,0.065071,1.9017,20.259408953297168,low,Sí
1.4896,3.4288,-4.0309,-1.4259,1,5.6795178686223,-7.4597,0.35374234042025354,2.3018259935553167,1.4259,3.4288,-1.0446735395189004,low,Sí
0.11592,3.2219,-3.4302,-2.8457,1,5.500759728110291,-6.652100000000001,0.8296017724913999,27.794168391994482,2.8457,3.2219,-0.04073514425273219,low,Sí
-3.3924,3.3564,-0.72004,-3.5233,1,5.975441340319558,-4.07644,4.893200377756791,-0.989388043862752,3.5233,3.3564,0.9628473306275367,low,Sí
-6.1632,8.7096,-0.21621,-3.6345,1,11.273797204762023,-8.92581,16.810045788816428,-1.4131619937694704,3.6345,8.7096,1.695749071399092,low,Sí
-4.0786,2.9239,0.87026,-0.65389,1,5.135084592263305,-2.05364,-0.7513731528508721,-0.7168881478938852,0.65389,2.9239,6.237440548104421,low,Sí
-2.5899,-0.3911,0.93452,0.42972,1,2.8139879404148127,1.32562,0.4598296451654325,0.15100969149388008,0.42972,0.3911,-6.026947779949735,low,Sí
-1.0116,-0.19038,-0.90597,0.003003,1,1.3712657522555576,-0.7155900000000001,-0.003314679294016358,0.18819691577698694,0.003003,0.19038,-336.8631368631369,low,Sí
0.066129,2.4914,-2.9401,-0.62156,1,3.904096803133985,-5.4315,0.21140777524573992,37.674847646267146,0.62156,2.4914,-0.10639198146598879,low,Sí
-0.24745,1.9368,-2.4697,-0.80518,1,3.2496397746365675,-4.4065,0.32602340365226545,-7.8270357648009705,0.80518,1.9368,0.3073225862540053,low,Sí
-1.5732,1.0636,-0.71232,-0.8388,1,2.194809427353546,-1.7759200000000002,1.1775606469002695,-0.6760742435799645,0.8388,1.0636,1.8755364806866952,low,Sí
-2.1668,1.5933,0.045122,-1.678,1,3.170385958347027,-1.5481779999999998,-37.18806790479145,-0.7353239800627654,1.678,1.5933,1.2912991656734207,low,Sí
-1.1667,-1.4237,2.9241,0.66119,1,3.5179032968659047,4.3478,0.226117437844123,1.220279420587983,0.66119,1.4237,-1.7645457432810538,medium,Sí
-2.8391,-6.63,10.4849,-0.42113,1,12.7329441723782,17.1149,-0.04016538069032609,2.335247085343947,0.42113,6.63,6.74162372664023,high,Sí
-4.5046,-5.8126,10.8867,-0.52846,1,13.148279232720911,16.6993,-0.0485417987085159,1.290369844159304,0.52846,5.8126,8.524013170344018,high,Sí
-2.41,3.7433,-0.40215,-1.2953,1,4.654022088742167,-4.14545,3.220937461146338,-1.5532365145228215,1.2953,3.7433,1.8605728402686639,low,Sí
0.40614,1.3492,-1.4501,-0.55949,1,2.097882124834472,-2.7992999999999997,0.38582856354734163,3.3220071896390406,0.55949,1.3492,-0.725911097606749,low,Sí
-1.3887,-4.8773,6.4774,0.34179,1,8.23347278759698,11.354700000000001,0.05276654213110198,3.5121336501764238,0.34179,4.8773,-4.06302115333977,medium,Sí
-3.7503,-13.4586,17.5932,-2.7771,1,22.636952858103495,31.0518,-0.15785076052111044,3.5886729061675067,2.7771,13.4586,1.3504375067516474,high,Sí
-3.5637,-8.3827,12.393,-1.2823,1,15.43374093569022,20.7757,-0.10346970063745663,2.3522462609086063,1.2823,8.3827,2.7791468455119706,high,Sí
-2.5419,-0.65804,2.6842,1.1952,1,3.9405208959730187,3.3422400000000003,0.44527233440131136,0.2588772178291829,1.1952,0.65804,-2.1267570281124497,medium,Sí
